Protocollo;Gruppo;DataOraIncidente;Localizzazione1;STRADA1;Localizzazione2;STRADA2;Strada02;Chilometrica;DaSpecificare;NaturaIncidente;particolaritastrade;TipoStrada;FondoStradale;Pavimentazione;Segnaletica;CondizioneAtmosferica;Traffico;Visibilita;Illuminazione;NUM_FERITI;NUM_RISERVATA;NUM_MORTI;NUM_ILLESI;Longitudine;Latitudine;Confermato;Progressivo;TipoVeicolo;StatoVeicolo;Marca;Modello;TipoPersona;AnnoNascita;Sesso;Tipolesione;Deceduto;DecedutoDopo;CinturaCascoUtilizzato;Airbag;
3576606;16;06/12/2017 10:30:00;;VIA FEDERICO OZANAM;in prossimità;;del civico n.;42;;Scontro laterale fra veicoli in marcia;;;;;;;;;;0;0;0;2;;;0;1;Autovettura privata;In marcia / fermata / arresto;Smart ;Fortwo Coupe;Conducente;0;M;Illeso;0;;;
3576606;16;06/12/2017 10:30:00;;VIA FEDERICO OZANAM;in prossimità;;del civico n.;42;;Scontro laterale fra veicoli in marcia;;;;;;;;;;0;0;0;2;;;0;2;Autovettura privata;In marcia / fermata / arresto;Renault;Megane;Conducente;0;M;Illeso;0;;;
3576632;16;06/12/2017 21:20:00;;VIA DI BRAVETTA;all'intersezione con;VIA DEI BAGLIONI;VIA DEI BAGLIONI;;;Scontro frontale/laterale DX fra veicoli in marcia;;;;;;;;;;0;0;0;2;;;0;1;Autovettura privata;In marcia / fermata / arresto;Fiat;Panda;Conducente;0;M;Illeso;0;;;
3576632;16;06/12/2017 21:20:00;;VIA DI BRAVETTA;all'intersezione con;VIA DEI BAGLIONI;VIA DEI BAGLIONI;;;Scontro frontale/laterale DX fra veicoli in marcia;;;;;;;;;;0;0;0;2;;;0;2;Motociclo a solo;In marcia / fermata / arresto;keeway;(non accertato);Conducente;2000;M;Illeso;0;;Non accertato;
3578941;10;01/12/2017 00:30:00;Strada Urbana;PIAZZA QUINTO CURZIO;all'intersezione con;VIA STATILIO OTTATO;VIA STATILIO OTTATO;;;Scontro frontale/laterale DX fra veicoli in marcia;Incrocio;Una carreggiata a senso unico di marcia;Asciutto;Asfaltata;Verticale ed orizzontale;Sereno;Scarso;Buona;Sufficiente;0;0;0;6;12,56823;41,85632;0;1;Autovettura privata;In marcia / fermata / arresto;Audi;A 6 Avant;Conducente;1989;F;Illeso;0;;Non accertato;Inesploso
3578941;10;01/12/2017 00:30:00;Strada Urbana;PIAZZA QUINTO CURZIO;all'intersezione con;VIA STATILIO OTTATO;VIA STATILIO OTTATO;;;Scontro frontale/laterale DX fra veicoli in marcia;Incrocio;Una carreggiata a senso unico di marcia;Asciutto;Asfaltata;Verticale ed orizzontale;Sereno;Scarso;Buona;Sufficiente;0;0;0;6;12,56823;41,85632;0;1;Autovettura privata;In marcia / fermata / arresto;Audi;A 6 Avant;Passeggero;1992;F;Illeso;0;;Non accertato;Inesploso
3578941;10;01/12/2017 00:30:00;Strada Urbana;PIAZZA QUINTO CURZIO;all'intersezione con;VIA STATILIO OTTATO;VIA STATILIO OTTATO;;;Scontro frontale/laterale DX fra veicoli in marcia;Incrocio;Una carreggiata a senso unico di marcia;Asciutto;Asfaltata;Verticale ed orizzontale;Sereno;Scarso;Buona;Sufficiente;0;0;0;6;12,56823;41,85632;0;1;Autovettura privata;In marcia / fermata / arresto;Audi;A 6 Avant;Passeggero;1995;M;Illeso;0;;Non accertato;Inesploso
3578941;10;01/12/2017 00:30:00;Strada Urbana;PIAZZA QUINTO CURZIO;all'intersezione con;VIA STATILIO OTTATO;VIA STATILIO OTTATO;;;Scontro frontale/laterale DX fra veicoli in marcia;Incrocio;Una carreggiata a senso unico di marcia;Asciutto;Asfaltata;Verticale ed orizzontale;Sereno;Scarso;Buona;Sufficiente;0;0;0;6;12,56823;41,85632;0;1;Autovettura privata;In marcia / fermata / arresto;Audi;A 6 Avant;Passeggero;1999;F;Illeso;0;;Non accertato;Inesploso
3578941;10;01/12/2017 00:30:00;Strada Urbana;PIAZZA QUINTO CURZIO;all'intersezione con;VIA STATILIO OTTATO;VIA STATILIO OTTATO;;;Scontro frontale/laterale DX fra veicoli in marcia;Incrocio;Una carreggiata a senso unico di marcia;Asciutto;Asfaltata;Verticale ed orizzontale;Sereno;Scarso;Buona;Sufficiente;0;0;0;6;12,56823;41,85632;0;2;Autovettura privata;In marcia / fermata / arresto;Ford;Focus;Conducente;1960;M;Illeso;0;;Non accertato;Inesploso
3578941;10;01/12/2017 00:30:00;Strada Urbana;PIAZZA QUINTO CURZIO;all'intersezione con;VIA STATILIO OTTATO;VIA STATILIO OTTATO;;;Scontro frontale/laterale DX fra veicoli in marcia;Incrocio;Una carreggiata a senso unico di marcia;Asciutto;Asfaltata;Verticale ed orizzontale;Sereno;Scarso;Buona;Sufficiente;0;0;0;6;12,56823;41,85632;0;2;Autovettura privata;In marcia / fermata / arresto;Ford;Focus;Passeggero;1966;M;Illeso;0;;Non accertato;Inesploso
3578953;10;01/12/2017 02:15:00;;VIA TUSCOLANA;in prossimità;;del civico n.;585;;Veicolo in marcia contro veicolo in sosta;;;;;;;;;;1;0;0;0;12,54835;41,86402;0;1;Autovettura privata;In marcia / fermata / arresto;Citroen;C 2;Conducente;1991;F;Rimandato;0;NON DECEDUTO;;
3579002;15;01/12/2017 08:15:00;Strada Urbana;VIA DELLA CASETTA MATTEI;in prossimità;;del civico n.;27;;Infortunio per caduta del veicolo;Rettilineo;Una carreggiata a doppio senso;Bagnato (umidità in atto);Asfaltata;Orizzontale;Nuvoloso;Normale;Buona;Ore Diurne;1;0;0;0;12,42304;41,85128;-1;1;Ciclomotore;In marcia / fermata / arresto;Piaggio;Liberty;Conducente;1998;M;Rimandato;0;NON DECEDUTO;Non accertato;
3579046;1;01/12/2017 05:10:00;Strada Urbana;CORSO D'ITALIA;da specificare;;;;diramazione POLICLINICO;Veicolo in marcia contro ostacolo fisso;Curva senza visuale libera;Una carreggiata a senso unico di marcia;Asciutto;Asfaltata;Orizzontale;Sereno;Scarso;Buona;Sufficiente;0;0;0;1;;;0;1;Autovettura privata;In marcia / fermata / arresto;Smart ;-;Conducente;1994;M;Illeso;0;;;
3579187;18;01/12/2017 07:30:00;Strada Urbana;VIA DI TORRE ROSSA;in prossimità;;del civico n.;35;;Ribaltamento senza urto contro ostacolo fisso;Rettilineo;Una carreggiata a doppio senso;Bagnato (pioggia);Asfaltata;Verticale ed orizzontale;Nuvoloso;Intenso;Buona;Ore Diurne;1;0;0;0;12,42797;41,89308;-1;1;Motociclo a solo;In marcia / fermata / arresto;Honda;SH 150;Conducente;1979;M;Rimandato;0;NON DECEDUTO;Non accertato;
3579308;17;01/12/2017 10:45:00;Strada Urbana;VIA VIRGINIO ORSINI;all'intersezione con;VIA DEGLI SCIPIONI;VIA DEGLI SCIPIONI;;;Scontro laterale fra veicoli in marcia;Incrocio;Una carreggiata a senso unico di marcia;Asciutto;Asfaltata;Verticale ed orizzontale;Sereno;Normale;Buona;Ore Diurne;0;0;0;2;12,46912;41,91127;0;1;Autovettura privata;In marcia / fermata / arresto;Audi;Q 3;Conducente;1960;M;Illeso;0;;;
3579308;17;01/12/2017 10:45:00;Strada Urbana;VIA VIRGINIO ORSINI;all'intersezione con;VIA DEGLI SCIPIONI;VIA DEGLI SCIPIONI;;;Scontro laterale fra veicoli in marcia;Incrocio;Una carreggiata a senso unico di marcia;Asciutto;Asfaltata;Verticale ed orizzontale;Sereno;Normale;Buona;Ore Diurne;0;0;0;2;12,46912;41,91127;0;2;Autovettura privata;In marcia / fermata / arresto;Fiat;Panda;Conducente;1941;F;Illeso;0;;;
3579383;3;01/12/2017 02:05:00;;CIRCONVALLAZIONE NOMENTANA;in prossimità;;del civico n.;212;;Veicolo in marcia contro veicoli fermi;;;;;;;;;;0;0;0;1;;;0;1;Autovettura privata;In marcia / fermata / arresto;Opel;Corsa;Conducente;0;M;Illeso;0;;;
3579533;10;01/12/2017 13:20:00;Strada Urbana;VIA TUSCOLANA;in prossimità;;del civico n.;816;;Infortunio per caduta del veicolo;Rettilineo;Una carreggiata a senso unico di marcia;Asciutto;Asfaltata;Orizzontale;Sereno;Normale;Buona;Ore Diurne;1;0;0;2;12,54841;41,86367;-1;1;Motociclo a solo;In marcia / fermata / arresto;Honda;SH 300;Conducente;1959;M;Rifiuta cure immediate;0;NON DECEDUTO;Non accertato;
3579533;10;01/12/2017 13:20:00;Strada Urbana;VIA TUSCOLANA;in prossimità;;del civico n.;816;;Infortunio per caduta del veicolo;Rettilineo;Una carreggiata a senso unico di marcia;Asciutto;Asfaltata;Orizzontale;Sereno;Normale;Buona;Ore Diurne;1;0;0;2;12,54841;41,86367;-1;2;Autovettura privata;In marcia / fermata / arresto;Ford;Focus;Conducente;1951;M;Illeso;0;;Non accertato;Inesploso
3579533;10;01/12/2017 13:20:00;Strada Urbana;VIA TUSCOLANA;in prossimità;;del civico n.;816;;Infortunio per caduta del veicolo;Rettilineo;Una carreggiata a senso unico di marcia;Asciutto;Asfaltata;Orizzontale;Sereno;Normale;Buona;Ore Diurne;1;0;0;2;12,54841;41,86367;-1;2;Autovettura privata;In marcia / fermata / arresto;Ford;Focus;Passeggero;1949;F;Illeso;0;;Non accertato;Inesploso
3579668;18;01/12/2017 09:20:00;Strada Urbana;VIA S. SECONDA;in prossimità;;del civico n.;16A;;Scontro frontale/laterale DX fra veicoli in marcia;Rettilineo;Una carreggiata a doppio senso;Bagnato (pioggia);Asfaltata;Verticale ed orizzontale;Sereno;Normale;Buona;Ore Diurne;0;0;0;2;12,36779;41,91755;0;1;Autovettura privata;In marcia / fermata / arresto;Peugeot;107;Conducente;1976;F;Illeso;0;;;
3579668;18;01/12/2017 09:20:00;Strada Urbana;VIA S. SECONDA;in prossimità;;del civico n.;16A;;Scontro frontale/laterale DX fra veicoli in marcia;Rettilineo;Una carreggiata a doppio senso;Bagnato (pioggia);Asfaltata;Verticale ed orizzontale;Sereno;Normale;Buona;Ore Diurne;0;0;0;2;12,36779;41,91755;0;2;Autovettura privata;In marcia / fermata / arresto;Volkswagen;Golf;Conducente;1983;M;Illeso;0;;;
3579703;19;01/12/2017 06:50:00;Strada Urbana;VIA DELL'ACQUEDOTTO DEL PESCHIERA;da specificare;;;;alt. Via Acquedotto Paolo;Scontro laterale fra veicoli in marcia;Rettilineo;Una carreggiata a senso unico di marcia;Bagnato (pioggia);Asfaltata;Verticale ed orizzontale;Nuvoloso;Normale;Buona;Ore Diurne;1;0;0;1;12,42453;41,93807;-1;1;Autovettura privata;In marcia / fermata / arresto;Opel;Corsa;Conducente;1941;M;Illeso;0;;Non accertato;
3579703;19;01/12/2017 06:50:00;Strada Urbana;VIA DELL'ACQUEDOTTO DEL PESCHIERA;da specificare;;;;alt. Via Acquedotto Paolo;Scontro laterale fra veicoli in marcia;Rettilineo;Una carreggiata a senso unico di marcia;Bagnato (pioggia);Asfaltata;Verticale ed orizzontale;Nuvoloso;Normale;Buona;Ore Diurne;1;0;0;1;12,42453;41,93807;-1;2;Motociclo a solo;In marcia / fermata / arresto;Triumph;Daytona;Conducente;1978;M;Rifiuta cure immediate;0;NON DECEDUTO;Non accertato;
3579735;9;01/12/2017 08:40:00;;VIA ETRURIA;in corrispondenza;;del civico n.;44;;Veicolo in marcia contro veicolo in sosta;;;;;;;;;;0;0;0;2;;;0;1;Autovettura privata;In marcia / fermata / arresto;Toyota;Auris;Conducente;1972;M;Illeso;0;;;
3579735;9;01/12/2017 08:40:00;;VIA ETRURIA;in corrispondenza;;del civico n.;44;;Veicolo in marcia contro veicolo in sosta;;;;;;;;;;0;0;0;2;;;0;2;Autovettura privata;In marcia / fermata / arresto;Renault;Clio;Conducente;1966;M;Illeso;0;;;
3579759;9;01/12/2017 09:45:00;;VIA GALLIA;all'intersezione con;VIA METAPONTO;VIA METAPONTO;;;Scontro frontale/laterale DX fra veicoli in marcia;;;;;;;;;;1;0;0;2;;;0;1;Autovettura privata;In marcia / fermata / arresto;Fiat;Panda;Conducente;1943;M;Illeso;0;;;
3579759;9;01/12/2017 09:45:00;;VIA GALLIA;all'intersezione con;VIA METAPONTO;VIA METAPONTO;;;Scontro frontale/laterale DX fra veicoli in marcia;;;;;;;;;;1;0;0;2;;;0;1;Autovettura privata;In marcia / fermata / arresto;Fiat;Panda;Passeggero;0;F;Illeso;0;;;
3579759;9;01/12/2017 09:45:00;;VIA GALLIA;all'intersezione con;VIA METAPONTO;VIA METAPONTO;;;Scontro frontale/laterale DX fra veicoli in marcia;;;;;;;;;;1;0;0;2;;;0;2;Motociclo a solo;In marcia / fermata / arresto;MBK;yamaha;Conducente;1988;M;Rimandato;0;NON DECEDUTO;;
3579778;17;01/12/2017 13:10:00;Strada Urbana;VIALE DEI CAVALIERI DI VITTORIO VENETO;in prossimità;;del palo luce n.;20;;Scontro laterale fra veicoli in marcia;Curva a visuale libera;Due carreggiate;Bagnato (pioggia);Asfaltata;Verticale ed orizzontale;Pioggia in atto;Normale;Buona;Ore Diurne;2;0;0;1;12,45012;41,92065;0;1;Motociclo di polizia;In marcia / fermata / arresto;BMW;1200 RT;Conducente;0;M;Ricoverato;0;NON DECEDUTO;;
3579778;17;01/12/2017 13:10:00;Strada Urbana;VIALE DEI CAVALIERI DI VITTORIO VENETO;in prossimità;;del palo luce n.;20;;Scontro laterale fra veicoli in marcia;Curva a visuale libera;Due carreggiate;Bagnato (pioggia);Asfaltata;Verticale ed orizzontale;Pioggia in atto;Normale;Buona;Ore Diurne;2;0;0;1;12,45012;41,92065;0;2;Motociclo con passeggero;In marcia / fermata / arresto;Piaggio;Liberty;Conducente;1969;M;Illeso;0;;;
3579778;17;01/12/2017 13:10:00;Strada Urbana;VIALE DEI CAVALIERI DI VITTORIO VENETO;in prossimità;;del palo luce n.;20;;Scontro laterale fra veicoli in marcia;Curva a visuale libera;Due carreggiate;Bagnato (pioggia);Asfaltata;Verticale ed orizzontale;Pioggia in atto;Normale;Buona;Ore Diurne;2;0;0;1;12,45012;41,92065;0;2;Motociclo con passeggero;In marcia / fermata / arresto;Piaggio;Liberty;Passeggero;2008;F;Rimandato;0;NON DECEDUTO;;
3579819;9;01/12/2017 11:10:00;;VIA TARANTO;all'intersezione semaforizzata con;VIA MONZA;VIA MONZA;;;Scontro frontale/laterale DX fra veicoli in marcia;;;;;;;;;;1;0;0;4;;;0;1;Autovettura privata;In marcia / fermata / arresto;Volkswagen;UP;Conducente;1953;M;Illeso;0;;;
3579819;9;01/12/2017 11:10:00;;VIA TARANTO;all'intersezione semaforizzata con;VIA MONZA;VIA MONZA;;;Scontro frontale/laterale DX fra veicoli in marcia;;;;;;;;;;1;0;0;4;;;0;1;Autovettura privata;In marcia / fermata / arresto;Volkswagen;UP;Passeggero;1947;M;Illeso;0;;;
3579819;9;01/12/2017 11:10:00;;VIA TARANTO;all'intersezione semaforizzata con;VIA MONZA;VIA MONZA;;;Scontro frontale/laterale DX fra veicoli in marcia;;;;;;;;;;1;0;0;4;;;0;1;Autovettura privata;In marcia / fermata / arresto;Volkswagen;UP;Passeggero;1958;M;Illeso;0;;;
3579819;9;01/12/2017 11:10:00;;VIA TARANTO;all'intersezione semaforizzata con;VIA MONZA;VIA MONZA;;;Scontro frontale/laterale DX fra veicoli in marcia;;;;;;;;;;1;0;0;4;;;0;1;Autovettura privata;In marcia / fermata / arresto;Volkswagen;UP;Passeggero;1961;F;Illeso;0;;;
3579819;9;01/12/2017 11:10:00;;VIA TARANTO;all'intersezione semaforizzata con;VIA MONZA;VIA MONZA;;;Scontro frontale/laterale DX fra veicoli in marcia;;;;;;;;;;1;0;0;4;;;0;2;Motociclo a solo;In marcia / fermata / arresto;Honda;SH 150;Conducente;1959;M;Ricoverato;0;NON DECEDUTO;;
3579837;10;01/12/2017 16:10:00;Strada Urbana;VIA ANAGNINA;da specificare;;;;dir. Roma 100 mt. prima ingresso G.R.A.;Tamponamento;Rettilineo;Una carreggiata a senso unico di marcia;Asciutto;Asfaltata;Orizzontale;Sereno;Scarso;Buona;Ore Diurne;0;0;0;2;12,61153;41,81994;-1;1;Autovettura privata;In marcia / fermata / arresto;Renault;Megane Scenic;Conducente;1993;M;Illeso;0;;Non accertato;Inesploso
3579837;10;01/12/2017 16:10:00;Strada Urbana;VIA ANAGNINA;da specificare;;;;dir. Roma 100 mt. prima ingresso G.R.A.;Tamponamento;Rettilineo;Una carreggiata a senso unico di marcia;Asciutto;Asfaltata;Orizzontale;Sereno;Scarso;Buona;Ore Diurne;0;0;0;2;12,61153;41,81994;-1;2;Autovettura privata;In marcia / fermata / arresto;Toyota;IQ;Conducente;1955;M;Illeso;0;;Non accertato;Inesploso
3579839;9;01/12/2017 12:00:00;;VIA APPIA NUOVA;da specificare;;;;PALO ACEA 168;Scontro laterale fra veicoli in marcia;;;;;;;;;;1;0;0;1;;;0;1;Motociclo a solo;In marcia / fermata / arresto;Honda;SH;Conducente;1966;M;Rimandato;0;NON DECEDUTO;Non accertato;
3579839;9;01/12/2017 12:00:00;;VIA APPIA NUOVA;da specificare;;;;PALO ACEA 168;Scontro laterale fra veicoli in marcia;;;;;;;;;;1;0;0;1;;;0;2;Motociclo a solo;In marcia / fermata / arresto;Piaggio;Vespa;Conducente;1996;M;Illeso;0;;;
3579910;12;01/12/2017 12:00:00;Strada Urbana;VIALE CESARE PAVESE;da specificare;;;;pross. alberatura n.1;Veicolo in marcia contro ostacolo accidentale;Rettilineo;Due carreggiate;Asciutto;Strada pavimentata dissestata;Verticale ed orizzontale;Sereno;Normale;Buona;Ore Diurne;0;0;0;1;12,46786;41,81839;-1;1;Autocarro inferiore 35 q.;In marcia / fermata / arresto;Fiat;Ducato;Conducente;1987;M;Illeso;0;;Non accertato;Inesploso
3579916;7;01/12/2017 10:15:00;Strada Urbana;VIA CARLO FADDA;all'intersezione con;VIALE PALMIRO TOGLIATTI;VIALE PALMIRO TOGLIATTI;;;Scontro frontale/laterale SX fra veicoli in marcia;Incrocio;Una carreggiata a doppio senso;Asciutto;Asfaltata;Verticale ed orizzontale;Sereno;Normale;Buona;Ore Diurne;1;0;0;1;;;0;1;Autovettura privata;In marcia / fermata / arresto;Ford;Focus;Conducente;1967;F;Illeso;0;;;
3579916;7;01/12/2017 10:15:00;Strada Urbana;VIA CARLO FADDA;all'intersezione con;VIALE PALMIRO TOGLIATTI;VIALE PALMIRO TOGLIATTI;;;Scontro frontale/laterale SX fra veicoli in marcia;Incrocio;Una carreggiata a doppio senso;Asciutto;Asfaltata;Verticale ed orizzontale;Sereno;Normale;Buona;Ore Diurne;1;0;0;1;;;0;2;Velocipede;In marcia / fermata / arresto;Liberati;(ignoto);Conducente;1946;M;Rimandato;0;NON DECEDUTO;Esente;
3579937;12;01/12/2017 12:00:00;Strada Urbana;VIA CRISTOFORO COLOMBO;in prossimità;;del civico n.;708;;Scontro laterale fra veicoli in marcia;Rettilineo;Due carreggiate;Asciutto;Asfaltata;Verticale ed orizzontale;Sereno;Normale;Buona;Ore Diurne;0;0;0;3;12,47197;41,83635;-1;1;Autovettura privata;In marcia / fermata / arresto;Renault;Twingo;Conducente;1989;F;Illeso;0;;Non accertato;Inesploso
3579937;12;01/12/2017 12:00:00;Strada Urbana;VIA CRISTOFORO COLOMBO;in prossimità;;del civico n.;708;;Scontro laterale fra veicoli in marcia;Rettilineo;Due carreggiate;Asciutto;Asfaltata;Verticale ed orizzontale;Sereno;Normale;Buona;Ore Diurne;0;0;0;3;12,47197;41,83635;-1;2;Autovettura privata;In marcia / fermata / arresto;Opel;Meriva;Conducente;1967;F;Illeso;0;;Non accertato;Inesploso
3579937;12;01/12/2017 12:00:00;Strada Urbana;VIA CRISTOFORO COLOMBO;in prossimità;;del civico n.;708;;Scontro laterale fra veicoli in marcia;Rettilineo;Due carreggiate;Asciutto;Asfaltata;Verticale ed orizzontale;Sereno;Normale;Buona;Ore Diurne;0;0;0;3;12,47197;41,83635;-1;2;Autovettura privata;In marcia / fermata / arresto;Opel;Meriva;Passeggero;2009;F;Illeso;0;;Non accertato;Inesistente
3579977;18;01/12/2017 15:40:00;Strada Urbana;VIA GIOVANNI SENZATERRA;da specificare;;;;in prossimità di Via Gaetano Mazzoni;Tamponamento;Rettilineo;Una carreggiata a senso unico di marcia;Asciutto;Asfaltata;Verticale ed orizzontale;Sereno;Normale;Buona;Ore Diurne;0;0;0;3;12,39463;41,90874;-1;1;Autovettura privata;In marcia / fermata / arresto;Fiat;500;Conducente;1972;M;Illeso;0;;Esente;Inesistente
3579977;18;01/12/2017 15:40:00;Strada Urbana;VIA GIOVANNI SENZATERRA;da specificare;;;;in prossimità di Via Gaetano Mazzoni;Tamponamento;Rettilineo;Una carreggiata a senso unico di marcia;Asciutto;Asfaltata;Verticale ed orizzontale;Sereno;Normale;Buona;Ore Diurne;0;0;0;3;12,39463;41,90874;-1;2;Autovettura privata;In marcia / fermata / arresto;Fiat;500;Conducente;1992;M;Illeso;0;;Non accertato;Inesploso
3579977;18;01/12/2017 15:40:00;Strada Urbana;VIA GIOVANNI SENZATERRA;da specificare;;;;in prossimità di Via Gaetano Mazzoni;Tamponamento;Rettilineo;Una carreggiata a senso unico di marcia;Asciutto;Asfaltata;Verticale ed orizzontale;Sereno;Normale;Buona;Ore Diurne;0;0;0;3;12,39463;41,90874;-1;2;Autovettura privata;In marcia / fermata / arresto;Fiat;500;Passeggero;1991;F;Illeso;0;;Non accertato;Inesploso
3580084;6;01/12/2017 17:40:00;Strada Urbana;VIA TOR DE' SCHIAVI;all'intersezione semaforizzata con;VIA FEDERICO DELPINO;VIA FEDERICO DELPINO;;;Scontro laterale fra veicoli in marcia;Intersezione semaforizzata;Due carreggiate;Asciutto;Asfaltata;Verticale ed orizzontale;Nuvoloso;Intenso;Sufficiente;Sufficiente;0;0;0;2;12,56067;41,89067;-1;1;Autovettura privata;In marcia / fermata / arresto;BMW;120 D;Conducente;1981;M;Illeso;0;;Non accertato;Inesploso
3580084;6;01/12/2017 17:40:00;Strada Urbana;VIA TOR DE' SCHIAVI;all'intersezione semaforizzata con;VIA FEDERICO DELPINO;VIA FEDERICO DELPINO;;;Scontro laterale fra veicoli in marcia;Intersezione semaforizzata;Due carreggiate;Asciutto;Asfaltata;Verticale ed orizzontale;Nuvoloso;Intenso;Sufficiente;Sufficiente;0;0;0;2;12,56067;41,89067;-1;2;Autovettura privata;In marcia / fermata / arresto;Mitsubishi;Space Star;Conducente;1957;M;Illeso;0;;Non accertato;Inesploso
3580087;20;01/12/2017 18:00:00;Regionale;VIA CASSIA;da specificare;;;;250 metri prima svincolo per Viterbo;Tamponamento Multiplo;Rettilineo;Una carreggiata a senso unico di marcia;Asciutto;Asfaltata;Verticale ed orizzontale;Sereno;Intenso;Sufficiente;Sufficiente;0;0;0;3;12,37615;42,05281;-1;1;Autovettura privata;In marcia / fermata / arresto;Renault;Megane;Conducente;1955;M;Illeso;0;;Non accertato;Inesploso
3580087;20;01/12/2017 18:00:00;Regionale;VIA CASSIA;da specificare;;;;250 metri prima svincolo per Viterbo;Tamponamento Multiplo;Rettilineo;Una carreggiata a senso unico di marcia;Asciutto;Asfaltata;Verticale ed orizzontale;Sereno;Intenso;Sufficiente;Sufficiente;0;0;0;3;12,37615;42,05281;-1;2;Autocarro inferiore 35 q.;In marcia / fermata / arresto;Ford;Transit;Conducente;1949;M;Illeso;0;;Non accertato;Inesistente
3580087;20;01/12/2017 18:00:00;Regionale;VIA CASSIA;da specificare;;;;250 metri prima svincolo per Viterbo;Tamponamento Multiplo;Rettilineo;Una carreggiata a senso unico di marcia;Asciutto;Asfaltata;Verticale ed orizzontale;Sereno;Intenso;Sufficiente;Sufficiente;0;0;0;3;12,37615;42,05281;-1;3;Autovettura privata;In marcia / fermata / arresto;Ford;Fiesta;Conducente;1979;M;Illeso;0;;Non accertato;Esploso
3580145;6;01/12/2017 18:20:00;Strada Urbana;VIA DI ACQUA BULLICANTE;in prossimità;;del civico n.;199;;Investimento di pedone;Rettilineo;Una carreggiata a doppio senso;Asciutto;Asfaltata;Orizzontale;Sereno;Normale;Sufficiente;Sufficiente;1;0;0;1;12,54345;41,88528;-1;;;;;;Pedone;1973;M;Rimandato;0;NON DECEDUTO;;
3580145;6;01/12/2017 18:20:00;Strada Urbana;VIA DI ACQUA BULLICANTE;in prossimità;;del civico n.;199;;Investimento di pedone;Rettilineo;Una carreggiata a doppio senso;Asciutto;Asfaltata;Orizzontale;Sereno;Normale;Sufficiente;Sufficiente;1;0;0;1;12,54345;41,88528;-1;1;Autovettura privata;In marcia / fermata / arresto;Mercedes;Smart For Two;Conducente;1973;F;Illeso;0;;;
3580162;6;01/12/2017 18:10:00;Strada Urbana;PIAZZA PIO PECCHIAI;all'intersezione con;VIA FRANCESCO FERRAIRONI;VIA FRANCESCO FERRAIRONI;;;Scontro laterale fra veicoli in marcia;Incrocio;Una carreggiata a senso unico di marcia;Asciutto;Asfaltata;Assente;Sereno;Scarso;Sufficiente;Sufficiente;0;0;0;3;12,55688;41,88301;-1;1;Autovettura privata;In marcia / fermata / arresto;Hyundai;Atos;Conducente;1960;M;Illeso;0;;;
3580162;6;01/12/2017 18:10:00;Strada Urbana;PIAZZA PIO PECCHIAI;all'intersezione con;VIA FRANCESCO FERRAIRONI;VIA FRANCESCO FERRAIRONI;;;Scontro laterale fra veicoli in marcia;Incrocio;Una carreggiata a senso unico di marcia;Asciutto;Asfaltata;Assente;Sereno;Scarso;Sufficiente;Sufficiente;0;0;0;3;12,55688;41,88301;-1;2;Autovettura privata;In marcia / fermata / arresto;Ford;C Max;Conducente;1972;M;Illeso;0;;;
3580162;6;01/12/2017 18:10:00;Strada Urbana;PIAZZA PIO PECCHIAI;all'intersezione con;VIA FRANCESCO FERRAIRONI;VIA FRANCESCO FERRAIRONI;;;Scontro laterale fra veicoli in marcia;Incrocio;Una carreggiata a senso unico di marcia;Asciutto;Asfaltata;Assente;Sereno;Scarso;Sufficiente;Sufficiente;0;0;0;3;12,55688;41,88301;-1;2;Autovettura privata;In marcia / fermata / arresto;Ford;C Max;Passeggero;2003;F;Illeso;0;;;Inesploso
3580557;8;01/12/2017 09:15:00;Strada Urbana;VIA DI PASSOLOMBARDO;da specificare;;;;fronte civico 385;Scontro frontale/laterale SX fra veicoli in marcia;Rettilineo;Una carreggiata a doppio senso;Asciutto;Asfaltata;Verticale ed orizzontale;Sereno;Normale;Buona;Ore Diurne;2;0;0;1;12,63495;41,83594;0;1;Autovettura privata;In marcia / fermata / arresto;Peugeot; 2008;Conducente;1995;F;Rimandato;0;NON DECEDUTO;Non accertato;Inesploso
3580557;8;01/12/2017 09:15:00;Strada Urbana;VIA DI PASSOLOMBARDO;da specificare;;;;fronte civico 385;Scontro frontale/laterale SX fra veicoli in marcia;Rettilineo;Una carreggiata a doppio senso;Asciutto;Asfaltata;Verticale ed orizzontale;Sereno;Normale;Buona;Ore Diurne;2;0;0;1;12,63495;41,83594;0;1;Autovettura privata;In marcia / fermata / arresto;Peugeot; 2008;Passeggero;1986;F;Illeso;0;;Non accertato;Inesploso
3580557;8;01/12/2017 09:15:00;Strada Urbana;VIA DI PASSOLOMBARDO;da specificare;;;;fronte civico 385;Scontro frontale/laterale SX fra veicoli in marcia;Rettilineo;Una carreggiata a doppio senso;Asciutto;Asfaltata;Verticale ed orizzontale;Sereno;Normale;Buona;Ore Diurne;2;0;0;1;12,63495;41,83594;0;2;Autovettura privata;In marcia / fermata / arresto;Mini;One;Conducente;1995;M;Rimandato;0;NON DECEDUTO;Non accertato;Esploso