Protocollo;Gruppo;DataOraIncidente;Localizzazione1;STRADA1;Localizzazione2;STRADA2;Strada02;Chilometrica;DaSpecificare;NaturaIncidente;particolaritastrade;TipoStrada;FondoStradale;Pavimentazione;Segnaletica;CondizioneAtmosferica;Traffico;Visibilita;Illuminazione;NUM_FERITI;NUM_RISERVATA;NUM_MORTI;NUM_ILLESI;Longitudine;Latitudine;Confermato;Progressivo;TipoVeicolo;StatoVeicolo;Marca;Modello;TipoPersona;AnnoNascita;Sesso;Tipolesione;Deceduto;DecedutoDopo;CinturaCascoUtilizzato;Airbag;
3582785;15;03/12/2017 16:00:00;Strada Urbana;VIA CARDE';in corrispondenza;;del civico n.;83;;Scontro laterale fra veicoli in marcia;Rettilineo;Una carreggiata a doppio senso;Asciutto;Asfaltata;Assente;Nuvoloso;Scarso;Buona;Ore Diurne;0;0;0;4;12,3065;41,81448;-1;2;Autovettura privata;In marcia / fermata / arresto;Fiat;Punto;Passeggero;2010;M;Illeso;0;;;
3582786;6;02/12/2017 14:10:00;Strada Urbana;VIA COLLATINA;all'intersezione con;VIA DI GROTTA DI GREGNA;VIA DI GROTTA DI GREGNA;;;Scontro frontale/laterale DX fra veicoli in marcia;Intersezione stradale segnalata;Una carreggiata a doppio senso;Asciutto;Asfaltata;Verticale;Sereno;Scarso;Buona;Ore Diurne;0;0;0;2;12,56743;41,90083;-1;1;Autovettura privata;In marcia / fermata / arresto;BMW;AG390L;Conducente;1974;F;Illeso;0;;;
3582786;6;02/12/2017 14:10:00;Strada Urbana;VIA COLLATINA;all'intersezione con;VIA DI GROTTA DI GREGNA;VIA DI GROTTA DI GREGNA;;;Scontro frontale/laterale DX fra veicoli in marcia;Intersezione stradale segnalata;Una carreggiata a doppio senso;Asciutto;Asfaltata;Verticale;Sereno;Scarso;Buona;Ore Diurne;0;0;0;2;12,56743;41,90083;-1;2;Autovettura privata;In marcia / fermata / arresto;Audi;A 5;Conducente;1993;M;Illeso;0;;;
3582788;13;03/12/2017 11:50:00;;LUNGOMARE DUILIO;da specificare;;;;attraversamento pedonale di via dei Timoni;Tamponamento;;;;;;;;;;0;0;0;3;;;0;1;Autovettura privata;In marcia / fermata / arresto;Nissan;Leaf;Conducente;1969;M;Illeso;0;;Non accertato;Inesploso
3582788;13;03/12/2017 11:50:00;;LUNGOMARE DUILIO;da specificare;;;;attraversamento pedonale di via dei Timoni;Tamponamento;;;;;;;;;;0;0;0;3;;;0;1;Autovettura privata;In marcia / fermata / arresto;Nissan;Leaf;Passeggero;1968;F;Illeso;0;;Non accertato;
3582788;13;03/12/2017 11:50:00;;LUNGOMARE DUILIO;da specificare;;;;attraversamento pedonale di via dei Timoni;Tamponamento;;;;;;;;;;0;0;0;3;;;0;2;Autovettura privata;In marcia / fermata / arresto;Daihatsu;SIRION;Conducente;1956;M;Illeso;0;;Non accertato;Inesploso
3582789;5;01/12/2017 06:00:00;;VIA TIBURTINA;da specificare;;;;fronte civico 1496;Fuoriuscita dalla sede stradale;;;;;;;;;;1;0;0;0;12,63445;41,94051;0;1;Autovettura privata;In marcia / fermata / arresto;Fiat;500;Passeggero;0;M;Rimandato;0;NON DECEDUTO;;
3582790;18;01/12/2017 14:00:00;Statale;VIA AURELIA;da specificare;;;;prossimità Km. 15+000;Tamponamento;Rettilineo;Due carreggiate;Asciutto;Asfaltata;Verticale ed orizzontale;Sereno;Normale;Buona;Ore Diurne;1;0;0;1;12,29376;41,89346;-1;1;Autovettura privata;In marcia / fermata / arresto;Honda;Jazz;Conducente;1988;F;Rifiuta cure immediate;0;NON DECEDUTO;Non accertato;Inesploso
3582790;18;01/12/2017 14:00:00;Statale;VIA AURELIA;da specificare;;;;prossimità Km. 15+000;Tamponamento;Rettilineo;Due carreggiate;Asciutto;Asfaltata;Verticale ed orizzontale;Sereno;Normale;Buona;Ore Diurne;1;0;0;1;12,29376;41,89346;-1;2;Autovettura privata;In marcia / fermata / arresto;Ford;(non accertato);Conducente;1995;M;Illeso;0;;Non accertato;Inesploso
3582804;11;02/12/2017 18:30:00;Strada Urbana;VIA GASPARE GOZZI;in corrispondenza;;del civico n.;91;;Scontro laterale fra veicoli in marcia;Rettilineo;Una carreggiata a senso unico di marcia;Asciutto;Asfaltata;Verticale ed orizzontale;Nuvoloso;Normale;Buona;Ore Diurne;0;0;0;2;12,47852;41,85475;-1;1;Autovettura privata;In marcia / fermata / arresto;Volkswagen;Polo;Conducente;1996;M;Illeso;0;;Non accertato;
3582804;11;02/12/2017 18:30:00;Strada Urbana;VIA GASPARE GOZZI;in corrispondenza;;del civico n.;91;;Scontro laterale fra veicoli in marcia;Rettilineo;Una carreggiata a senso unico di marcia;Asciutto;Asfaltata;Verticale ed orizzontale;Nuvoloso;Normale;Buona;Ore Diurne;0;0;0;2;12,47852;41,85475;-1;2;Autocarro inferiore 35 q.;In marcia / fermata / arresto;Nissan;Trade 100;Conducente;1969;M;Illeso;0;;Non accertato;
3582809;6;03/12/2017 12:00:00;Strada Urbana;VIALE GIOVANNI BATTISTA VALENTE;in prossimità;;del civico n.;73;;Veicolo in marcia contro veicolo fermo;Rettilineo;Una carreggiata a doppio senso;Asciutto;Asfaltata;Orizzontale;Sereno;Normale;Buona;Ore Diurne;0;0;0;5;12,56653;41,89719;-1;1;Autovettura privata;In marcia / fermata / arresto;Ford;FOCUS C-MAX;Conducente;1982;M;Illeso;0;;;
3582809;6;03/12/2017 12:00:00;Strada Urbana;VIALE GIOVANNI BATTISTA VALENTE;in prossimità;;del civico n.;73;;Veicolo in marcia contro veicolo fermo;Rettilineo;Una carreggiata a doppio senso;Asciutto;Asfaltata;Orizzontale;Sereno;Normale;Buona;Ore Diurne;0;0;0;5;12,56653;41,89719;-1;1;Autovettura privata;In marcia / fermata / arresto;Ford;FOCUS C-MAX;Passeggero;1972;F;Illeso;0;;;
3582809;6;03/12/2017 12:00:00;Strada Urbana;VIALE GIOVANNI BATTISTA VALENTE;in prossimità;;del civico n.;73;;Veicolo in marcia contro veicolo fermo;Rettilineo;Una carreggiata a doppio senso;Asciutto;Asfaltata;Orizzontale;Sereno;Normale;Buona;Ore Diurne;0;0;0;5;12,56653;41,89719;-1;1;Autovettura privata;In marcia / fermata / arresto;Ford;FOCUS C-MAX;Passeggero;1981;F;Illeso;0;;;
3582809;6;03/12/2017 12:00:00;Strada Urbana;VIALE GIOVANNI BATTISTA VALENTE;in prossimità;;del civico n.;73;;Veicolo in marcia contro veicolo fermo;Rettilineo;Una carreggiata a doppio senso;Asciutto;Asfaltata;Orizzontale;Sereno;Normale;Buona;Ore Diurne;0;0;0;5;12,56653;41,89719;-1;2;Autovettura privata;In marcia / fermata / arresto;Alfa Romeo;MITO;Conducente;1993;M;Illeso;0;;;
3582809;6;03/12/2017 12:00:00;Strada Urbana;VIALE GIOVANNI BATTISTA VALENTE;in prossimità;;del civico n.;73;;Veicolo in marcia contro veicolo fermo;Rettilineo;Una carreggiata a doppio senso;Asciutto;Asfaltata;Orizzontale;Sereno;Normale;Buona;Ore Diurne;0;0;0;5;12,56653;41,89719;-1;2;Autovettura privata;In marcia / fermata / arresto;Alfa Romeo;MITO;Passeggero;1994;M;Illeso;0;;;
3582820;20;03/12/2017 14:00:00;Strada Urbana;VIA DI BACCANELLO;in prossimità;;del civico n.;303;;Veicolo in marcia contro ostacolo accidentale;Rettilineo;Una carreggiata a doppio senso;Asciutto;Asfaltata;Assente;Sereno;Normale;Buona;Ore Diurne;0;0;0;1;12,34092;42,06693;-1;1;Autovettura privata;In marcia / fermata / arresto;Mazda;2;Conducente;1983;F;Illeso;0;;Non accertato;
3582821;5;01/12/2017 09:15:00;Strada Urbana;VIA CAMESENA;da specificare;;;;prossimità via Tiburtina;Tamponamento Multiplo;Rettilineo;Due carreggiate;Asciutto;Asfaltata;Verticale ed orizzontale;Sereno;Intenso;Buona;Ore Diurne;0;0;0;5;12,53428;41,9084;-1;1;Autovettura privata;In marcia / fermata / arresto;Fiat;Panda;Conducente;1974;M;Illeso;0;;Non accertato;Inesploso
3582821;5;01/12/2017 09:15:00;Strada Urbana;VIA CAMESENA;da specificare;;;;prossimità via Tiburtina;Tamponamento Multiplo;Rettilineo;Due carreggiate;Asciutto;Asfaltata;Verticale ed orizzontale;Sereno;Intenso;Buona;Ore Diurne;0;0;0;5;12,53428;41,9084;-1;2;Autovettura privata;In marcia / fermata / arresto;Toyota;Yaris;Conducente;1964;F;Illeso;0;;Non accertato;Inesploso
3582821;5;01/12/2017 09:15:00;Strada Urbana;VIA CAMESENA;da specificare;;;;prossimità via Tiburtina;Tamponamento Multiplo;Rettilineo;Due carreggiate;Asciutto;Asfaltata;Verticale ed orizzontale;Sereno;Intenso;Buona;Ore Diurne;0;0;0;5;12,53428;41,9084;-1;3;Autovettura privata;In marcia / fermata / arresto;Citroen;Xsara Picasso;Conducente;1972;F;Illeso;0;;Non accertato;Inesploso
3582821;5;01/12/2017 09:15:00;Strada Urbana;VIA CAMESENA;da specificare;;;;prossimità via Tiburtina;Tamponamento Multiplo;Rettilineo;Due carreggiate;Asciutto;Asfaltata;Verticale ed orizzontale;Sereno;Intenso;Buona;Ore Diurne;0;0;0;5;12,53428;41,9084;-1;3;Autovettura privata;In marcia / fermata / arresto;Citroen;Xsara Picasso;Passeggero;2004;F;Illeso;0;;Non accertato;Inesploso
3582821;5;01/12/2017 09:15:00;Strada Urbana;VIA CAMESENA;da specificare;;;;prossimità via Tiburtina;Tamponamento Multiplo;Rettilineo;Due carreggiate;Asciutto;Asfaltata;Verticale ed orizzontale;Sereno;Intenso;Buona;Ore Diurne;0;0;0;5;12,53428;41,9084;-1;3;Autovettura privata;In marcia / fermata / arresto;Citroen;Xsara Picasso;Passeggero;2006;M;Illeso;0;;Non accertato;Inesploso
3582822;6;03/12/2017 05:30:00;Provinciale entro l'abitato;VIA PRENESTINA;all'intersezione semaforizzata con;VIA DI PORTONACCIO;VIA DI PORTONACCIO;;;Scontro frontale/laterale SX fra veicoli in marcia;Intersezione semaforizzata;Due carreggiate;Bagnato (pioggia);Asfaltata;Verticale ed orizzontale;Nuvoloso;Scarso;Buona;Sufficiente;2;0;0;3;12,54175;41,89285;-1;1;Autovettura privata;In marcia / fermata / arresto;Fiat;Punto;Conducente;1992;M;Rimandato;0;NON DECEDUTO;;
3582822;6;03/12/2017 05:30:00;Provinciale entro l'abitato;VIA PRENESTINA;all'intersezione semaforizzata con;VIA DI PORTONACCIO;VIA DI PORTONACCIO;;;Scontro frontale/laterale SX fra veicoli in marcia;Intersezione semaforizzata;Due carreggiate;Bagnato (pioggia);Asfaltata;Verticale ed orizzontale;Nuvoloso;Scarso;Buona;Sufficiente;2;0;0;3;12,54175;41,89285;-1;1;Autovettura privata;In marcia / fermata / arresto;Fiat;Punto;Passeggero;1992;M;Rimandato;0;NON DECEDUTO;;
3582822;6;03/12/2017 05:30:00;Provinciale entro l'abitato;VIA PRENESTINA;all'intersezione semaforizzata con;VIA DI PORTONACCIO;VIA DI PORTONACCIO;;;Scontro frontale/laterale SX fra veicoli in marcia;Intersezione semaforizzata;Due carreggiate;Bagnato (pioggia);Asfaltata;Verticale ed orizzontale;Nuvoloso;Scarso;Buona;Sufficiente;2;0;0;3;12,54175;41,89285;-1;2;Autovettura privata;In marcia / fermata / arresto;Citroen;C 1;Conducente;1991;F;Illeso;0;;;
3582822;6;03/12/2017 05:30:00;Provinciale entro l'abitato;VIA PRENESTINA;all'intersezione semaforizzata con;VIA DI PORTONACCIO;VIA DI PORTONACCIO;;;Scontro frontale/laterale SX fra veicoli in marcia;Intersezione semaforizzata;Due carreggiate;Bagnato (pioggia);Asfaltata;Verticale ed orizzontale;Nuvoloso;Scarso;Buona;Sufficiente;2;0;0;3;12,54175;41,89285;-1;2;Autovettura privata;In marcia / fermata / arresto;Citroen;C 1;Passeggero;0;M;Illeso;0;;;
3582822;6;03/12/2017 05:30:00;Provinciale entro l'abitato;VIA PRENESTINA;all'intersezione semaforizzata con;VIA DI PORTONACCIO;VIA DI PORTONACCIO;;;Scontro frontale/laterale SX fra veicoli in marcia;Intersezione semaforizzata;Due carreggiate;Bagnato (pioggia);Asfaltata;Verticale ed orizzontale;Nuvoloso;Scarso;Buona;Sufficiente;2;0;0;3;12,54175;41,89285;-1;2;Autovettura privata;In marcia / fermata / arresto;Citroen;C 1;Passeggero;1993;M;Illeso;0;;;
3582828;13;03/12/2017 15:05:00;Strada Urbana;VIALE DELLA MARINA;in prossimità;;del civico n.;53a;;Veicolo in marcia contro veicolo in sosta;Rettilineo;Due carreggiate;Asciutto;Asfaltata;Assente;Nuvoloso;Normale;Buona;Ore Diurne;0;0;0;2;12,27727;41,7306;-1;1;Autovettura privata;In marcia / fermata / arresto;Mercedes;Classe B;Conducente;1944;M;Illeso;0;;Non accertato;Inesploso
3582828;13;03/12/2017 15:05:00;Strada Urbana;VIALE DELLA MARINA;in prossimità;;del civico n.;53a;;Veicolo in marcia contro veicolo in sosta;Rettilineo;Due carreggiate;Asciutto;Asfaltata;Assente;Nuvoloso;Normale;Buona;Ore Diurne;0;0;0;2;12,27727;41,7306;-1;1;Autovettura privata;In marcia / fermata / arresto;Mercedes;Classe B;Passeggero;1949;F;Illeso;0;;;
3582829;20;03/12/2017 10:10:00;Strada Urbana;VIA DI VIGNA STELLUTI;in corrispondenza;;del civico n.;155;;Scontro frontale/laterale DX fra veicoli in marcia;Rettilineo;Una carreggiata a doppio senso;Asciutto;Asfaltata;Verticale ed orizzontale;Nuvoloso;Normale;Buona;Ore Diurne;0;0;0;3;12,46739;41,94742;-1;1;Autovettura privata;In marcia / fermata / arresto;nissan micra;(ignoto);Conducente;1994;M;Illeso;0;;Non accertato;Inesploso
3582829;20;03/12/2017 10:10:00;Strada Urbana;VIA DI VIGNA STELLUTI;in corrispondenza;;del civico n.;155;;Scontro frontale/laterale DX fra veicoli in marcia;Rettilineo;Una carreggiata a doppio senso;Asciutto;Asfaltata;Verticale ed orizzontale;Nuvoloso;Normale;Buona;Ore Diurne;0;0;0;3;12,46739;41,94742;-1;2;Autovettura privata;In marcia / fermata / arresto;Hyundai;Tucson;Conducente;1971;F;Illeso;0;;Non accertato;Inesploso
3582829;20;03/12/2017 10:10:00;Strada Urbana;VIA DI VIGNA STELLUTI;in corrispondenza;;del civico n.;155;;Scontro frontale/laterale DX fra veicoli in marcia;Rettilineo;Una carreggiata a doppio senso;Asciutto;Asfaltata;Verticale ed orizzontale;Nuvoloso;Normale;Buona;Ore Diurne;0;0;0;3;12,46739;41,94742;-1;2;Autovettura privata;In marcia / fermata / arresto;Hyundai;Tucson;Passeggero;1971;M;Illeso;0;;Non accertato;Inesploso
3582831;15;03/12/2017 14:30:00;Strada Urbana;VIA POGGIO VERDE;da specificare;;;;prossimità civ. 389;Veicolo in marcia contro veicolo in sosta;Rettilineo;Una carreggiata a doppio senso;Asciutto;Asfaltata;Assente;Nuvoloso;Scarso;Buona;Ore Diurne;0;0;0;1;12,41589;41,85338;-1;1;Autovettura privata;In marcia / fermata / arresto;Opel;ADAM;Conducente;1966;F;Illeso;0;;;
3582836;5;01/12/2017 11:30:00;Strada Urbana;VIA DEI MONTI TIBURTINI;da specificare;;;;altezza via Feronia;Tamponamento;Rettilineo;Due carreggiate;Asciutto;Asfaltata;Verticale ed orizzontale;Sereno;Normale;Buona;Ore Diurne;0;0;0;3;12,55227;41,91392;-1;1;Autovettura privata;In marcia / fermata / arresto;Volkswagen;Polo;Conducente;1973;M;Illeso;0;;Non accertato;Inesploso
3582836;5;01/12/2017 11:30:00;Strada Urbana;VIA DEI MONTI TIBURTINI;da specificare;;;;altezza via Feronia;Tamponamento;Rettilineo;Due carreggiate;Asciutto;Asfaltata;Verticale ed orizzontale;Sereno;Normale;Buona;Ore Diurne;0;0;0;3;12,55227;41,91392;-1;1;Autovettura privata;In marcia / fermata / arresto;Volkswagen;Polo;Passeggero;1974;M;Illeso;0;;Non accertato;Inesploso
3582836;5;01/12/2017 11:30:00;Strada Urbana;VIA DEI MONTI TIBURTINI;da specificare;;;;altezza via Feronia;Tamponamento;Rettilineo;Due carreggiate;Asciutto;Asfaltata;Verticale ed orizzontale;Sereno;Normale;Buona;Ore Diurne;0;0;0;3;12,55227;41,91392;-1;2;Autovettura privata;In marcia / fermata / arresto;Toyota;Yaris;Conducente;1950;M;Illeso;0;;Non accertato;Inesploso
3582837;20;03/12/2017 18:00:00;Strada Urbana;VIA ISCHIA DI CASTRO;all'intersezione con;VIA GERMANA STEFANINI;VIA GERMANA STEFANINI;;;Scontro laterale fra veicoli in marcia;Intersezione stradale segnalata;Una carreggiata a doppio senso;Asciutto;Asfaltata;Verticale ed orizzontale;Sereno;Scarso;Buona;Sufficiente;0;0;0;4;12,45036;41,96905;-1;1;Autovettura privata;In marcia / fermata / arresto;Opel;Corsa;Conducente;1943;M;Illeso;0;;;
3582837;20;03/12/2017 18:00:00;Strada Urbana;VIA ISCHIA DI CASTRO;all'intersezione con;VIA GERMANA STEFANINI;VIA GERMANA STEFANINI;;;Scontro laterale fra veicoli in marcia;Intersezione stradale segnalata;Una carreggiata a doppio senso;Asciutto;Asfaltata;Verticale ed orizzontale;Sereno;Scarso;Buona;Sufficiente;0;0;0;4;12,45036;41,96905;-1;2;Autovettura privata;In marcia / fermata / arresto;Peugeot;206;Conducente;1949;M;Illeso;0;;;
3582837;20;03/12/2017 18:00:00;Strada Urbana;VIA ISCHIA DI CASTRO;all'intersezione con;VIA GERMANA STEFANINI;VIA GERMANA STEFANINI;;;Scontro laterale fra veicoli in marcia;Intersezione stradale segnalata;Una carreggiata a doppio senso;Asciutto;Asfaltata;Verticale ed orizzontale;Sereno;Scarso;Buona;Sufficiente;0;0;0;4;12,45036;41,96905;-1;2;Autovettura privata;In marcia / fermata / arresto;Peugeot;206;Passeggero;1950;M;Illeso;0;;Non accertato;
3582837;20;03/12/2017 18:00:00;Strada Urbana;VIA ISCHIA DI CASTRO;all'intersezione con;VIA GERMANA STEFANINI;VIA GERMANA STEFANINI;;;Scontro laterale fra veicoli in marcia;Intersezione stradale segnalata;Una carreggiata a doppio senso;Asciutto;Asfaltata;Verticale ed orizzontale;Sereno;Scarso;Buona;Sufficiente;0;0;0;4;12,45036;41,96905;-1;2;Autovettura privata;In marcia / fermata / arresto;Peugeot;206;Passeggero;1965;M;Illeso;0;;Non accertato;
3582841;6;03/12/2017 21:40:00;Strada Urbana;VIALE DELLA PRIMAVERA;all'intersezione con;VIA OBERDAN PETRINI;VIA OBERDAN PETRINI;;;Scontro frontale/laterale SX fra veicoli in marcia;Incrocio;Due carreggiate;Asciutto;Asfaltata;Verticale ed orizzontale;Sereno;Scarso;Sufficiente;Sufficiente;1;0;0;1;12,55858;41,8779;-1;1;Autovettura privata;In marcia / fermata / arresto;Renault;Megane;Conducente;1949;M;Illeso;0;;;
3582841;6;03/12/2017 21:40:00;Strada Urbana;VIALE DELLA PRIMAVERA;all'intersezione con;VIA OBERDAN PETRINI;VIA OBERDAN PETRINI;;;Scontro frontale/laterale SX fra veicoli in marcia;Incrocio;Due carreggiate;Asciutto;Asfaltata;Verticale ed orizzontale;Sereno;Scarso;Sufficiente;Sufficiente;1;0;0;1;12,55858;41,8779;-1;2;Velocipede;In marcia / fermata / arresto;(ignoto);(non accertato);Conducente;1992;M;Rimandato;0;NON DECEDUTO;Esente;
3582848;20;03/12/2017 22:00:00;Regionale entro l'abitato;VIA FLAMINIA;in prossimità;;della chilometrica;21.4;;Veicolo in marcia contro ostacolo accidentale;Rettilineo;Una carreggiata a senso unico di marcia;Asciutto;Asfaltata;Verticale ed orizzontale;Sereno;Scarso;Insufficiente;Inesistente;0;0;0;1;12,48282;42,07432;-1;1;Autovettura privata;In marcia / fermata / arresto;Lancia;Ypsilon;Conducente;1983;M;Illeso;0;;Non accertato;Esploso
3582852;5;01/12/2017 16:34:00;Strada Urbana;VIA DI S. ALESSANDRO;in corrispondenza;;del civico n.;283;;Scontro laterale fra veicoli in marcia;Rettilineo;Una carreggiata a doppio senso;Asciutto;Asfaltata;Orizzontale;Sereno;Normale;Buona;Ore Diurne;0;0;0;1;12,58477;41,95786;-1;1;Autovettura privata;In marcia / fermata / arresto;Jeep;Renegade;Conducente;1966;M;Illeso;0;;Non accertato;Inesploso
3582856;11;03/12/2017 09:10:00;;VIA CRISTOFORO COLOMBO;all'intersezione semaforizzata con;VIA PADRE SEMERIA;VIA PADRE SEMERIA;;;Scontro frontale/laterale SX fra veicoli in marcia;;;;;;;;;;0;0;0;2;;;0;1;Autovettura privata;In marcia / fermata / arresto;Fiat;Panda;Conducente;1967;M;Illeso;0;;Non accertato;
3582856;11;03/12/2017 09:10:00;;VIA CRISTOFORO COLOMBO;all'intersezione semaforizzata con;VIA PADRE SEMERIA;VIA PADRE SEMERIA;;;Scontro frontale/laterale SX fra veicoli in marcia;;;;;;;;;;0;0;0;2;;;0;2;Autovettura privata;In marcia / fermata / arresto;Opel;AGILA;Conducente;1971;F;Illeso;0;;Non accertato;
3582859;18;01/12/2017 14:25:00;Strada Urbana;VIA DI BOCCEA;da specificare;;;;PROSSIMITA' VIA CORNELIA;Tamponamento;Rettilineo;Due carreggiate;Asciutto;Asfaltata;Orizzontale;Sereno;;Buona;Ore Diurne;1;0;0;1;12,38885;41,91343;0;1;Autovettura privata;In marcia / fermata / arresto;Dacia;Duster;Conducente;1969;M;Illeso;0;;Non accertato;Inesploso
3582859;18;01/12/2017 14:25:00;Strada Urbana;VIA DI BOCCEA;da specificare;;;;PROSSIMITA' VIA CORNELIA;Tamponamento;Rettilineo;Due carreggiate;Asciutto;Asfaltata;Orizzontale;Sereno;;Buona;Ore Diurne;1;0;0;1;12,38885;41,91343;0;2;Autovettura privata;In marcia / fermata / arresto;Chevrolet;Aveo;Conducente;1972;F;Rimandato;0;NON DECEDUTO;Non accertato;Inesploso
3582861;5;01/12/2017 19:45:00;Strada Urbana;NUOVA CIRCONVALLAZIONE INTERNA;da specificare;;;;prox. uscita Tiburtina (dir. S. Giovanni);Scontro laterale fra veicoli in marcia;Galleria illuminata;Una carreggiata a senso unico di marcia;Asciutto;Asfaltata;Verticale ed orizzontale;Sereno;Normale;Buona;Sufficiente;0;0;0;2;12,53362;41,90872;0;1;Autovettura privata;In marcia / fermata / arresto;Citroen;C 3;Conducente;1981;F;Illeso;0;;Non accertato;Inesploso
3582861;5;01/12/2017 19:45:00;Strada Urbana;NUOVA CIRCONVALLAZIONE INTERNA;da specificare;;;;prox. uscita Tiburtina (dir. S. Giovanni);Scontro laterale fra veicoli in marcia;Galleria illuminata;Una carreggiata a senso unico di marcia;Asciutto;Asfaltata;Verticale ed orizzontale;Sereno;Normale;Buona;Sufficiente;0;0;0;2;12,53362;41,90872;0;2;Motociclo a solo;In marcia / fermata / arresto;BMW;R 1200 R;Conducente;1962;M;Illeso;0;;Non accertato;
3582863;4;02/12/2017 06:50:00;Provinciale entro l'abitato;VIA NOMENTANA;da specificare;;;;Pross. Rampa GRA;Scontro frontale/laterale DX fra veicoli in marcia;Curva a visuale libera;Una carreggiata a doppio senso;Asciutto;Asfaltata;Verticale ed orizzontale;Sereno;Scarso;Sufficiente;Sufficiente;0;0;0;2;12,55901;41,9438;0;1;Autovettura privata;In marcia / fermata / arresto;Fiat;Punto;Conducente;1977;M;Illeso;0;;Non accertato;
3582863;4;02/12/2017 06:50:00;Provinciale entro l'abitato;VIA NOMENTANA;da specificare;;;;Pross. Rampa GRA;Scontro frontale/laterale DX fra veicoli in marcia;Curva a visuale libera;Una carreggiata a doppio senso;Asciutto;Asfaltata;Verticale ed orizzontale;Sereno;Scarso;Sufficiente;Sufficiente;0;0;0;2;12,55901;41,9438;0;2;Autovettura privata;In marcia / fermata / arresto;Citroen;C2;Conducente;1995;M;Illeso;0;;;
3582866;18;02/12/2017 11:00:00;;VIA DI CASALOTTI;in corrispondenza;;del civico n.;10;;Investimento di pedone;;;;;;;;;;1;0;0;0;;;0;;;;;;Pedone;1954;F;Rimandato;0;NON DECEDUTO;;
3582867;15;03/12/2017 09:15:00;Strada Urbana;VIA DEL TRULLO;all'intersezione con;VIA SARZANA;VIA SARZANA;;;Tamponamento;Intersezione non regolata/non segnalata;Due carreggiate;Asciutto;Asfaltata;Assente;Nuvoloso;Normale;Buona;Ore Diurne;0;0;0;3;12,43679;41,84304;-1;1;Autovettura privata;In marcia / fermata / arresto;Volkswagen;Polo;Conducente;1957;M;Illeso;0;;Non accertato;Inesploso
3582867;15;03/12/2017 09:15:00;Strada Urbana;VIA DEL TRULLO;all'intersezione con;VIA SARZANA;VIA SARZANA;;;Tamponamento;Intersezione non regolata/non segnalata;Due carreggiate;Asciutto;Asfaltata;Assente;Nuvoloso;Normale;Buona;Ore Diurne;0;0;0;3;12,43679;41,84304;-1;1;Autovettura privata;In marcia / fermata / arresto;Volkswagen;Polo;Passeggero;1956;F;Illeso;0;;Non accertato;Inesploso
3582867;15;03/12/2017 09:15:00;Strada Urbana;VIA DEL TRULLO;all'intersezione con;VIA SARZANA;VIA SARZANA;;;Tamponamento;Intersezione non regolata/non segnalata;Due carreggiate;Asciutto;Asfaltata;Assente;Nuvoloso;Normale;Buona;Ore Diurne;0;0;0;3;12,43679;41,84304;-1;2;Autovettura privata;In marcia / fermata / arresto;Toyota;Yaris;Conducente;1974;M;Illeso;0;;Non accertato;Inesploso
3582869;20;03/12/2017 13:15:00;Strada Urbana;VIA CASSIA;in prossimità;;del civico n.;1315;;Scontro frontale/laterale DX fra veicoli in marcia;Rettilineo;Una carreggiata a doppio senso;Bagnato (umidità in atto);Asfaltata;Verticale ed orizzontale;Nuvoloso;Normale;Buona;Ore Diurne;0;0;0;3;;;0;1;Autovettura privata;In marcia / fermata / arresto;Ford;KA;Conducente;1978;M;Illeso;0;;;
3582869;20;03/12/2017 13:15:00;Strada Urbana;VIA CASSIA;in prossimità;;del civico n.;1315;;Scontro frontale/laterale DX fra veicoli in marcia;Rettilineo;Una carreggiata a doppio senso;Bagnato (umidità in atto);Asfaltata;Verticale ed orizzontale;Nuvoloso;Normale;Buona;Ore Diurne;0;0;0;3;;;0;1;Autovettura privata;In marcia / fermata / arresto;Ford;KA;Passeggero;1956;F;Illeso;0;;Non accertato;
3582869;20;03/12/2017 13:15:00;Strada Urbana;VIA CASSIA;in prossimità;;del civico n.;1315;;Scontro frontale/laterale DX fra veicoli in marcia;Rettilineo;Una carreggiata a doppio senso;Bagnato (umidità in atto);Asfaltata;Verticale ed orizzontale;Nuvoloso;Normale;Buona;Ore Diurne;0;0;0;3;;;0;2;Autovettura privata;In marcia / fermata / arresto;Toyota;Yaris;Conducente;1976;M;Illeso;0;;;
3582873;13;03/12/2017 16:00:00;Strada Urbana;VIA PINDARO;in corrispondenza;;del civico n.;73;;Veicolo in marcia contro ostacolo accidentale;Rettilineo;Una carreggiata a doppio senso;Asciutto;Con buche;Orizzontale;Nuvoloso;Normale;Buona;Ore Diurne;0;0;0;1;12,36543;41,75794;-1;1;Autovettura privata;In marcia / fermata / arresto;Volvo;(ignoto);Conducente;1965;M;Illeso;0;;Non accertato;Inesploso
3582878;20;03/12/2017 09:30:00;Strada Urbana;VIALE DI TOR DI QUINTO;in corrispondenza;;del civico n.;155;;Scontro frontale/laterale SX fra veicoli in marcia;Rettilineo;Due carreggiate;Bagnato (umidità in atto);Asfaltata;Verticale ed orizzontale;Nuvoloso;Normale;Buona;Ore Diurne;0;0;0;1;;;0;1;Autovettura privata;In marcia / fermata / arresto;Fiat;Panda;Conducente;1946;M;Illeso;0;;Non accertato;Inesploso