Protocollo;Gruppo;DataOraIncidente;Localizzazione1;STRADA1;Localizzazione2;STRADA2;Strada02;Chilometrica;DaSpecificare;NaturaIncidente;particolaritastrade;TipoStrada;FondoStradale;Pavimentazione;Segnaletica;CondizioneAtmosferica;Traffico;Visibilita;Illuminazione;NUM_FERITI;NUM_RISERVATA;NUM_MORTI;NUM_ILLESI;Longitudine;Latitudine;Confermato;Progressivo;TipoVeicolo;StatoVeicolo;Marca;Modello;TipoPersona;AnnoNascita;Sesso;Tipolesione;Deceduto;DecedutoDopo;CinturaCascoUtilizzato;Airbag;
3582889;10;04/12/2017 06:40:00;Strada Urbana;VIALE S. GIOVANNI BOSCO;all'intersezione semaforizzata con;VIA CALPURNIO FIAMMA;VIA CALPURNIO FIAMMA;;;Scontro frontale/laterale DX fra veicoli in marcia;Intersezione semaforizzata;Più di due carreggiate;Asciutto;Asfaltata;Verticale ed orizzontale;Sereno;Scarso;Buona;Ore Diurne;3;0;0;1;;;0;1;Autocarro inferiore 35 q.;In marcia / fermata / arresto;Fiat;Iveco 35 - 8;Conducente;1979;M;Illeso;0;;Non accertato;Inesploso
3582889;10;04/12/2017 06:40:00;Strada Urbana;VIALE S. GIOVANNI BOSCO;all'intersezione semaforizzata con;VIA CALPURNIO FIAMMA;VIA CALPURNIO FIAMMA;;;Scontro frontale/laterale DX fra veicoli in marcia;Intersezione semaforizzata;Più di due carreggiate;Asciutto;Asfaltata;Verticale ed orizzontale;Sereno;Scarso;Buona;Ore Diurne;3;0;0;1;;;0;1;Autocarro inferiore 35 q.;In marcia / fermata / arresto;Fiat;Iveco 35 - 8;Passeggero;1983;M;Rimandato;0;NON DECEDUTO;Non accertato;Inesploso
3582889;10;04/12/2017 06:40:00;Strada Urbana;VIALE S. GIOVANNI BOSCO;all'intersezione semaforizzata con;VIA CALPURNIO FIAMMA;VIA CALPURNIO FIAMMA;;;Scontro frontale/laterale DX fra veicoli in marcia;Intersezione semaforizzata;Più di due carreggiate;Asciutto;Asfaltata;Verticale ed orizzontale;Sereno;Scarso;Buona;Ore Diurne;3;0;0;1;;;0;2;Autocarro inferiore 35 q.;In marcia / fermata / arresto;Fiat;Scudo;Conducente;1971;M;Rimandato;0;NON DECEDUTO;Non accertato;Inesploso
3582889;10;04/12/2017 06:40:00;Strada Urbana;VIALE S. GIOVANNI BOSCO;all'intersezione semaforizzata con;VIA CALPURNIO FIAMMA;VIA CALPURNIO FIAMMA;;;Scontro frontale/laterale DX fra veicoli in marcia;Intersezione semaforizzata;Più di due carreggiate;Asciutto;Asfaltata;Verticale ed orizzontale;Sereno;Scarso;Buona;Ore Diurne;3;0;0;1;;;0;2;Autocarro inferiore 35 q.;In marcia / fermata / arresto;Fiat;Scudo;Passeggero;1974;M;Rifiuta cure immediate;0;NON DECEDUTO;Non accertato;Inesploso
3582890;11;03/12/2017 14:00:00;Provinciale entro l'abitato;VIALE DEL TINTORETTO;in corrispondenza;;del civico n.;92;;Veicolo in marcia contro veicolo fermo;Rettilineo;Due carreggiate;Asciutto;Asfaltata;Verticale ed orizzontale;Sereno;Scarso;Buona;Ore Diurne;0;0;0;3;12,4844;41,83789;0;1;Autovettura privata;In marcia / fermata / arresto;Toyota;Rav 4;Conducente;1992;M;Illeso;0;;Non accertato;
3582890;11;03/12/2017 14:00:00;Provinciale entro l'abitato;VIALE DEL TINTORETTO;in corrispondenza;;del civico n.;92;;Veicolo in marcia contro veicolo fermo;Rettilineo;Due carreggiate;Asciutto;Asfaltata;Verticale ed orizzontale;Sereno;Scarso;Buona;Ore Diurne;0;0;0;3;12,4844;41,83789;0;1;Autovettura privata;In marcia / fermata / arresto;Toyota;Rav 4;Passeggero;1959;M;Illeso;0;;;
3582890;11;03/12/2017 14:00:00;Provinciale entro l'abitato;VIALE DEL TINTORETTO;in corrispondenza;;del civico n.;92;;Veicolo in marcia contro veicolo fermo;Rettilineo;Due carreggiate;Asciutto;Asfaltata;Verticale ed orizzontale;Sereno;Scarso;Buona;Ore Diurne;0;0;0;3;12,4844;41,83789;0;2;Autovettura privata;In marcia / fermata / arresto;Ford;Fiesta;Conducente;1950;M;Illeso;0;;Non accertato;
3582891;5;03/12/2017 18:00:00;;VIA DI PIETRALATA;in prossimità;;del civico n.;347;;Scontro frontale/laterale DX fra veicoli in marcia;;;;;;;;;;1;0;0;0;12,55149;41,91952;0;2;Motociclo a solo;In marcia / fermata / arresto;Honda;SH 150;Conducente;0;M;Rimandato;0;NON DECEDUTO;;
3582894;20;03/12/2017 09:45:00;Strada Urbana;VIA DEI DUE PONTI;in prossimità;;del palo luce n.;103;;Fuoriuscita dalla sede stradale;Curva senza visuale libera;Una carreggiata a doppio senso;Bagnato (umidità in atto);Asfaltata;Orizzontale;Nuvoloso;Scarso;Sufficiente;Ore Diurne;0;0;0;1;;;0;1;Autovettura privata;In marcia / fermata / arresto;Toyota;Yaris;Conducente;1977;M;Illeso;0;;Non accertato;Inesploso
3582900;11;03/12/2017 05:00:00;Strada Urbana;VIA DELLE SETTE CHIESE;in corrispondenza;;del civico n.;293;;Scontro frontale fra veicoli in marcia;Rettilineo;Una carreggiata a doppio senso;Bagnato (pioggia);Asfaltata;Verticale ed orizzontale;Pioggia in atto;Scarso;Buona;Sufficiente;2;0;0;1;12,50832;41,85851;0;1;Autovettura privata;In marcia / fermata / arresto;Peugeot;206;Conducente;1971;M;Rimandato;0;NON DECEDUTO;Non accertato;
3582900;11;03/12/2017 05:00:00;Strada Urbana;VIA DELLE SETTE CHIESE;in corrispondenza;;del civico n.;293;;Scontro frontale fra veicoli in marcia;Rettilineo;Una carreggiata a doppio senso;Bagnato (pioggia);Asfaltata;Verticale ed orizzontale;Pioggia in atto;Scarso;Buona;Sufficiente;2;0;0;1;12,50832;41,85851;0;1;Autovettura privata;In marcia / fermata / arresto;Peugeot;206;Passeggero;1997;M;Rimandato;0;NON DECEDUTO;Non accertato;
3582900;11;03/12/2017 05:00:00;Strada Urbana;VIA DELLE SETTE CHIESE;in corrispondenza;;del civico n.;293;;Scontro frontale fra veicoli in marcia;Rettilineo;Una carreggiata a doppio senso;Bagnato (pioggia);Asfaltata;Verticale ed orizzontale;Pioggia in atto;Scarso;Buona;Sufficiente;2;0;0;1;12,50832;41,85851;0;2;Autovettura privata;In marcia / fermata / arresto;Hyundai;i 10;Conducente;1982;M;Illeso;0;;Non accertato;
3582902;5;03/12/2017 23:30:00;Strada Urbana;VIALE KANT;da specificare;;;;prossimità via Adriano Fiori;Veicolo in marcia contro ostacolo accidentale;Rettilineo;Due carreggiate;Asciutto;Asfaltata;Verticale ed orizzontale;Sereno;Scarso;Buona;Sufficiente;0;0;0;1;12,55378;41,9356;-1;1;Autovettura privata;In marcia / fermata / arresto;Fiat;500;Conducente;1987;M;Illeso;0;;Non accertato;Inesploso
3582922;11;03/12/2017 17:30:00;;VIA CRISTOFORO COLOMBO;all'intersezione con;VIA PALOS;VIA PALOS;;;Tamponamento;;;;;;;;;;0;0;0;6;;;0;1;Autovettura privata;In marcia / fermata / arresto;Opel;Corsa;Conducente;1934;M;Illeso;0;;Non accertato;
3582922;11;03/12/2017 17:30:00;;VIA CRISTOFORO COLOMBO;all'intersezione con;VIA PALOS;VIA PALOS;;;Tamponamento;;;;;;;;;;0;0;0;6;;;0;1;Autovettura privata;In marcia / fermata / arresto;Opel;Corsa;Passeggero;0;F;Illeso;0;;;
3582922;11;03/12/2017 17:30:00;;VIA CRISTOFORO COLOMBO;all'intersezione con;VIA PALOS;VIA PALOS;;;Tamponamento;;;;;;;;;;0;0;0;6;;;0;2;Autovettura privata;In marcia / fermata / arresto;Citroen;C 4;Conducente;1980;M;Illeso;0;;Non accertato;
3582922;11;03/12/2017 17:30:00;;VIA CRISTOFORO COLOMBO;all'intersezione con;VIA PALOS;VIA PALOS;;;Tamponamento;;;;;;;;;;0;0;0;6;;;0;2;Autovettura privata;In marcia / fermata / arresto;Citroen;C 4;Passeggero;0;F;Illeso;0;;;
3582922;11;03/12/2017 17:30:00;;VIA CRISTOFORO COLOMBO;all'intersezione con;VIA PALOS;VIA PALOS;;;Tamponamento;;;;;;;;;;0;0;0;6;;;0;2;Autovettura privata;In marcia / fermata / arresto;Citroen;C 4;Passeggero;0;M;Illeso;0;;;
3582924;11;02/12/2017 22:25:00;Strada Urbana;VIA CRISTOFORO COLOMBO;in corrispondenza;;del palo luce n.;532;;Tamponamento;Rettilineo;Una carreggiata a senso unico di marcia;Asciutto;Asfaltata;Verticale ed orizzontale;Nuvoloso;Intenso;Buona;Sufficiente;1;0;0;1;12,46408;41,82103;0;1;Autovettura privata;In marcia / fermata / arresto;Audi;A 3;Conducente;1983;M;Illeso;0;;Non accertato;
3582924;11;02/12/2017 22:25:00;Strada Urbana;VIA CRISTOFORO COLOMBO;in corrispondenza;;del palo luce n.;532;;Tamponamento;Rettilineo;Una carreggiata a senso unico di marcia;Asciutto;Asfaltata;Verticale ed orizzontale;Nuvoloso;Intenso;Buona;Sufficiente;1;0;0;1;12,46408;41,82103;0;2;Motociclo con passeggero;In marcia / fermata / arresto;Harley Davidson;(ignoto);Conducente;1987;M;Rimandato;0;NON DECEDUTO;Non accertato;
3582928;12;03/12/2017 03:30:00;Strada Urbana;VIA GIACOMO FOLCHI;all'intersezione semaforizzata con;VIA PORTUENSE;VIA PORTUENSE;;;Scontro frontale/laterale SX fra veicoli in marcia;Incrocio;Una carreggiata a doppio senso;Bagnato (pioggia);Asfaltata;Verticale ed orizzontale;Pioggia in atto;Scarso;Buona;Sufficiente;1;0;0;1;12,45617;41,86414;0;1;Motociclo a solo;In marcia / fermata / arresto;Honda;PCX;Conducente;1997;M;Rimandato;0;NON DECEDUTO;Non accertato;
3582928;12;03/12/2017 03:30:00;Strada Urbana;VIA GIACOMO FOLCHI;all'intersezione semaforizzata con;VIA PORTUENSE;VIA PORTUENSE;;;Scontro frontale/laterale SX fra veicoli in marcia;Incrocio;Una carreggiata a doppio senso;Bagnato (pioggia);Asfaltata;Verticale ed orizzontale;Pioggia in atto;Scarso;Buona;Sufficiente;1;0;0;1;12,45617;41,86414;0;2;Autovettura privata;In marcia / fermata / arresto;Smart ;-;Conducente;1995;M;Illeso;0;;Non accertato;
3582960;18;02/12/2017 03:00:00;Strada Urbana;VIA BALDO DEGLI UBALDI;in corrispondenza;;del civico n.;182;;Veicolo in marcia contro veicoli in sosta;Rettilineo;Due carreggiate;Asciutto;Asfaltata;Verticale ed orizzontale;Sereno;Normale;Buona;Sufficiente;0;0;0;1;;;0;1;Autovettura privata;In marcia / fermata / arresto;BMW;118 D;Conducente;1988;M;Illeso;0;;;
3582977;10;03/12/2017 15:40:00;Strada Urbana;VIA STATILIO OTTATO;all'intersezione con;VIA GUIDO ZANOBINI;VIA GUIDO ZANOBINI;;;Scontro frontale/laterale SX fra veicoli in marcia;Incrocio;Una carreggiata a senso unico di marcia;Asciutto;Asfaltata;Verticale ed orizzontale;Nuvoloso;Scarso;Buona;Ore Diurne;0;0;0;2;12,56984;41,8572;0;1;Autovettura privata;In marcia / fermata / arresto;Skoda;Fabia;Conducente;1958;M;Illeso;0;;Non accertato;Inesploso
3582977;10;03/12/2017 15:40:00;Strada Urbana;VIA STATILIO OTTATO;all'intersezione con;VIA GUIDO ZANOBINI;VIA GUIDO ZANOBINI;;;Scontro frontale/laterale SX fra veicoli in marcia;Incrocio;Una carreggiata a senso unico di marcia;Asciutto;Asfaltata;Verticale ed orizzontale;Nuvoloso;Scarso;Buona;Ore Diurne;0;0;0;2;12,56984;41,8572;0;2;Autovettura privata;In marcia / fermata / arresto;Fiat;Bravo;Conducente;1991;M;Illeso;0;;;
3582984;13;04/12/2017 08:00:00;Strada Urbana;VIA ANTONIO DA GAETA;in corrispondenza;;del civico n.;17;;Scontro laterale fra veicoli in marcia;Rettilineo;Una carreggiata a senso unico di marcia;Asciutto;Asfaltata;Verticale;Sereno;Intenso;Buona;Ore Diurne;0;0;0;1;;;0;1;Autovettura privata;In marcia / fermata / arresto;Toyota;Yaris;Conducente;1970;M;Illeso;0;;Non accertato;Inesploso
3582997;4;02/12/2017 12:50:00;;VIA ETTORE ROMAGNOLI;all'intersezione con;VIA FRANCESCO D'OVIDIO;VIA FRANCESCO D'OVIDIO;;;Scontro laterale fra veicoli in marcia;;;;;;;;;;1;0;0;1;12,54685;41,94115;0;1;Autovettura privata;In marcia / fermata / arresto;Dacia;Sandero;Conducente;1958;M;Illeso;0;;;
3582997;4;02/12/2017 12:50:00;;VIA ETTORE ROMAGNOLI;all'intersezione con;VIA FRANCESCO D'OVIDIO;VIA FRANCESCO D'OVIDIO;;;Scontro laterale fra veicoli in marcia;;;;;;;;;;1;0;0;1;12,54685;41,94115;0;2;Motociclo a solo;In marcia / fermata / arresto;Piaggio;Vespa;Conducente;1976;M;Rifiuta cure immediate;0;NON DECEDUTO;;
3583007;8;02/12/2017 11:40:00;Strada Urbana;VIA CASILINA;all'intersezione con;VIA DI TOR BELLA MONACA;VIA DI TOR BELLA MONACA;;;Scontro laterale fra veicoli in marcia;Incrocio;Una carreggiata a doppio senso;Asciutto;Asfaltata;Verticale ed orizzontale;Nuvoloso;Normale;Buona;Ore Diurne;0;0;0;3;12,62713;41,86324;-1;1;Autovettura privata;In marcia / fermata / arresto;Fiat;500;Conducente;1991;F;Illeso;0;;Non accertato;Inesploso
3583007;8;02/12/2017 11:40:00;Strada Urbana;VIA CASILINA;all'intersezione con;VIA DI TOR BELLA MONACA;VIA DI TOR BELLA MONACA;;;Scontro laterale fra veicoli in marcia;Incrocio;Una carreggiata a doppio senso;Asciutto;Asfaltata;Verticale ed orizzontale;Nuvoloso;Normale;Buona;Ore Diurne;0;0;0;3;12,62713;41,86324;-1;1;Autovettura privata;In marcia / fermata / arresto;Fiat;500;Passeggero;2012;M;Illeso;0;;Non accertato;Inesploso
3583007;8;02/12/2017 11:40:00;Strada Urbana;VIA CASILINA;all'intersezione con;VIA DI TOR BELLA MONACA;VIA DI TOR BELLA MONACA;;;Scontro laterale fra veicoli in marcia;Incrocio;Una carreggiata a doppio senso;Asciutto;Asfaltata;Verticale ed orizzontale;Nuvoloso;Normale;Buona;Ore Diurne;0;0;0;3;12,62713;41,86324;-1;2;Autovettura privata;In marcia / fermata / arresto;Audi;A 3;Conducente;1976;M;Illeso;0;;Non accertato;Inesploso
3583014;8;03/12/2017 05:05:00;Strada Urbana;VIA ENRICO GIGLIOLI;in prossimità;;del civico n.;41/A;;Veicoli in marcia contro veicolo fermo;Rettilineo;Una carreggiata a doppio senso;Bagnato (pioggia);Asfaltata;Assente;Pioggia in atto;Scarso;Sufficiente;Sufficiente;0;0;0;1;12,59786;41,86873;0;1;Autovettura privata;In marcia / fermata / arresto;Fiat;Panda;Conducente;1995;M;Illeso;0;;Non accertato;Inesploso
3583019;8;03/12/2017 09:20:00;;VIA GIOVANNI ARTUSI;all'intersezione con;VIA ALFREDO BLASI;VIA ALFREDO BLASI;;;Scontro frontale/laterale DX fra veicoli in marcia;;;;;;;;;;0;0;0;2;12,62003;41,8683;0;1;Autovettura privata;In marcia / fermata / arresto;Renault;Scenic;Conducente;1970;F;Illeso;0;;Non accertato;Inesploso
3583019;8;03/12/2017 09:20:00;;VIA GIOVANNI ARTUSI;all'intersezione con;VIA ALFREDO BLASI;VIA ALFREDO BLASI;;;Scontro frontale/laterale DX fra veicoli in marcia;;;;;;;;;;0;0;0;2;12,62003;41,8683;0;2;Autovettura privata;In marcia / fermata / arresto;Volkswagen;Polo;Conducente;1987;M;Illeso;0;;Non accertato;Inesploso
3583027;8;03/12/2017 17:15:00;;VIALE OXFORD;da specificare;;;;ROTATORIA DIREZIONE CAMBELLOTTI;Scontro laterale fra veicoli in marcia;;;;;;;;;;0;0;0;5;12,62776;41,86039;0;1;Autovettura privata;In marcia / fermata / arresto;Ford;KA;Conducente;1962;F;Illeso;0;;Non accertato;Inesploso
3583027;8;03/12/2017 17:15:00;;VIALE OXFORD;da specificare;;;;ROTATORIA DIREZIONE CAMBELLOTTI;Scontro laterale fra veicoli in marcia;;;;;;;;;;0;0;0;5;12,62776;41,86039;0;1;Autovettura privata;In marcia / fermata / arresto;Ford;KA;Passeggero;1998;F;Illeso;0;;Non accertato;Inesploso
3583027;8;03/12/2017 17:15:00;;VIALE OXFORD;da specificare;;;;ROTATORIA DIREZIONE CAMBELLOTTI;Scontro laterale fra veicoli in marcia;;;;;;;;;;0;0;0;5;12,62776;41,86039;0;2;Autovettura privata;In marcia / fermata / arresto;Volkswagen;Golf;Conducente;1986;M;Illeso;0;;Non accertato;Inesploso
3583027;8;03/12/2017 17:15:00;;VIALE OXFORD;da specificare;;;;ROTATORIA DIREZIONE CAMBELLOTTI;Scontro laterale fra veicoli in marcia;;;;;;;;;;0;0;0;5;12,62776;41,86039;0;2;Autovettura privata;In marcia / fermata / arresto;Volkswagen;Golf;Passeggero;1985;M;Illeso;0;;Non accertato;Inesploso
3583027;8;03/12/2017 17:15:00;;VIALE OXFORD;da specificare;;;;ROTATORIA DIREZIONE CAMBELLOTTI;Scontro laterale fra veicoli in marcia;;;;;;;;;;0;0;0;5;12,62776;41,86039;0;2;Autovettura privata;In marcia / fermata / arresto;Volkswagen;Golf;Passeggero;1988;M;Illeso;0;;Non accertato;Inesploso
3583028;4;02/12/2017 11:30:00;;VIA AMALIA BETTINI;da specificare;;;;prossimità via TALLI;Infortunio per caduta del veicolo;;;;;;;;;;0;0;0;1;;;0;1;Motociclo a solo;In marcia / fermata / arresto;BMW;(ignoto);Conducente;1997;M;Illeso;0;;;
3583030;8;03/12/2017 20:15:00;;VIA COLLATINA;all'intersezione con;VIA CELESTINO ROSATELLI;VIA CELESTINO ROSATELLI;;;Tamponamento;;;;;;;;;;0;0;0;2;12,66611;41,92234;0;1;Autovettura privata;In marcia / fermata / arresto;Daewoo;Matiz;Conducente;1987;M;Illeso;0;;Non accertato;Inesploso
3583030;8;03/12/2017 20:15:00;;VIA COLLATINA;all'intersezione con;VIA CELESTINO ROSATELLI;VIA CELESTINO ROSATELLI;;;Tamponamento;;;;;;;;;;0;0;0;2;12,66611;41,92234;0;2;Autovettura privata;In marcia / fermata / arresto;Toyota;Avensis;Conducente;1976;M;Illeso;0;;Non accertato;Inesploso
3583048;8;03/12/2017 20:50:00;Strada Urbana;VIA DELL'USIGNOLO;in corrispondenza;;del civico n.;80;;Veicolo in marcia contro veicoli in sosta;Rettilineo;Una carreggiata a doppio senso;Asciutto;Asfaltata;Assente;Nuvoloso;Scarso;Buona;Sufficiente;0;0;0;1;12,60014;41,87285;0;3;Autovettura privata;In marcia / fermata / arresto;Daimler AG;Smart Fortwo coupè;Conducente;1955;F;Illeso;0;;Non accertato;Inesploso
3583055;8;03/12/2017 20:50:00;Strada Urbana;VIA COLLATINA;in corrispondenza;;del palo luce n.;610;;Scontro frontale/laterale SX fra veicoli in marcia;Rettilineo;Una carreggiata a doppio senso;Bagnato (umidità in atto);Asfaltata;Orizzontale;Nuvoloso;Normale;Buona;Sufficiente;0;0;0;4;12,66611;41,92234;-1;1;Autovettura privata;In marcia / fermata / arresto;Fiat;Punto;Conducente;1998;M;Illeso;0;;Non accertato;Inesploso
3583055;8;03/12/2017 20:50:00;Strada Urbana;VIA COLLATINA;in corrispondenza;;del palo luce n.;610;;Scontro frontale/laterale SX fra veicoli in marcia;Rettilineo;Una carreggiata a doppio senso;Bagnato (umidità in atto);Asfaltata;Orizzontale;Nuvoloso;Normale;Buona;Sufficiente;0;0;0;4;12,66611;41,92234;-1;1;Autovettura privata;In marcia / fermata / arresto;Fiat;Punto;Passeggero;1998;F;Illeso;0;;Non accertato;Inesploso
3583055;8;03/12/2017 20:50:00;Strada Urbana;VIA COLLATINA;in corrispondenza;;del palo luce n.;610;;Scontro frontale/laterale SX fra veicoli in marcia;Rettilineo;Una carreggiata a doppio senso;Bagnato (umidità in atto);Asfaltata;Orizzontale;Nuvoloso;Normale;Buona;Sufficiente;0;0;0;4;12,66611;41,92234;-1;2;Autovettura privata;In marcia / fermata / arresto;Mercedes;A 180;Conducente;1989;M;Illeso;0;;Non accertato;Inesploso
3583055;8;03/12/2017 20:50:00;Strada Urbana;VIA COLLATINA;in corrispondenza;;del palo luce n.;610;;Scontro frontale/laterale SX fra veicoli in marcia;Rettilineo;Una carreggiata a doppio senso;Bagnato (umidità in atto);Asfaltata;Orizzontale;Nuvoloso;Normale;Buona;Sufficiente;0;0;0;4;12,66611;41,92234;-1;3;Autovettura privata;In marcia / fermata / arresto;Citroen;C 3 Picasso;Conducente;1959;M;Illeso;0;;Non accertato;Inesploso
3583063;8;04/12/2017 02:00:00;Strada Urbana;VIA MASSA DI SAN GIULIANO;da specificare;;;;all'intersezione con Largo Rotello;Ribaltamento senza urto contro ostacolo fisso;Curva senza visuale libera;Una carreggiata a doppio senso;Bagnato (pioggia);Asfaltata;Verticale ed orizzontale;Pioggia in atto;Scarso;Insufficiente;Insufficiente;1;0;0;0;12,69189;41,90603;0;1;Autovettura privata;In marcia / fermata / arresto;Ford;Fusion;Conducente;1993;M;Rimandato;0;NON DECEDUTO;Non accertato;Esploso
3583152;4;03/12/2017 18:50:00;Strada Urbana;VIALE LINA CAVALIERI;all'intersezione con;VIA EDOARDO GARBIN;VIA EDOARDO GARBIN;;;Scontro laterale fra veicoli in marcia;Intersezione non regolata/non segnalata;Due carreggiate;Asciutto;Asfaltata;Verticale ed orizzontale;Nuvoloso;Scarso;Sufficiente;Sufficiente;0;0;0;3;;;0;1;Autovettura privata;In marcia / fermata / arresto;Fiat-Lancia;Musa;Conducente;1988;M;Illeso;0;;Non accertato;
3583152;4;03/12/2017 18:50:00;Strada Urbana;VIALE LINA CAVALIERI;all'intersezione con;VIA EDOARDO GARBIN;VIA EDOARDO GARBIN;;;Scontro laterale fra veicoli in marcia;Intersezione non regolata/non segnalata;Due carreggiate;Asciutto;Asfaltata;Verticale ed orizzontale;Nuvoloso;Scarso;Sufficiente;Sufficiente;0;0;0;3;;;0;1;Autovettura privata;In marcia / fermata / arresto;Fiat-Lancia;Musa;Passeggero;1957;F;Illeso;0;;Non accertato;Inesploso
3583152;4;03/12/2017 18:50:00;Strada Urbana;VIALE LINA CAVALIERI;all'intersezione con;VIA EDOARDO GARBIN;VIA EDOARDO GARBIN;;;Scontro laterale fra veicoli in marcia;Intersezione non regolata/non segnalata;Due carreggiate;Asciutto;Asfaltata;Verticale ed orizzontale;Nuvoloso;Scarso;Sufficiente;Sufficiente;0;0;0;3;;;0;2;Autovettura privata;In marcia / fermata / arresto;Volkswagen;Polo;Conducente;1999;M;Illeso;0;;Non accertato;Inesploso
3583157;4;02/12/2017 12:00:00;Strada Urbana;VIA DELLE VIGNE NUOVE;da specificare;;;;dopo la rotatoria di L.go F.lli Lumiere dir. Roma ;Tamponamento;Rotatoria;Due carreggiate;Asciutto;Asfaltata;Verticale ed orizzontale;Sereno;Normale;Buona;Ore Diurne;0;0;0;2;12,53582;41,95536;-1;1;Autovettura privata;In marcia / fermata / arresto;Lancia;Ypsilon;Conducente;1942;F;Illeso;0;;Non accertato;Inesploso
3583157;4;02/12/2017 12:00:00;Strada Urbana;VIA DELLE VIGNE NUOVE;da specificare;;;;dopo la rotatoria di L.go F.lli Lumiere dir. Roma ;Tamponamento;Rotatoria;Due carreggiate;Asciutto;Asfaltata;Verticale ed orizzontale;Sereno;Normale;Buona;Ore Diurne;0;0;0;2;12,53582;41,95536;-1;2;Autovettura privata;In marcia / fermata / arresto;Ford;Fiesta;Conducente;1968;F;Illeso;0;;Non accertato;Inesploso
3583190;8;02/12/2017 04:00:00;;VIA DI TORRENOVA;in prossimità;;del civico n.;188;;Veicolo in marcia contro veicolo in sosta;;;;;;;;;;1;0;0;0;;;0;1;Autovettura privata;In marcia / fermata / arresto;Fiat;600;Conducente;1948;M;Ricoverato;0;NON DECEDUTO;;
3583192;2;03/12/2017 08:25:00;Strada Urbana;PIAZZALE DEL PARCO DELLA RIMEMBRANZA;da specificare;;;;alt. ingresso Villa Glori;Scontro frontale/laterale DX fra veicoli in marcia;Rettilineo;Due carreggiate;Bagnato (pioggia);Asfaltata;Verticale ed orizzontale;Pioggia in atto;Scarso;Buona;Ore Diurne;0;0;0;4;12,48273;41,9289;0;1;Autovettura privata;In marcia / fermata / arresto;Mercedes;Vaneo;Conducente;1970;M;Illeso;0;;Non accertato;Inesploso
3583192;2;03/12/2017 08:25:00;Strada Urbana;PIAZZALE DEL PARCO DELLA RIMEMBRANZA;da specificare;;;;alt. ingresso Villa Glori;Scontro frontale/laterale DX fra veicoli in marcia;Rettilineo;Due carreggiate;Bagnato (pioggia);Asfaltata;Verticale ed orizzontale;Pioggia in atto;Scarso;Buona;Ore Diurne;0;0;0;4;12,48273;41,9289;0;1;Autovettura privata;In marcia / fermata / arresto;Mercedes;Vaneo;Passeggero;1977;F;Illeso;0;;Non accertato;Inesploso
3583192;2;03/12/2017 08:25:00;Strada Urbana;PIAZZALE DEL PARCO DELLA RIMEMBRANZA;da specificare;;;;alt. ingresso Villa Glori;Scontro frontale/laterale DX fra veicoli in marcia;Rettilineo;Due carreggiate;Bagnato (pioggia);Asfaltata;Verticale ed orizzontale;Pioggia in atto;Scarso;Buona;Ore Diurne;0;0;0;4;12,48273;41,9289;0;1;Autovettura privata;In marcia / fermata / arresto;Mercedes;Vaneo;Passeggero;2011;F;Illeso;0;;Non accertato;Inesploso
3583192;2;03/12/2017 08:25:00;Strada Urbana;PIAZZALE DEL PARCO DELLA RIMEMBRANZA;da specificare;;;;alt. ingresso Villa Glori;Scontro frontale/laterale DX fra veicoli in marcia;Rettilineo;Due carreggiate;Bagnato (pioggia);Asfaltata;Verticale ed orizzontale;Pioggia in atto;Scarso;Buona;Ore Diurne;0;0;0;4;12,48273;41,9289;0;2;Autovettura privata;In marcia / fermata / arresto;Toyota;Yaris;Conducente;1938;F;Illeso;0;;Non accertato;Inesploso
3583195;2;03/12/2017 11:20:00;Strada Urbana;PIAZZA EUCLIDE;in prossimità;;del civico n.;37;;Scontro laterale fra veicoli in marcia;Rettilineo;Una carreggiata a senso unico di marcia;Asciutto;Asfaltata;Verticale ed orizzontale;Nuvoloso;Scarso;Buona;Ore Diurne;0;0;0;3;12,48144;41,92698;0;1;Autovettura privata;In marcia / fermata / arresto;Toyota;Rav 4;Conducente;1947;M;Illeso;0;;;
3583195;2;03/12/2017 11:20:00;Strada Urbana;PIAZZA EUCLIDE;in prossimità;;del civico n.;37;;Scontro laterale fra veicoli in marcia;Rettilineo;Una carreggiata a senso unico di marcia;Asciutto;Asfaltata;Verticale ed orizzontale;Nuvoloso;Scarso;Buona;Ore Diurne;0;0;0;3;12,48144;41,92698;0;1;Autovettura privata;In marcia / fermata / arresto;Toyota;Rav 4;Passeggero;1971;F;Illeso;0;;;
3583195;2;03/12/2017 11:20:00;Strada Urbana;PIAZZA EUCLIDE;in prossimità;;del civico n.;37;;Scontro laterale fra veicoli in marcia;Rettilineo;Una carreggiata a senso unico di marcia;Asciutto;Asfaltata;Verticale ed orizzontale;Nuvoloso;Scarso;Buona;Ore Diurne;0;0;0;3;12,48144;41,92698;0;2;Autovettura privata;In marcia / fermata / arresto;Toyota;Yaris;Conducente;1962;F;Illeso;0;;;
3583196;13;04/12/2017 10:15:00;Strada Urbana;VIA DEI PESCATORI;in prossimità;;del civico n.;501;;Scontro frontale/laterale SX fra veicoli in marcia;Rettilineo;Due carreggiate;Asciutto;Asfaltata;Verticale ed orizzontale;Sereno;Normale;Buona;Ore Diurne;0;0;0;2;;;0;1;Autocarro inferiore 35 q.;In marcia / fermata / arresto;Renault;Trafic;Conducente;1994;M;Illeso;0;;Non accertato;Inesploso