Protocollo;Gruppo;DataOraIncidente;Localizzazione1;STRADA1;Localizzazione2;STRADA2;Strada02;Chilometrica;DaSpecificare;NaturaIncidente;particolaritastrade;TipoStrada;FondoStradale;Pavimentazione;Segnaletica;CondizioneAtmosferica;Traffico;Visibilita;Illuminazione;NUM_FERITI;NUM_RISERVATA;NUM_MORTI;NUM_ILLESI;Longitudine;Latitudine;Confermato;Progressivo;TipoVeicolo;StatoVeicolo;Marca;Modello;TipoPersona;AnnoNascita;Sesso;Tipolesione;Deceduto;DecedutoDopo;CinturaCascoUtilizzato;Airbag;
3583609;6;04/12/2017 11:30:00;Provinciale entro l'abitato;VIA PRENESTINA;in corrispondenza;;del civico n.;76;;Investimento di pedone;Rettilineo;Più di due carreggiate;Bagnato (umidità in atto);Asfaltata;Orizzontale;Sereno;Normale;Buona;Ore Diurne;1;0;0;1;12,52347;41,89097;-1;1;Vettura tranviaria;In marcia / fermata / arresto;SOCIMI;(ignoto);Conducente;1979;M;Illeso;0;;Esente;
3583643;17;03/12/2017 18:30:00;Strada Urbana;VIA IGEA;da specificare;;;;altezza civ 48  in prossimità di Via Blumensthil;Investimento di pedone;Rettilineo;Una carreggiata a doppio senso;Asciutto;Asfaltata;Verticale ed orizzontale;Nuvoloso;Normale;Buona;Sufficiente;1;0;0;0;;;0;;;;;;Pedone;1951;F;Rimandato;0;NON DECEDUTO;;
3583669;7;02/12/2017 00:20:00;Strada Urbana;VIA DEI PLATANI;all'intersezione con;VIA DEGLI ONTANI;VIA DEGLI ONTANI;;;Scontro laterale fra veicoli in marcia;Intersezione stradale segnalata;Due carreggiate;Asciutto;Asfaltata;Verticale ed orizzontale;Sereno;Normale;Buona;Sufficiente;0;0;0;1;12,57136;41,88093;0;1;Motociclo a solo;In marcia / fermata / arresto;Honda;PCX;Conducente;1968;M;Illeso;0;;;
3583670;7;02/12/2017 17:45:00;Strada Urbana;VIA DI TOR SAPIENZA;all'intersezione con;VIA STEFANO USSI;VIA STEFANO USSI;;;Veicolo in marcia contro veicolo fermo;Incrocio;Una carreggiata a doppio senso;Asciutto;Asfaltata;Orizzontale;Sereno;Normale;Buona;Ore Diurne;0;0;0;3;12,59051;41,90146;0;1;Autovettura privata;In marcia / fermata / arresto;Volkswagen;Golf;Conducente;1961;M;Illeso;0;;;
3583670;7;02/12/2017 17:45:00;Strada Urbana;VIA DI TOR SAPIENZA;all'intersezione con;VIA STEFANO USSI;VIA STEFANO USSI;;;Veicolo in marcia contro veicolo fermo;Incrocio;Una carreggiata a doppio senso;Asciutto;Asfaltata;Orizzontale;Sereno;Normale;Buona;Ore Diurne;0;0;0;3;12,59051;41,90146;0;2;Autovettura privata;In marcia / fermata / arresto;Fiat;Punto;Conducente;1989;M;Illeso;0;;;
3583670;7;02/12/2017 17:45:00;Strada Urbana;VIA DI TOR SAPIENZA;all'intersezione con;VIA STEFANO USSI;VIA STEFANO USSI;;;Veicolo in marcia contro veicolo fermo;Incrocio;Una carreggiata a doppio senso;Asciutto;Asfaltata;Orizzontale;Sereno;Normale;Buona;Ore Diurne;0;0;0;3;12,59051;41,90146;0;2;Autovettura privata;In marcia / fermata / arresto;Fiat;Punto;Passeggero;1990;F;Illeso;0;;Non accertato;Inesploso
3583693;18;04/12/2017 14:30:00;Strada Urbana;VIA DI BOCCEA;all'intersezione con;VIA DI CASAL DEL MARMO;VIA DI CASAL DEL MARMO;;;Scontro frontale/laterale DX fra veicoli in marcia;Intersezione stradale segnalata;Una carreggiata a senso unico di marcia;Asciutto;Asfaltata;Verticale;Sereno;Normale;Buona;Ore Diurne;0;0;0;4;12,3844;41,91493;-1;1;Autovettura privata;In marcia / fermata / arresto;Chevrolet;spark;Conducente;1994;F;Illeso;0;;Non accertato;Inesploso
3583693;18;04/12/2017 14:30:00;Strada Urbana;VIA DI BOCCEA;all'intersezione con;VIA DI CASAL DEL MARMO;VIA DI CASAL DEL MARMO;;;Scontro frontale/laterale DX fra veicoli in marcia;Intersezione stradale segnalata;Una carreggiata a senso unico di marcia;Asciutto;Asfaltata;Verticale;Sereno;Normale;Buona;Ore Diurne;0;0;0;4;12,3844;41,91493;-1;1;Autovettura privata;In marcia / fermata / arresto;Chevrolet;spark;Passeggero;1991;F;Illeso;0;;Non accertato;Inesploso
3583693;18;04/12/2017 14:30:00;Strada Urbana;VIA DI BOCCEA;all'intersezione con;VIA DI CASAL DEL MARMO;VIA DI CASAL DEL MARMO;;;Scontro frontale/laterale DX fra veicoli in marcia;Intersezione stradale segnalata;Una carreggiata a senso unico di marcia;Asciutto;Asfaltata;Verticale;Sereno;Normale;Buona;Ore Diurne;0;0;0;4;12,3844;41,91493;-1;1;Autovettura privata;In marcia / fermata / arresto;Chevrolet;spark;Passeggero;1992;F;Illeso;0;;Non accertato;Inesploso
3583693;18;04/12/2017 14:30:00;Strada Urbana;VIA DI BOCCEA;all'intersezione con;VIA DI CASAL DEL MARMO;VIA DI CASAL DEL MARMO;;;Scontro frontale/laterale DX fra veicoli in marcia;Intersezione stradale segnalata;Una carreggiata a senso unico di marcia;Asciutto;Asfaltata;Verticale;Sereno;Normale;Buona;Ore Diurne;0;0;0;4;12,3844;41,91493;-1;2;Autovettura privata;In marcia / fermata / arresto;Lancia;Y;Conducente;1960;M;Illeso;0;;Non accertato;Inesploso
3583695;5;04/12/2017 14:05:00;;VIA DEI MONTI DI PIETRALATA;in prossimità;;del civico n.;53;;Scontro laterale fra veicoli in marcia;;;;;;;;;;0;0;0;2;12,53616;41,91089;0;1;Autovettura privata;In marcia / fermata / arresto;BMW;116 D;Conducente;1986;M;Illeso;0;;;
3583695;5;04/12/2017 14:05:00;;VIA DEI MONTI DI PIETRALATA;in prossimità;;del civico n.;53;;Scontro laterale fra veicoli in marcia;;;;;;;;;;0;0;0;2;12,53616;41,91089;0;2;Autovettura privata;In marcia / fermata / arresto;Opel;Meriva;Conducente;1941;F;Illeso;0;;;
3583697;7;03/12/2017 13:00:00;;VIALE PALMIRO TOGLIATTI;da specificare;;;;prossimità via Franco Angeli;Investimento di pedone;;;;;;;;;;1;0;0;1;12,57566;41,89607;0;;;;;;Pedone;1932;F;Rimandato;0;NON DECEDUTO;;
3583697;7;03/12/2017 13:00:00;;VIALE PALMIRO TOGLIATTI;da specificare;;;;prossimità via Franco Angeli;Investimento di pedone;;;;;;;;;;1;0;0;1;12,57566;41,89607;0;1;Autovettura privata;In marcia / fermata / arresto;Nissan;Micra;Conducente;1971;M;Illeso;0;;;
3583731;10;04/12/2017 14:55:00;Strada Urbana;VIA DELLE CAPANNELLE;in prossimità;;del palo luce n.;91;;Tamponamento;Rettilineo;Una carreggiata a doppio senso;Asciutto;Asfaltata;Orizzontale;Sereno;Normale;Buona;Ore Diurne;2;0;0;0;12,57491;41,844;-1;1;Autovettura privata;In marcia / fermata / arresto;Fiat;500 L;Conducente;1972;F;Rifiuta cure immediate;0;NON DECEDUTO;Non accertato;Inesploso
3583731;10;04/12/2017 14:55:00;Strada Urbana;VIA DELLE CAPANNELLE;in prossimità;;del palo luce n.;91;;Tamponamento;Rettilineo;Una carreggiata a doppio senso;Asciutto;Asfaltata;Orizzontale;Sereno;Normale;Buona;Ore Diurne;2;0;0;0;12,57491;41,844;-1;2;Autovettura privata;In marcia / fermata / arresto;Fiat;Seicento;Conducente;1936;M;Rifiuta cure immediate;0;NON DECEDUTO;Non accertato;Esploso
3583741;16;01/12/2017 15:15:00;;VIA DELLA PISANA;in corrispondenza;;del civico n.;249;;Scontro frontale/laterale SX fra veicoli in marcia;;;;;;;;;;1;0;0;1;12,41556;41,87731;0;1;Autovettura privata;In marcia / fermata / arresto;Alfa Romeo;147;Conducente;0;M;Illeso;0;;;
3583741;16;01/12/2017 15:15:00;;VIA DELLA PISANA;in corrispondenza;;del civico n.;249;;Scontro frontale/laterale SX fra veicoli in marcia;;;;;;;;;;1;0;0;1;12,41556;41,87731;0;2;Motociclo a solo;In marcia / fermata / arresto;Suzuki;Burgman 650;Conducente;0;M;Rimandato;0;NON DECEDUTO;;
3583744;7;01/12/2017 12:20:00;Strada Urbana;PIAZZA TEOFRASTO;all'intersezione con;VIA FEDERICO DELPINO;VIA FEDERICO DELPINO;;;Scontro frontale/laterale DX fra veicoli in marcia;Incrocio;Una carreggiata a doppio senso;Asciutto;Asfaltata;Verticale ed orizzontale;Nuvoloso;Normale;Buona;Ore Diurne;1;0;0;1;12,56447;41,89151;0;1;Autovettura privata;In marcia / fermata / arresto;Volkswagen;Polo;Conducente;1982;M;Illeso;0;;Non accertato;Inesploso
3583744;7;01/12/2017 12:20:00;Strada Urbana;PIAZZA TEOFRASTO;all'intersezione con;VIA FEDERICO DELPINO;VIA FEDERICO DELPINO;;;Scontro frontale/laterale DX fra veicoli in marcia;Incrocio;Una carreggiata a doppio senso;Asciutto;Asfaltata;Verticale ed orizzontale;Nuvoloso;Normale;Buona;Ore Diurne;1;0;0;1;12,56447;41,89151;0;2;Motociclo con passeggero;In marcia / fermata / arresto;Yamaha;Majesty 250;Conducente;1968;M;Rimandato;0;NON DECEDUTO;;
3583865;18;04/12/2017 10:45:00;Strada Urbana;VIA DEL CASALE DI S. PIO V;in prossimità;;del civico n.;44;;Scontro frontale/laterale SX fra veicoli in marcia;Rettilineo;Una carreggiata a doppio senso;Asciutto;Asfaltata;Verticale ed orizzontale;Sereno;Normale;Buona;Ore Diurne;1;0;0;1;12,43231;41,89248;0;1;Autovettura privata;In marcia / fermata / arresto;Ford;Fiesta;Conducente;1993;M;Illeso;0;;;Esploso
3583865;18;04/12/2017 10:45:00;Strada Urbana;VIA DEL CASALE DI S. PIO V;in prossimità;;del civico n.;44;;Scontro frontale/laterale SX fra veicoli in marcia;Rettilineo;Una carreggiata a doppio senso;Asciutto;Asfaltata;Verticale ed orizzontale;Sereno;Normale;Buona;Ore Diurne;1;0;0;1;12,43231;41,89248;0;2;Motociclo a solo;In marcia / fermata / arresto;BMW;800 cc.;Conducente;1959;M;Ricoverato;0;NON DECEDUTO;;
3583871;18;04/12/2017 09:10:00;Strada Urbana;VIA DI BOCCEA;in corrispondenza;;del civico n.;231;;Investimento di pedone;Rettilineo;Una carreggiata a senso unico di marcia;Asciutto;Asfaltata;Verticale ed orizzontale;Sereno;Intenso;Buona;Ore Diurne;1;0;0;0;12,42038;41,90348;0;;;;;;Pedone;1949;F;Rimandato;0;NON DECEDUTO;;
3583946;16;01/12/2017 23:40:00;Strada Urbana;VIA QUIRINO MAJORANA;in corrispondenza;;del palo luce n.;17;;Scontro frontale fra veicoli in marcia;Rettilineo;Una carreggiata a doppio senso;Asciutto;Asfaltata;Orizzontale;Sereno;Normale;Buona;Sufficiente;5;1;0;0;12,46223;41,86827;0;1;Autovettura privata;In marcia / fermata / arresto;Audi;Q 3;Conducente;1952;M;Rimandato;0;NON DECEDUTO;Non accertato;
3583946;16;01/12/2017 23:40:00;Strada Urbana;VIA QUIRINO MAJORANA;in corrispondenza;;del palo luce n.;17;;Scontro frontale fra veicoli in marcia;Rettilineo;Una carreggiata a doppio senso;Asciutto;Asfaltata;Orizzontale;Sereno;Normale;Buona;Sufficiente;5;1;0;0;12,46223;41,86827;0;1;Autovettura privata;In marcia / fermata / arresto;Audi;Q 3;Passeggero;1952;M;Rimandato;0;NON DECEDUTO;Non accertato;
3583946;16;01/12/2017 23:40:00;Strada Urbana;VIA QUIRINO MAJORANA;in corrispondenza;;del palo luce n.;17;;Scontro frontale fra veicoli in marcia;Rettilineo;Una carreggiata a doppio senso;Asciutto;Asfaltata;Orizzontale;Sereno;Normale;Buona;Sufficiente;5;1;0;0;12,46223;41,86827;0;1;Autovettura privata;In marcia / fermata / arresto;Audi;Q 3;Passeggero;1977;F;Rimandato;0;NON DECEDUTO;Non accertato;
3583946;16;01/12/2017 23:40:00;Strada Urbana;VIA QUIRINO MAJORANA;in corrispondenza;;del palo luce n.;17;;Scontro frontale fra veicoli in marcia;Rettilineo;Una carreggiata a doppio senso;Asciutto;Asfaltata;Orizzontale;Sereno;Normale;Buona;Sufficiente;5;1;0;0;12,46223;41,86827;0;1;Autovettura privata;In marcia / fermata / arresto;Audi;Q 3;Passeggero;1982;F;Rimandato;0;NON DECEDUTO;Non accertato;
3583946;16;01/12/2017 23:40:00;Strada Urbana;VIA QUIRINO MAJORANA;in corrispondenza;;del palo luce n.;17;;Scontro frontale fra veicoli in marcia;Rettilineo;Una carreggiata a doppio senso;Asciutto;Asfaltata;Orizzontale;Sereno;Normale;Buona;Sufficiente;5;1;0;0;12,46223;41,86827;0;2;Autovettura privata;In marcia / fermata / arresto;Mini;Cooper;Conducente;1998;M;Ricoverato;0;NON DECEDUTO;Non accertato;
3583946;16;01/12/2017 23:40:00;Strada Urbana;VIA QUIRINO MAJORANA;in corrispondenza;;del palo luce n.;17;;Scontro frontale fra veicoli in marcia;Rettilineo;Una carreggiata a doppio senso;Asciutto;Asfaltata;Orizzontale;Sereno;Normale;Buona;Sufficiente;5;1;0;0;12,46223;41,86827;0;2;Autovettura privata;In marcia / fermata / arresto;Mini;Cooper;Passeggero;1998;F;Prognosi riservata;0;NON DECEDUTO;Non accertato;
3583964;18;04/12/2017 16:15:00;Strada Urbana;VIA MATTIA BATTISTINI;in prossimità;;del civico n.;67/c;;Scontro frontale/laterale DX fra veicoli in marcia;Rettilineo;Una carreggiata a doppio senso;Asciutto;Asfaltata;Verticale;Sereno;Intenso;Buona;Ore Diurne;1;0;0;4;12,41376;41,90624;-1;1;Autovettura privata;In marcia / fermata / arresto;Fiat;500;Conducente;1992;M;Illeso;0;;Non accertato;Inesploso
3583964;18;04/12/2017 16:15:00;Strada Urbana;VIA MATTIA BATTISTINI;in prossimità;;del civico n.;67/c;;Scontro frontale/laterale DX fra veicoli in marcia;Rettilineo;Una carreggiata a doppio senso;Asciutto;Asfaltata;Verticale;Sereno;Intenso;Buona;Ore Diurne;1;0;0;4;12,41376;41,90624;-1;1;Autovettura privata;In marcia / fermata / arresto;Fiat;500;Passeggero;1978;F;Illeso;0;;Non accertato;Inesploso
3583964;18;04/12/2017 16:15:00;Strada Urbana;VIA MATTIA BATTISTINI;in prossimità;;del civico n.;67/c;;Scontro frontale/laterale DX fra veicoli in marcia;Rettilineo;Una carreggiata a doppio senso;Asciutto;Asfaltata;Verticale;Sereno;Intenso;Buona;Ore Diurne;1;0;0;4;12,41376;41,90624;-1;2;Motociclo con passeggero;In marcia / fermata / arresto;Yamaha;T MAX 500;Conducente;1954;M;Rimandato;0;NON DECEDUTO;Non accertato;
3583964;18;04/12/2017 16:15:00;Strada Urbana;VIA MATTIA BATTISTINI;in prossimità;;del civico n.;67/c;;Scontro frontale/laterale DX fra veicoli in marcia;Rettilineo;Una carreggiata a doppio senso;Asciutto;Asfaltata;Verticale;Sereno;Intenso;Buona;Ore Diurne;1;0;0;4;12,41376;41,90624;-1;2;Motociclo con passeggero;In marcia / fermata / arresto;Yamaha;T MAX 500;Passeggero;1964;M;Illeso;0;;Non accertato;
3583964;18;04/12/2017 16:15:00;Strada Urbana;VIA MATTIA BATTISTINI;in prossimità;;del civico n.;67/c;;Scontro frontale/laterale DX fra veicoli in marcia;Rettilineo;Una carreggiata a doppio senso;Asciutto;Asfaltata;Verticale;Sereno;Intenso;Buona;Ore Diurne;1;0;0;4;12,41376;41,90624;-1;3;Autovettura privata;In marcia / fermata / arresto;Fiat;Seicento;Conducente;1983;F;Illeso;0;;Non accertato;Inesploso
3583991;6;04/12/2017 14:15:00;Strada Urbana;VIA DI ACQUA BULLICANTE;all'intersezione con;VIA ANACAPRI;VIA ANACAPRI;;;Scontro frontale/laterale DX fra veicoli in marcia;Incrocio;Due carreggiate;Asciutto;Asfaltata;Verticale ed orizzontale;Sereno;Intenso;Buona;Ore Diurne;0;0;0;4;12,54225;41,8899;-1;1;Autovettura privata;In marcia / fermata / arresto;Opel;Astra;Conducente;1984;M;Illeso;0;;Non accertato;Inesploso
3583991;6;04/12/2017 14:15:00;Strada Urbana;VIA DI ACQUA BULLICANTE;all'intersezione con;VIA ANACAPRI;VIA ANACAPRI;;;Scontro frontale/laterale DX fra veicoli in marcia;Incrocio;Due carreggiate;Asciutto;Asfaltata;Verticale ed orizzontale;Sereno;Intenso;Buona;Ore Diurne;0;0;0;4;12,54225;41,8899;-1;1;Autovettura privata;In marcia / fermata / arresto;Opel;Astra;Passeggero;1962;F;Illeso;0;;Non accertato;Inesploso
3583991;6;04/12/2017 14:15:00;Strada Urbana;VIA DI ACQUA BULLICANTE;all'intersezione con;VIA ANACAPRI;VIA ANACAPRI;;;Scontro frontale/laterale DX fra veicoli in marcia;Incrocio;Due carreggiate;Asciutto;Asfaltata;Verticale ed orizzontale;Sereno;Intenso;Buona;Ore Diurne;0;0;0;4;12,54225;41,8899;-1;1;Autovettura privata;In marcia / fermata / arresto;Opel;Astra;Passeggero;1984;F;Illeso;0;;Non accertato;Inesploso
3583991;6;04/12/2017 14:15:00;Strada Urbana;VIA DI ACQUA BULLICANTE;all'intersezione con;VIA ANACAPRI;VIA ANACAPRI;;;Scontro frontale/laterale DX fra veicoli in marcia;Incrocio;Due carreggiate;Asciutto;Asfaltata;Verticale ed orizzontale;Sereno;Intenso;Buona;Ore Diurne;0;0;0;4;12,54225;41,8899;-1;2;Autovettura privata;In marcia / fermata / arresto;Mini;Cooper;Conducente;1983;F;Illeso;0;;Non accertato;Inesploso
3584010;9;04/12/2017 16:00:00;;VIA MACEDONIA;all'intersezione con;LARGO FERDINANDO GREGOROVIUS;LARGO FERDINANDO GREGOROVIUS;;;Scontro laterale fra veicoli in marcia;;;;;;;;;;0;0;0;3;;;0;1;Autovettura privata;In marcia / fermata / arresto;Renault;Clio;Conducente;0;F;Illeso;0;;;
3584010;9;04/12/2017 16:00:00;;VIA MACEDONIA;all'intersezione con;LARGO FERDINANDO GREGOROVIUS;LARGO FERDINANDO GREGOROVIUS;;;Scontro laterale fra veicoli in marcia;;;;;;;;;;0;0;0;3;;;0;1;Autovettura privata;In marcia / fermata / arresto;Renault;Clio;Passeggero;1931;F;Illeso;0;;;
3584010;9;04/12/2017 16:00:00;;VIA MACEDONIA;all'intersezione con;LARGO FERDINANDO GREGOROVIUS;LARGO FERDINANDO GREGOROVIUS;;;Scontro laterale fra veicoli in marcia;;;;;;;;;;0;0;0;3;;;0;2;Motociclo a solo;In marcia / fermata / arresto;Yamaha; X enter;Conducente;0;M;Illeso;0;;;
3584019;16;02/12/2017 15:20:00;;VIA BERNARDINO RAMAZZINI;all'intersezione con;PIAZZA CARLO FORLANINI;PIAZZA CARLO FORLANINI;;;Tamponamento;;;;;;;;;;1;0;0;2;12,45029;41,86651;0;;;;;;Pedone;0;F;Illeso;0;;;
3584019;16;02/12/2017 15:20:00;;VIA BERNARDINO RAMAZZINI;all'intersezione con;PIAZZA CARLO FORLANINI;PIAZZA CARLO FORLANINI;;;Tamponamento;;;;;;;;;;1;0;0;2;12,45029;41,86651;0;1;Motociclo a solo;In marcia / fermata / arresto;Yamaha;(ignoto);Conducente;2001;M;Rimandato;0;NON DECEDUTO;Non accertato;
3584019;16;02/12/2017 15:20:00;;VIA BERNARDINO RAMAZZINI;all'intersezione con;PIAZZA CARLO FORLANINI;PIAZZA CARLO FORLANINI;;;Tamponamento;;;;;;;;;;1;0;0;2;12,45029;41,86651;0;2;Autovettura privata;In marcia / fermata / arresto;Suzuki;Jimmy;Conducente;0;M;Illeso;0;;;
3584041;12;01/12/2017 12:00:00;Strada Urbana;VIALE DELL'OCEANO ATLANTICO;all'intersezione con;VIA RHODESIA;VIA RHODESIA;;;Tamponamento Multiplo;Incrocio;Due carreggiate;Asciutto;Asfaltata;Verticale ed orizzontale;Sereno;Normale;Buona;Ore Diurne;0;0;0;3;12,47056;41,82003;0;1;Autovettura privata;In marcia / fermata / arresto;Renault;Captur;Conducente;1988;M;Illeso;0;;Utilizzato;Esploso
3584041;12;01/12/2017 12:00:00;Strada Urbana;VIALE DELL'OCEANO ATLANTICO;all'intersezione con;VIA RHODESIA;VIA RHODESIA;;;Tamponamento Multiplo;Incrocio;Due carreggiate;Asciutto;Asfaltata;Verticale ed orizzontale;Sereno;Normale;Buona;Ore Diurne;0;0;0;3;12,47056;41,82003;0;2;Autovettura privata;In marcia / fermata / arresto;Fiat;Punto;Conducente;1975;M;Illeso;0;;Non accertato;Inesploso
3584041;12;01/12/2017 12:00:00;Strada Urbana;VIALE DELL'OCEANO ATLANTICO;all'intersezione con;VIA RHODESIA;VIA RHODESIA;;;Tamponamento Multiplo;Incrocio;Due carreggiate;Asciutto;Asfaltata;Verticale ed orizzontale;Sereno;Normale;Buona;Ore Diurne;0;0;0;3;12,47056;41,82003;0;3;Autovettura privata;In marcia / fermata / arresto;Ford;Fiesta;Conducente;1980;F;Illeso;0;;Utilizzato;Inesploso
3584053;16;01/12/2017 18:00:00;;VIA SEVERO CARMIGNANO;all'intersezione con;VIA MADDALENA DI CANOSSA;VIA MADDALENA DI CANOSSA;;;Scontro laterale fra veicoli in marcia;;;;;;;;;;0;0;0;2;12,44492;41,86907;0;1;Autovettura privata;In marcia / fermata / arresto;Renault;Clio;Conducente;0;F;Illeso;0;;;
3584053;16;01/12/2017 18:00:00;;VIA SEVERO CARMIGNANO;all'intersezione con;VIA MADDALENA DI CANOSSA;VIA MADDALENA DI CANOSSA;;;Scontro laterale fra veicoli in marcia;;;;;;;;;;0;0;0;2;12,44492;41,86907;0;2;Autovettura privata;In marcia / fermata / arresto;Toyota;Corolla Verso;Conducente;0;M;Illeso;0;;;
3584066;17;03/12/2017 20:00:00;Strada Urbana;VIALE GIOVANNI FALCONE E PAOLO BORSELLINO;all'intersezione semaforizzata con;PIAZZALE CLODIO;PIAZZALE CLODIO;;;Scontro frontale/laterale SX fra veicoli in marcia;Intersezione semaforizzata;Una carreggiata a doppio senso;Asciutto;Asfaltata;Verticale ed orizzontale;Sereno;Normale;Sufficiente;Sufficiente;0;0;0;3;;;0;1;Autovettura privata;In marcia / fermata / arresto;Kia;Sportage;Conducente;1967;M;Illeso;0;;;
3584066;17;03/12/2017 20:00:00;Strada Urbana;VIALE GIOVANNI FALCONE E PAOLO BORSELLINO;all'intersezione semaforizzata con;PIAZZALE CLODIO;PIAZZALE CLODIO;;;Scontro frontale/laterale SX fra veicoli in marcia;Intersezione semaforizzata;Una carreggiata a doppio senso;Asciutto;Asfaltata;Verticale ed orizzontale;Sereno;Normale;Sufficiente;Sufficiente;0;0;0;3;;;0;2;Autovettura privata;In marcia / fermata / arresto;Toyota;Yaris;Conducente;1997;M;Illeso;0;;;
3584066;17;03/12/2017 20:00:00;Strada Urbana;VIALE GIOVANNI FALCONE E PAOLO BORSELLINO;all'intersezione semaforizzata con;PIAZZALE CLODIO;PIAZZALE CLODIO;;;Scontro frontale/laterale SX fra veicoli in marcia;Intersezione semaforizzata;Una carreggiata a doppio senso;Asciutto;Asfaltata;Verticale ed orizzontale;Sereno;Normale;Sufficiente;Sufficiente;0;0;0;3;;;0;2;Autovettura privata;In marcia / fermata / arresto;Toyota;Yaris;Passeggero;1998;F;Illeso;0;;;
3584070;16;01/12/2017 18:30:00;;VIA DI BRAVETTA;all'intersezione semaforizzata con;VIA SILVESTRI;VIA SILVESTRI;;;Scontro frontale/laterale DX fra veicoli in marcia;;;;;;;;;;0;0;0;2;12,42579;41,87628;0;1;Autovettura privata;In marcia / fermata / arresto;Toyota;Yaris;Conducente;0;M;Illeso;0;;;
3584070;16;01/12/2017 18:30:00;;VIA DI BRAVETTA;all'intersezione semaforizzata con;VIA SILVESTRI;VIA SILVESTRI;;;Scontro frontale/laterale DX fra veicoli in marcia;;;;;;;;;;0;0;0;2;12,42579;41,87628;0;2;Motociclo a solo;In marcia / fermata / arresto;Honda;sh300;Conducente;0;F;Illeso;0;;;
3584084;12;02/12/2017 23:30:00;Strada Urbana;VIA CRISTOFORO COLOMBO;all'intersezione con;VIALE DELLA CIVILTA' DEL LAVORO;VIALE DELLA CIVILTA' DEL LAVORO;;;Scontro frontale/laterale DX fra veicoli in marcia;Incrocio;Più di due carreggiate;Bagnato (pioggia);Asfaltata;Verticale ed orizzontale;Pioggia in atto;Normale;Buona;Sufficiente;0;0;0;3;12,47133;41,83498;0;1;Autovettura privata;In marcia / fermata / arresto;Ford;Fiesta;Conducente;1998;M;Illeso;0;;Non accertato;Inesploso
3584084;12;02/12/2017 23:30:00;Strada Urbana;VIA CRISTOFORO COLOMBO;all'intersezione con;VIALE DELLA CIVILTA' DEL LAVORO;VIALE DELLA CIVILTA' DEL LAVORO;;;Scontro frontale/laterale DX fra veicoli in marcia;Incrocio;Più di due carreggiate;Bagnato (pioggia);Asfaltata;Verticale ed orizzontale;Pioggia in atto;Normale;Buona;Sufficiente;0;0;0;3;12,47133;41,83498;0;2;Autovettura privata;In marcia / fermata / arresto;Lancia;Ypsilon;Conducente;1988;F;Illeso;0;;Non accertato;Inesploso
3584084;12;02/12/2017 23:30:00;Strada Urbana;VIA CRISTOFORO COLOMBO;all'intersezione con;VIALE DELLA CIVILTA' DEL LAVORO;VIALE DELLA CIVILTA' DEL LAVORO;;;Scontro frontale/laterale DX fra veicoli in marcia;Incrocio;Più di due carreggiate;Bagnato (pioggia);Asfaltata;Verticale ed orizzontale;Pioggia in atto;Normale;Buona;Sufficiente;0;0;0;3;12,47133;41,83498;0;2;Autovettura privata;In marcia / fermata / arresto;Lancia;Ypsilon;Passeggero;1987;F;Illeso;0;;Non accertato;Inesploso
3584087;16;02/12/2017 10:45:00;;PIAZZALE EUGENIO MORELLI;in prossimità;;del civico n.;48;;Scontro laterale fra veicoli in marcia;;;;;;;;;;0;0;0;2;12,44305;41,86068;0;1;Autovettura privata;In marcia / fermata / arresto;Mercedes;E220;Conducente;0;M;Illeso;0;;;
3584087;16;02/12/2017 10:45:00;;PIAZZALE EUGENIO MORELLI;in prossimità;;del civico n.;48;;Scontro laterale fra veicoli in marcia;;;;;;;;;;0;0;0;2;12,44305;41,86068;0;2;Autovettura privata;In marcia / fermata / arresto;Fiat;Punto;Conducente;0;M;Illeso;0;;;
3584104;10;04/12/2017 18:25:00;Strada Urbana;VIA ANDREA MONETA;in corrispondenza;;del palo luce n.;19;;Tamponamento Multiplo;Rettilineo;Una carreggiata a doppio senso;Asciutto;Asfaltata;Verticale;Sereno;Normale;Sufficiente;Sufficiente;1;0;0;4;12,5891;41,84612;-1;1;Autovettura privata;In marcia / fermata / arresto;Fiat;Punto;Conducente;1986;F;Rifiuta cure immediate;0;NON DECEDUTO;Non accertato;Inesploso
3584104;10;04/12/2017 18:25:00;Strada Urbana;VIA ANDREA MONETA;in corrispondenza;;del palo luce n.;19;;Tamponamento Multiplo;Rettilineo;Una carreggiata a doppio senso;Asciutto;Asfaltata;Verticale;Sereno;Normale;Sufficiente;Sufficiente;1;0;0;4;12,5891;41,84612;-1;2;Autovettura privata;In marcia / fermata / arresto;Ford;(non accertato);Conducente;1982;F;Illeso;0;;Non accertato;Inesploso
3584104;10;04/12/2017 18:25:00;Strada Urbana;VIA ANDREA MONETA;in corrispondenza;;del palo luce n.;19;;Tamponamento Multiplo;Rettilineo;Una carreggiata a doppio senso;Asciutto;Asfaltata;Verticale;Sereno;Normale;Sufficiente;Sufficiente;1;0;0;4;12,5891;41,84612;-1;2;Autovettura privata;In marcia / fermata / arresto;Ford;(non accertato);Passeggero;1987;M;Illeso;0;;Non accertato;Inesploso
3584104;10;04/12/2017 18:25:00;Strada Urbana;VIA ANDREA MONETA;in corrispondenza;;del palo luce n.;19;;Tamponamento Multiplo;Rettilineo;Una carreggiata a doppio senso;Asciutto;Asfaltata;Verticale;Sereno;Normale;Sufficiente;Sufficiente;1;0;0;4;12,5891;41,84612;-1;3;Autocarro inferiore 35 q.;In marcia / fermata / arresto;Ford;Transit;Conducente;1991;M;Illeso;0;;Non accertato;Inesploso