Protocollo;Gruppo;DataOraIncidente;Localizzazione1;STRADA1;Localizzazione2;STRADA2;Strada02;Chilometrica;DaSpecificare;NaturaIncidente;particolaritastrade;TipoStrada;FondoStradale;Pavimentazione;Segnaletica;CondizioneAtmosferica;Traffico;Visibilita;Illuminazione;NUM_FERITI;NUM_RISERVATA;NUM_MORTI;NUM_ILLESI;Longitudine;Latitudine;Confermato;Progressivo;TipoVeicolo;StatoVeicolo;Marca;Modello;TipoPersona;AnnoNascita;Sesso;Tipolesione;Deceduto;DecedutoDopo;CinturaCascoUtilizzato;Airbag;
3584104;10;04/12/2017 18:25:00;Strada Urbana;VIA ANDREA MONETA;in corrispondenza;;del palo luce n.;19;;Tamponamento Multiplo;Rettilineo;Una carreggiata a doppio senso;Asciutto;Asfaltata;Verticale;Sereno;Normale;Sufficiente;Sufficiente;1;0;0;4;12,5891;41,84612;-1;4;Autovettura privata;In marcia / fermata / arresto;Fiat;Punto;Conducente;1982;F;Illeso;0;;Non accertato;Inesploso
3584131;9;04/12/2017 08:45:00;;VIA DI VIGNA FABBRI;in prossimità;;del civico n.;85;;Scontro frontale/laterale SX fra veicoli in marcia;;;;;;;;;;0;0;0;2;;;0;1;Autovettura privata;In marcia / fermata / arresto;Fiat;Seicento;Conducente;1965;M;Illeso;0;;;
3584131;9;04/12/2017 08:45:00;;VIA DI VIGNA FABBRI;in prossimità;;del civico n.;85;;Scontro frontale/laterale SX fra veicoli in marcia;;;;;;;;;;0;0;0;2;;;0;2;Autovettura privata;In marcia / fermata / arresto;Mercedes;B 200 CDI;Conducente;1977;M;Illeso;0;;;
3584148;15;04/12/2017 15:20:00;Strada Urbana;VIA PORTUENSE;all'intersezione con;VIA QUIRINO MAJORANA;VIA QUIRINO MAJORANA;;;Scontro laterale fra veicoli in marcia;Incrocio;Una carreggiata a senso unico di marcia;Asciutto;Asfaltata;Orizzontale;Sereno;Normale;Buona;Ore Diurne;0;0;0;2;12,35585;41,82718;0;1;Autovettura pubblica;In marcia / fermata / arresto;Opel;Vivaro;Conducente;1966;M;Illeso;0;;Utilizzato;
3584148;15;04/12/2017 15:20:00;Strada Urbana;VIA PORTUENSE;all'intersezione con;VIA QUIRINO MAJORANA;VIA QUIRINO MAJORANA;;;Scontro laterale fra veicoli in marcia;Incrocio;Una carreggiata a senso unico di marcia;Asciutto;Asfaltata;Orizzontale;Sereno;Normale;Buona;Ore Diurne;0;0;0;2;12,35585;41,82718;0;2;Autovettura privata;In marcia / fermata / arresto;Volkswagen;Passat;Conducente;1974;M;Illeso;0;;Non accertato;
3584155;5;04/12/2017 18:30:00;;VIA TIBURTINA;da specificare;;;;prossimità Via Tor Cervara;Scontro laterale fra veicoli in marcia;;;;;;;;;;0;0;0;2;12,58647;41,93266;0;1;Autovettura privata;In marcia / fermata / arresto;Peugeot;107;Conducente;1996;M;Illeso;0;;Non accertato;Inesploso
3584155;5;04/12/2017 18:30:00;;VIA TIBURTINA;da specificare;;;;prossimità Via Tor Cervara;Scontro laterale fra veicoli in marcia;;;;;;;;;;0;0;0;2;12,58647;41,93266;0;2;Autovettura privata;In marcia / fermata / arresto;Ford;Focus;Conducente;1959;M;Illeso;0;;Non accertato;Inesploso
3584156;9;04/12/2017 09:50:00;;VIA CASILINA;da specificare;;;;FRONTE CIVICO 115;Scontro laterale fra veicoli in marcia;;;;;;;;;;1;0;0;1;;;0;1;Autovettura privata;In marcia / fermata / arresto;Hyundai;ix20;Conducente;1964;M;Illeso;0;;;
3584156;9;04/12/2017 09:50:00;;VIA CASILINA;da specificare;;;;FRONTE CIVICO 115;Scontro laterale fra veicoli in marcia;;;;;;;;;;1;0;0;1;;;0;2;Ciclomotore;In marcia / fermata / arresto;(ignoto);(ignoto);Conducente;1966;M;Ricoverato;0;NON DECEDUTO;;
3584158;16;02/12/2017 23:15:00;Strada Urbana;VIA FRATELLI BONNET;all'intersezione con;VIALE DELLE MURA GIANICOLENSI;VIALE DELLE MURA GIANICOLENSI;;;Scontro frontale/laterale DX fra veicoli in marcia;Incrocio;Una carreggiata a doppio senso;Asciutto;Asfaltata;Verticale ed orizzontale;Sereno;Scarso;Buona;Sufficiente;0;0;0;2;12,46011;41,88521;-1;1;Motociclo a solo;In marcia / fermata / arresto;Honda;SH150;Conducente;1986;M;Illeso;0;;Non accertato;
3584158;16;02/12/2017 23:15:00;Strada Urbana;VIA FRATELLI BONNET;all'intersezione con;VIALE DELLE MURA GIANICOLENSI;VIALE DELLE MURA GIANICOLENSI;;;Scontro frontale/laterale DX fra veicoli in marcia;Incrocio;Una carreggiata a doppio senso;Asciutto;Asfaltata;Verticale ed orizzontale;Sereno;Scarso;Buona;Sufficiente;0;0;0;2;12,46011;41,88521;-1;2;Autovettura privata;In marcia / fermata / arresto;Volkswagen;TIGUAN;Conducente;1970;M;Illeso;0;;Non accertato;
3584159;15;04/12/2017 16:05:00;Strada Urbana;VIA PORTUENSE;in corrispondenza;;del civico n.;761/B;;Scontro laterale fra veicoli in marcia;Rettilineo;Una carreggiata a doppio senso;Asciutto;Asfaltata;Verticale ed orizzontale;Nebbia;Intenso;Buona;Sufficiente;0;0;0;4;;;0;1;Autovettura privata;In marcia / fermata / arresto;Opel;AGILA;Conducente;1938;M;Illeso;0;;Non accertato;Inesploso
3584159;15;04/12/2017 16:05:00;Strada Urbana;VIA PORTUENSE;in corrispondenza;;del civico n.;761/B;;Scontro laterale fra veicoli in marcia;Rettilineo;Una carreggiata a doppio senso;Asciutto;Asfaltata;Verticale ed orizzontale;Nebbia;Intenso;Buona;Sufficiente;0;0;0;4;;;0;1;Autovettura privata;In marcia / fermata / arresto;Opel;AGILA;Passeggero;1944;F;Illeso;0;;Non accertato;Inesploso
3584159;15;04/12/2017 16:05:00;Strada Urbana;VIA PORTUENSE;in corrispondenza;;del civico n.;761/B;;Scontro laterale fra veicoli in marcia;Rettilineo;Una carreggiata a doppio senso;Asciutto;Asfaltata;Verticale ed orizzontale;Nebbia;Intenso;Buona;Sufficiente;0;0;0;4;;;0;1;Autovettura privata;In marcia / fermata / arresto;Opel;AGILA;Passeggero;2017;F;Illeso;0;;Non accertato;Inesploso
3584159;15;04/12/2017 16:05:00;Strada Urbana;VIA PORTUENSE;in corrispondenza;;del civico n.;761/B;;Scontro laterale fra veicoli in marcia;Rettilineo;Una carreggiata a doppio senso;Asciutto;Asfaltata;Verticale ed orizzontale;Nebbia;Intenso;Buona;Sufficiente;0;0;0;4;;;0;2;Motociclo a solo;In marcia / fermata / arresto;Honda;-;Conducente;1966;M;Illeso;0;;Non accertato;
3584164;6;04/12/2017 17:30:00;Strada Urbana;VIA CASILINA;in corrispondenza;;del civico n.;346;;Scontro laterale fra veicoli in marcia;Rettilineo;Due carreggiate;Asciutto;Asfaltata;Verticale ed orizzontale;Sereno;Intenso;Sufficiente;Sufficiente;0;0;0;2;12,53984;41,88086;-1;1;Autovettura privata;In marcia / fermata / arresto;Ford;KA;Conducente;1976;F;Illeso;0;;Non accertato;Inesploso
3584164;6;04/12/2017 17:30:00;Strada Urbana;VIA CASILINA;in corrispondenza;;del civico n.;346;;Scontro laterale fra veicoli in marcia;Rettilineo;Due carreggiate;Asciutto;Asfaltata;Verticale ed orizzontale;Sereno;Intenso;Sufficiente;Sufficiente;0;0;0;2;12,53984;41,88086;-1;2;Autovettura privata;In marcia / fermata / arresto;Ford;Focus;Conducente;1964;M;Illeso;0;;Non accertato;Inesploso
3584171;16;03/12/2017 01:40:00;Strada Urbana;VIA VINCENZO USSANI;in corrispondenza;;del civico n.;81;;Veicolo in marcia contro ostacolo fisso;Pendenza;Una carreggiata a doppio senso;Bagnato (umidità in atto);Asfaltata;Orizzontale;Nuvoloso;Scarso;Buona;Sufficiente;1;0;0;0;12,44162;41,85856;0;1;Autovettura privata;In marcia / fermata / arresto;Mercedes;Smart Fortwo Coupè;Conducente;1950;F;Rimandato;0;NON DECEDUTO;Non accertato;Inesploso
3584183;16;03/12/2017 07:10:00;Strada Urbana;CIRCONVALLAZIONE GIANICOLENSE;all'intersezione semaforizzata con;VIA LUIGI ZAMBARELLI;VIA LUIGI ZAMBARELLI;;;Scontro frontale/laterale DX fra veicoli in marcia;Intersezione semaforizzata;Più di due carreggiate;Bagnato (pioggia);Asfaltata;Verticale ed orizzontale;Nuvoloso;Scarso;Sufficiente;Sufficiente;0;0;0;2;12,44956;41,87247;0;1;Autovettura privata;In marcia / fermata / arresto;Renault;Twingo;Conducente;1996;F;Illeso;0;;Non accertato;Inesploso
3584183;16;03/12/2017 07:10:00;Strada Urbana;CIRCONVALLAZIONE GIANICOLENSE;all'intersezione semaforizzata con;VIA LUIGI ZAMBARELLI;VIA LUIGI ZAMBARELLI;;;Scontro frontale/laterale DX fra veicoli in marcia;Intersezione semaforizzata;Più di due carreggiate;Bagnato (pioggia);Asfaltata;Verticale ed orizzontale;Nuvoloso;Scarso;Sufficiente;Sufficiente;0;0;0;2;12,44956;41,87247;0;2;Autovettura privata;In marcia / fermata / arresto;Toyota;Yaris;Conducente;1963;F;Illeso;0;;Non accertato;Inesploso
3584200;16;04/12/2017 10:00:00;;VIA FEDERICO OZANAM;da specificare;;;;in corrispondenza del civico 112;Tamponamento;;;;;;;;;;0;0;0;2;12,44921;41,87683;0;1;Motociclo a solo;In marcia / fermata / arresto;Piaggio;Vespa;Conducente;0;F;Illeso;0;;;
3584200;16;04/12/2017 10:00:00;;VIA FEDERICO OZANAM;da specificare;;;;in corrispondenza del civico 112;Tamponamento;;;;;;;;;;0;0;0;2;12,44921;41,87683;0;2;Autovettura privata;In marcia / fermata / arresto;Peugeot;107;Conducente;0;F;Illeso;0;;;
3584315;11;04/12/2017 08:45:00;Strada Urbana;VIA DI FIORANELLO;in corrispondenza;;del civico n.;31;;Scontro laterale fra veicoli in marcia;Rettilineo;Una carreggiata a doppio senso;Asciutto;Asfaltata;Verticale ed orizzontale;Sereno;Normale;Buona;Ore Diurne;0;0;0;3;12,57651;41,7924;0;1;Autovettura privata;In marcia / fermata / arresto;BMW;116;Conducente;1968;F;Illeso;0;;;
3584315;11;04/12/2017 08:45:00;Strada Urbana;VIA DI FIORANELLO;in corrispondenza;;del civico n.;31;;Scontro laterale fra veicoli in marcia;Rettilineo;Una carreggiata a doppio senso;Asciutto;Asfaltata;Verticale ed orizzontale;Sereno;Normale;Buona;Ore Diurne;0;0;0;3;12,57651;41,7924;0;2;Autovettura privata;In marcia / fermata / arresto;Renault;(ignoto);Conducente;1983;M;Illeso;0;;;
3584315;11;04/12/2017 08:45:00;Strada Urbana;VIA DI FIORANELLO;in corrispondenza;;del civico n.;31;;Scontro laterale fra veicoli in marcia;Rettilineo;Una carreggiata a doppio senso;Asciutto;Asfaltata;Verticale ed orizzontale;Sereno;Normale;Buona;Ore Diurne;0;0;0;3;12,57651;41,7924;0;2;Autovettura privata;In marcia / fermata / arresto;Renault;(ignoto);Passeggero;1975;F;Illeso;0;;;
3584317;11;04/12/2017 13:50:00;Strada Urbana;VIA MARIO MUSCO;in prossimità;;del civico n.;11;;Tamponamento;Rettilineo;Una carreggiata a senso unico di marcia;Asciutto;Asfaltata;Verticale ed orizzontale;Sereno;Scarso;Buona;Ore Diurne;0;0;0;2;12,48695;41,84865;-1;1;Autovettura privata;In marcia / fermata / arresto;Fiat;Doblò;Conducente;1983;M;Illeso;0;;;
3584317;11;04/12/2017 13:50:00;Strada Urbana;VIA MARIO MUSCO;in prossimità;;del civico n.;11;;Tamponamento;Rettilineo;Una carreggiata a senso unico di marcia;Asciutto;Asfaltata;Verticale ed orizzontale;Sereno;Scarso;Buona;Ore Diurne;0;0;0;2;12,48695;41,84865;-1;2;Autovettura privata;In marcia / fermata / arresto;Peugeot;208;Conducente;1976;F;Illeso;0;;;
3584453;9;04/12/2017 09:50:00;;VIA NOLA;da specificare;;;;alt.Viale Castrense;Scontro laterale fra veicoli in marcia;;;;;;;;;;0;0;0;2;;;0;1;Autocarro inferiore 35 q.;In marcia / fermata / arresto;Scania;(non accertato);Conducente;1957;M;Illeso;0;;;
3584453;9;04/12/2017 09:50:00;;VIA NOLA;da specificare;;;;alt.Viale Castrense;Scontro laterale fra veicoli in marcia;;;;;;;;;;0;0;0;2;;;0;2;Autovettura privata;In marcia / fermata / arresto;Alfa Lancia;Y;Conducente;1975;M;Illeso;0;;;
3584467;10;04/12/2017 19:15:00;;VIA TUSCOLANA;all'intersezione con;LARGO VOLUMNIA;LARGO VOLUMNIA;;;Tamponamento;;;;;;;;;;0;0;0;3;;;0;1;Autovettura privata;In marcia / fermata / arresto;BMW;318 D;Conducente;1967;F;Illeso;0;;;
3584467;10;04/12/2017 19:15:00;;VIA TUSCOLANA;all'intersezione con;LARGO VOLUMNIA;LARGO VOLUMNIA;;;Tamponamento;;;;;;;;;;0;0;0;3;;;0;1;Autovettura privata;In marcia / fermata / arresto;BMW;318 D;Passeggero;2006;F;Illeso;0;;;
3584467;10;04/12/2017 19:15:00;;VIA TUSCOLANA;all'intersezione con;LARGO VOLUMNIA;LARGO VOLUMNIA;;;Tamponamento;;;;;;;;;;0;0;0;3;;;0;2;Autovettura privata;In marcia / fermata / arresto;Innocenti;Mini;Conducente;1963;M;Illeso;0;;;
3584475;10;05/12/2017 00:50:00;;CIRCONVALLAZIONE TUSCOLANA;all'intersezione con;VIA QUINTILIO VARO;VIA QUINTILIO VARO;;;Scontro frontale/laterale DX fra veicoli in marcia;;;;;;;;;;0;0;0;4;12,56871;41,85141;0;1;Autovettura privata;In marcia / fermata / arresto;Nissan;Micra;Conducente;1987;M;Illeso;0;;;
3584475;10;05/12/2017 00:50:00;;CIRCONVALLAZIONE TUSCOLANA;all'intersezione con;VIA QUINTILIO VARO;VIA QUINTILIO VARO;;;Scontro frontale/laterale DX fra veicoli in marcia;;;;;;;;;;0;0;0;4;12,56871;41,85141;0;1;Autovettura privata;In marcia / fermata / arresto;Nissan;Micra;Passeggero;1990;F;Illeso;0;;;
3584475;10;05/12/2017 00:50:00;;CIRCONVALLAZIONE TUSCOLANA;all'intersezione con;VIA QUINTILIO VARO;VIA QUINTILIO VARO;;;Scontro frontale/laterale DX fra veicoli in marcia;;;;;;;;;;0;0;0;4;12,56871;41,85141;0;2;Autovettura privata;In marcia / fermata / arresto;Honda;Civic;Conducente;1985;M;Illeso;0;;;
3584475;10;05/12/2017 00:50:00;;CIRCONVALLAZIONE TUSCOLANA;all'intersezione con;VIA QUINTILIO VARO;VIA QUINTILIO VARO;;;Scontro frontale/laterale DX fra veicoli in marcia;;;;;;;;;;0;0;0;4;12,56871;41,85141;0;2;Autovettura privata;In marcia / fermata / arresto;Honda;Civic;Passeggero;1979;F;Illeso;0;;;
3584500;11;04/12/2017 16:30:00;Strada Urbana;VIA CRISTOFORO COLOMBO;da specificare;;;;in prossimità via Genocchi;Scontro laterale fra veicoli in marcia;Curva a visuale libera;Più di due carreggiate;Asciutto;Asfaltata;Verticale ed orizzontale;Sereno;Normale;Buona;Ore Diurne;0;0;0;3;12,49626;41,85878;0;1;Autocarro inferiore 35 q.;In marcia / fermata / arresto;Fiat;Panda Van;Conducente;1976;M;Illeso;0;;Non accertato;
3584500;11;04/12/2017 16:30:00;Strada Urbana;VIA CRISTOFORO COLOMBO;da specificare;;;;in prossimità via Genocchi;Scontro laterale fra veicoli in marcia;Curva a visuale libera;Più di due carreggiate;Asciutto;Asfaltata;Verticale ed orizzontale;Sereno;Normale;Buona;Ore Diurne;0;0;0;3;12,49626;41,85878;0;2;Autovettura pubblica;In marcia / fermata / arresto;Citroen;JUMPER;Conducente;1978;M;Illeso;0;;Non accertato;
3584500;11;04/12/2017 16:30:00;Strada Urbana;VIA CRISTOFORO COLOMBO;da specificare;;;;in prossimità via Genocchi;Scontro laterale fra veicoli in marcia;Curva a visuale libera;Più di due carreggiate;Asciutto;Asfaltata;Verticale ed orizzontale;Sereno;Normale;Buona;Ore Diurne;0;0;0;3;12,49626;41,85878;0;2;Autovettura pubblica;In marcia / fermata / arresto;Citroen;JUMPER;Passeggero;1997;M;Illeso;0;;Non accertato;
3584501;8;04/12/2017 06:30:00;;VIA DI TOR VERGATA;all'intersezione con;VIA DELLA TENUTA DI TORRENOVA;VIA DELLA TENUTA DI TORRENOVA;;;Scontro laterale fra veicoli in marcia;;;;;;;;;;0;0;0;2;12,6225;41,85923;0;1;Autovettura privata;In marcia / fermata / arresto;Daewoo;Matiz;Conducente;1953;M;Illeso;0;;;
3584501;8;04/12/2017 06:30:00;;VIA DI TOR VERGATA;all'intersezione con;VIA DELLA TENUTA DI TORRENOVA;VIA DELLA TENUTA DI TORRENOVA;;;Scontro laterale fra veicoli in marcia;;;;;;;;;;0;0;0;2;12,6225;41,85923;0;2;Autovettura privata;In marcia / fermata / arresto;Fiat;Punto;Conducente;1962;M;Illeso;0;;;
3584503;8;04/12/2017 08:25:00;;VIA ROCCAFORTE DEL GRECO;all'intersezione con;VIA DI ROCCA CENCIA;VIA DI ROCCA CENCIA;;;Veicolo in marcia contro veicolo in sosta;;;;;;;;;;0;0;0;1;12,69019;41,8707;0;1;Autocarro inferiore 35 q.;In marcia / fermata / arresto;Iveco;Magirus;Conducente;1995;M;Illeso;0;;;
3584509;8;04/12/2017 09:15:00;Strada Urbana;VIALE OXFORD;all'intersezione con;VIA DI TOR VERGATA;VIA DI TOR VERGATA;;;Scontro laterale fra veicoli in marcia;Rotatoria;Una carreggiata a senso unico di marcia;Asciutto;Asfaltata;Verticale ed orizzontale;Sereno;Normale;Buona;Ore Diurne;0;0;0;3;12,62265;41,8469;-1;1;Autovettura privata;In marcia / fermata / arresto;Renault;Clio;Conducente;1947;M;Illeso;0;;Non accertato;Inesploso
3584509;8;04/12/2017 09:15:00;Strada Urbana;VIALE OXFORD;all'intersezione con;VIA DI TOR VERGATA;VIA DI TOR VERGATA;;;Scontro laterale fra veicoli in marcia;Rotatoria;Una carreggiata a senso unico di marcia;Asciutto;Asfaltata;Verticale ed orizzontale;Sereno;Normale;Buona;Ore Diurne;0;0;0;3;12,62265;41,8469;-1;1;Autovettura privata;In marcia / fermata / arresto;Renault;Clio;Passeggero;1947;F;Illeso;0;;Non accertato;Inesploso
3584509;8;04/12/2017 09:15:00;Strada Urbana;VIALE OXFORD;all'intersezione con;VIA DI TOR VERGATA;VIA DI TOR VERGATA;;;Scontro laterale fra veicoli in marcia;Rotatoria;Una carreggiata a senso unico di marcia;Asciutto;Asfaltata;Verticale ed orizzontale;Sereno;Normale;Buona;Ore Diurne;0;0;0;3;12,62265;41,8469;-1;2;Autovettura privata;In marcia / fermata / arresto;Fiat-Lancia;YPSILON;Conducente;1995;M;Illeso;0;;Non accertato;Inesploso
3584511;8;04/12/2017 09:30:00;Strada Urbana;VIA DEI CENTAURI;all'intersezione con;VIA CHIRONE;VIA CHIRONE;;;Scontro frontale/laterale SX fra veicoli in marcia;Incrocio;Una carreggiata a doppio senso;Asciutto;Asfaltata;Verticale;Sereno;Normale;Sufficiente;Ore Diurne;0;0;0;2;12,61842;41,87987;0;1;Quadriciclo leggero;In marcia / fermata / arresto;GRECAV S.P.A.;EKE L M5;Conducente;1942;M;Illeso;0;;Non accertato;Inesploso
3584511;8;04/12/2017 09:30:00;Strada Urbana;VIA DEI CENTAURI;all'intersezione con;VIA CHIRONE;VIA CHIRONE;;;Scontro frontale/laterale SX fra veicoli in marcia;Incrocio;Una carreggiata a doppio senso;Asciutto;Asfaltata;Verticale;Sereno;Normale;Sufficiente;Ore Diurne;0;0;0;2;12,61842;41,87987;0;2;Autovettura privata;In marcia / fermata / arresto;BMW;X5;Conducente;1974;M;Illeso;0;;Non accertato;Inesploso
3584514;8;04/12/2017 10:00:00;;VIA SELLIA;all'intersezione con;VIA MAIDA;VIA MAIDA;;;Scontro laterale fra veicoli in marcia;;;;;;;;;;1;0;0;1;12,67833;41,87214;0;1;Autovettura privata;In marcia / fermata / arresto;Toyota;(non accertato);Conducente;1998;M;Ricoverato;0;NON DECEDUTO;;
3584514;8;04/12/2017 10:00:00;;VIA SELLIA;all'intersezione con;VIA MAIDA;VIA MAIDA;;;Scontro laterale fra veicoli in marcia;;;;;;;;;;1;0;0;1;12,67833;41,87214;0;2;Autovettura privata;In marcia / fermata / arresto;Chrysler;JEEP CRD;Conducente;1947;;Illeso;0;;;
3584516;19;04/12/2017 15:30:00;Strada Urbana;VIALE ESPERIA SPERANI;all'intersezione con;VIA VIVI GIOI;VIA VIVI GIOI;;;Scontro frontale/laterale DX fra veicoli in marcia;Rotatoria;Una carreggiata a senso unico di marcia;Asciutto;Asfaltata;Verticale ed orizzontale;Sereno;Normale;Buona;Ore Diurne;0;0;0;3;12,3966;41,96179;-1;1;Autovettura privata;In marcia / fermata / arresto;Fiat;Panda;Conducente;1997;M;Illeso;0;;;
3584516;19;04/12/2017 15:30:00;Strada Urbana;VIALE ESPERIA SPERANI;all'intersezione con;VIA VIVI GIOI;VIA VIVI GIOI;;;Scontro frontale/laterale DX fra veicoli in marcia;Rotatoria;Una carreggiata a senso unico di marcia;Asciutto;Asfaltata;Verticale ed orizzontale;Sereno;Normale;Buona;Ore Diurne;0;0;0;3;12,3966;41,96179;-1;2;Autovettura privata;In marcia / fermata / arresto;Fiat;600;Conducente;1996;M;Illeso;0;;;
3584516;19;04/12/2017 15:30:00;Strada Urbana;VIALE ESPERIA SPERANI;all'intersezione con;VIA VIVI GIOI;VIA VIVI GIOI;;;Scontro frontale/laterale DX fra veicoli in marcia;Rotatoria;Una carreggiata a senso unico di marcia;Asciutto;Asfaltata;Verticale ed orizzontale;Sereno;Normale;Buona;Ore Diurne;0;0;0;3;12,3966;41,96179;-1;2;Autovettura privata;In marcia / fermata / arresto;Fiat;600;Passeggero;1999;F;Illeso;0;;Non accertato;
3584517;8;04/12/2017 11:00:00;Strada Urbana;VIALE GUIDO CARLI;da specificare;;;;ingresso orto botanico dir. PTV;Tamponamento Multiplo;Rettilineo;Una carreggiata a senso unico di marcia;Asciutto;Asfaltata;Verticale ed orizzontale;Sereno;Normale;Sufficiente;Ore Diurne;1;0;0;1;12,64704;41,84318;0;1;Autovettura privata;In marcia / fermata / arresto;Fiat;500;Conducente;1954;M;Illeso;0;;Non accertato;Inesploso
3584517;8;04/12/2017 11:00:00;Strada Urbana;VIALE GUIDO CARLI;da specificare;;;;ingresso orto botanico dir. PTV;Tamponamento Multiplo;Rettilineo;Una carreggiata a senso unico di marcia;Asciutto;Asfaltata;Verticale ed orizzontale;Sereno;Normale;Sufficiente;Ore Diurne;1;0;0;1;12,64704;41,84318;0;2;Velocipede;In marcia / fermata / arresto;SCOTT;(ignoto);Conducente;1945;M;Rimandato;0;NON DECEDUTO;Esente;
3584520;8;04/12/2017 12:25:00;;VIA DI TORRE SPACCATA;in prossimità;;del civico n.;110/c;;Investimento di pedone;;;;;;;;;;1;0;0;2;12,58778;41,85817;0;;;;;;Pedone;1942;F;Ricoverato;0;NON DECEDUTO;;
3584520;8;04/12/2017 12:25:00;;VIA DI TORRE SPACCATA;in prossimità;;del civico n.;110/c;;Investimento di pedone;;;;;;;;;;1;0;0;2;12,58778;41,85817;0;1;Autovettura privata;In marcia / fermata / arresto;Toyota;Yaris;Conducente;1980;;Illeso;0;;;
3584520;8;04/12/2017 12:25:00;;VIA DI TORRE SPACCATA;in prossimità;;del civico n.;110/c;;Investimento di pedone;;;;;;;;;;1;0;0;2;12,58778;41,85817;0;1;Autovettura privata;In marcia / fermata / arresto;Toyota;Yaris;Passeggero;1986;F;Illeso;0;;;
3584521;8;04/12/2017 13:45:00;;VIA DELL'ACQUA VERGINE;in prossimità;;del palo luce n.;27;;Scontro laterale fra veicoli in marcia;;;;;;;;;;0;0;0;6;12,62595;41,89619;0;1;Autovettura privata;In marcia / fermata / arresto;Ford;Focus;Conducente;1963;M;Illeso;0;;;
3584521;8;04/12/2017 13:45:00;;VIA DELL'ACQUA VERGINE;in prossimità;;del palo luce n.;27;;Scontro laterale fra veicoli in marcia;;;;;;;;;;0;0;0;6;12,62595;41,89619;0;1;Autovettura privata;In marcia / fermata / arresto;Ford;Focus;Passeggero;0;M;Illeso;0;;;
3584521;8;04/12/2017 13:45:00;;VIA DELL'ACQUA VERGINE;in prossimità;;del palo luce n.;27;;Scontro laterale fra veicoli in marcia;;;;;;;;;;0;0;0;6;12,62595;41,89619;0;2;Autovettura privata;In marcia / fermata / arresto;Volkswagen;Passat;Conducente;1986;M;Illeso;0;;;
3584521;8;04/12/2017 13:45:00;;VIA DELL'ACQUA VERGINE;in prossimità;;del palo luce n.;27;;Scontro laterale fra veicoli in marcia;;;;;;;;;;0;0;0;6;12,62595;41,89619;0;2;Autovettura privata;In marcia / fermata / arresto;Volkswagen;Passat;Passeggero;0;M;Illeso;0;;;
3584523;11;04/12/2017 17:40:00;Strada Urbana;VIALE GUGLIELMO MARCONI;all'intersezione con;LARGO GIUSEPPE VERATTI;LARGO GIUSEPPE VERATTI;;;Scontro laterale fra veicoli in marcia;Intersezione stradale segnalata;Due carreggiate;Asciutto;Asfaltata;Verticale ed orizzontale;Sereno;Normale;Buona;Sufficiente;2;0;0;2;12,47346;41,85152;0;1;Autovettura privata;In marcia / fermata / arresto;Citroen;C 2;Conducente;1991;M;Illeso;0;;Non accertato;
3584523;11;04/12/2017 17:40:00;Strada Urbana;VIALE GUGLIELMO MARCONI;all'intersezione con;LARGO GIUSEPPE VERATTI;LARGO GIUSEPPE VERATTI;;;Scontro laterale fra veicoli in marcia;Intersezione stradale segnalata;Due carreggiate;Asciutto;Asfaltata;Verticale ed orizzontale;Sereno;Normale;Buona;Sufficiente;2;0;0;2;12,47346;41,85152;0;1;Autovettura privata;In marcia / fermata / arresto;Citroen;C 2;Passeggero;1997;F;Illeso;0;;Non accertato;
3584523;11;04/12/2017 17:40:00;Strada Urbana;VIALE GUGLIELMO MARCONI;all'intersezione con;LARGO GIUSEPPE VERATTI;LARGO GIUSEPPE VERATTI;;;Scontro laterale fra veicoli in marcia;Intersezione stradale segnalata;Due carreggiate;Asciutto;Asfaltata;Verticale ed orizzontale;Sereno;Normale;Buona;Sufficiente;2;0;0;2;12,47346;41,85152;0;2;Motociclo con passeggero;In marcia / fermata / arresto;Honda;SW T400;Conducente;1965;M;Rifiuta cure immediate;0;NON DECEDUTO;Non accertato;
3584523;11;04/12/2017 17:40:00;Strada Urbana;VIALE GUGLIELMO MARCONI;all'intersezione con;LARGO GIUSEPPE VERATTI;LARGO GIUSEPPE VERATTI;;;Scontro laterale fra veicoli in marcia;Intersezione stradale segnalata;Due carreggiate;Asciutto;Asfaltata;Verticale ed orizzontale;Sereno;Normale;Buona;Sufficiente;2;0;0;2;12,47346;41,85152;0;2;Motociclo con passeggero;In marcia / fermata / arresto;Honda;SW T400;Passeggero;1964;M;Rifiuta cure immediate;0;NON DECEDUTO;Non accertato;
3584525;8;04/12/2017 14:40:00;Strada Urbana;VIA ATLANTE;all'intersezione con;VIA CASETTA MISTICI;VIA CASETTA MISTICI;;;Scontro frontale/laterale DX fra veicoli in marcia;Incrocio;Una carreggiata a doppio senso;Asciutto;Asfaltata;Verticale ed orizzontale;Sereno;Normale;Sufficiente;Ore Diurne;0;0;0;2;12,61736;41,87609;-1;1;Autovettura privata;In marcia / fermata / arresto;Nissan;QASHQAI;Conducente;1988;M;Illeso;0;;Non accertato;Inesploso
3584525;8;04/12/2017 14:40:00;Strada Urbana;VIA ATLANTE;all'intersezione con;VIA CASETTA MISTICI;VIA CASETTA MISTICI;;;Scontro frontale/laterale DX fra veicoli in marcia;Incrocio;Una carreggiata a doppio senso;Asciutto;Asfaltata;Verticale ed orizzontale;Sereno;Normale;Sufficiente;Ore Diurne;0;0;0;2;12,61736;41,87609;-1;2;Autovettura privata;In marcia / fermata / arresto;Ford;Fusion;Conducente;1992;M;Illeso;0;;Non accertato;Inesploso