Protocollo;Gruppo;DataOraIncidente;Localizzazione1;STRADA1;Localizzazione2;STRADA2;Strada02;Chilometrica;DaSpecificare;NaturaIncidente;particolaritastrade;TipoStrada;FondoStradale;Pavimentazione;Segnaletica;CondizioneAtmosferica;Traffico;Visibilita;Illuminazione;NUM_FERITI;NUM_RISERVATA;NUM_MORTI;NUM_ILLESI;Longitudine;Latitudine;Confermato;Progressivo;TipoVeicolo;StatoVeicolo;Marca;Modello;TipoPersona;AnnoNascita;Sesso;Tipolesione;Deceduto;DecedutoDopo;CinturaCascoUtilizzato;Airbag;
3584527;8;04/12/2017 16:50:00;Statale entro l'abitato;VIA CASILINA;in prossimità;;del civico n.;2133;;Scontro frontale fra veicoli in marcia;Rettilineo;Una carreggiata a doppio senso;Asciutto;Asfaltata;Verticale ed orizzontale;Sereno;Normale;Buona;Ore Diurne;0;0;0;3;12,69603;41,8639;-1;1;Autovettura privata;In marcia / fermata / arresto;Mercedes;Classe A;Conducente;1954;M;Illeso;0;;Non accertato;Inesploso
3584527;8;04/12/2017 16:50:00;Statale entro l'abitato;VIA CASILINA;in prossimità;;del civico n.;2133;;Scontro frontale fra veicoli in marcia;Rettilineo;Una carreggiata a doppio senso;Asciutto;Asfaltata;Verticale ed orizzontale;Sereno;Normale;Buona;Ore Diurne;0;0;0;3;12,69603;41,8639;-1;2;Autovettura privata;In marcia / fermata / arresto;Opel;Astra;Conducente;1988;M;Illeso;0;;Non accertato;Inesploso
3584527;8;04/12/2017 16:50:00;Statale entro l'abitato;VIA CASILINA;in prossimità;;del civico n.;2133;;Scontro frontale fra veicoli in marcia;Rettilineo;Una carreggiata a doppio senso;Asciutto;Asfaltata;Verticale ed orizzontale;Sereno;Normale;Buona;Ore Diurne;0;0;0;3;12,69603;41,8639;-1;2;Autovettura privata;In marcia / fermata / arresto;Opel;Astra;Passeggero;2010;M;Illeso;0;;Non accertato;Inesploso
3584528;6;04/12/2017 19:30:00;Strada Urbana;LARGO PRENESTE;in corrispondenza;;del civico n.;58;;Scontro laterale fra veicoli in marcia;Rettilineo;Più di due carreggiate;Asciutto;Asfaltata;Verticale ed orizzontale;Sereno;Normale;Sufficiente;Sufficiente;0;0;0;2;12,54085;41,89265;-1;1;Autovettura privata;In marcia / fermata / arresto;Alfa Romeo;159;Conducente;1971;M;Illeso;0;;;
3584528;6;04/12/2017 19:30:00;Strada Urbana;LARGO PRENESTE;in corrispondenza;;del civico n.;58;;Scontro laterale fra veicoli in marcia;Rettilineo;Più di due carreggiate;Asciutto;Asfaltata;Verticale ed orizzontale;Sereno;Normale;Sufficiente;Sufficiente;0;0;0;2;12,54085;41,89265;-1;2;Autovettura privata;In marcia / fermata / arresto;Mercedes;Sprinter;Conducente;1972;M;Illeso;0;;;
3584530;8;04/12/2017 17:35:00;Statale entro l'abitato;VIA CASILINA;in prossimità;;del civico n.;1090;;Scontro laterale fra veicoli in marcia;Curva a visuale libera;Una carreggiata a doppio senso;Asciutto;Asfaltata;Orizzontale;Sereno;Normale;Sufficiente;Sufficiente;0;0;0;3;12,5928;41,86717;-1;1;Autocarro inferiore 35 q.;In marcia / fermata / arresto;Kia;K2500;Conducente;1983;M;Illeso;0;;Non accertato;Inesploso
3584530;8;04/12/2017 17:35:00;Statale entro l'abitato;VIA CASILINA;in prossimità;;del civico n.;1090;;Scontro laterale fra veicoli in marcia;Curva a visuale libera;Una carreggiata a doppio senso;Asciutto;Asfaltata;Orizzontale;Sereno;Normale;Sufficiente;Sufficiente;0;0;0;3;12,5928;41,86717;-1;1;Autocarro inferiore 35 q.;In marcia / fermata / arresto;Kia;K2500;Passeggero;1984;M;Illeso;0;;Non accertato;Inesploso
3584530;8;04/12/2017 17:35:00;Statale entro l'abitato;VIA CASILINA;in prossimità;;del civico n.;1090;;Scontro laterale fra veicoli in marcia;Curva a visuale libera;Una carreggiata a doppio senso;Asciutto;Asfaltata;Orizzontale;Sereno;Normale;Sufficiente;Sufficiente;0;0;0;3;12,5928;41,86717;-1;2;Autocarro inferiore 35 q.;In marcia / fermata / arresto;Iveco;DAILY;Conducente;1986;M;Illeso;0;;Non accertato;Inesploso
3584544;18;05/12/2017 07:30:00;Strada Urbana;VIA DI BOCCEA;all'intersezione con;VIA GREGORIO XI;VIA GREGORIO XI;;;Scontro frontale/laterale SX fra veicoli in marcia;Intersezione stradale segnalata;Una carreggiata a doppio senso;Asciutto;Asfaltata;Verticale ed orizzontale;Sereno;Intenso;Buona;Ore Diurne;0;0;0;2;12,42187;41,90319;-1;1;Autocarro inferiore 35 q.;In marcia / fermata / arresto;Fiat;Doblo';Conducente;1983;M;Illeso;0;;Non accertato;Inesploso
3584544;18;05/12/2017 07:30:00;Strada Urbana;VIA DI BOCCEA;all'intersezione con;VIA GREGORIO XI;VIA GREGORIO XI;;;Scontro frontale/laterale SX fra veicoli in marcia;Intersezione stradale segnalata;Una carreggiata a doppio senso;Asciutto;Asfaltata;Verticale ed orizzontale;Sereno;Intenso;Buona;Ore Diurne;0;0;0;2;12,42187;41,90319;-1;2;Motociclo a solo;In marcia / fermata / arresto;Honda;SH 125;Conducente;1968;M;Illeso;0;;Non accertato;
3584547;20;04/12/2017 19:15:00;Regionale entro l'abitato;VIA FLAMINIA;in prossimità;;del civico n.;850;;Ribaltamento senza urto contro ostacolo fisso;Dosso;Due carreggiate;Asciutto;Asfaltata;Verticale ed orizzontale;Sereno;Normale;Buona;Sufficiente;1;0;0;1;12,48427;41,95329;-1;1;Autocarro inferiore 35 q.;In marcia / fermata / arresto;Nissan;Trade 3.0;Conducente;1977;M;Illeso;0;;Non accertato;
3584547;20;04/12/2017 19:15:00;Regionale entro l'abitato;VIA FLAMINIA;in prossimità;;del civico n.;850;;Ribaltamento senza urto contro ostacolo fisso;Dosso;Due carreggiate;Asciutto;Asfaltata;Verticale ed orizzontale;Sereno;Normale;Buona;Sufficiente;1;0;0;1;12,48427;41,95329;-1;2;Motociclo a solo;In marcia / fermata / arresto;Honda;SH 150;Conducente;1991;M;Ricoverato;0;NON DECEDUTO;;
3584551;20;04/12/2017 05:00:00;Strada Urbana;VIA FOSSO DEL POGGIO;in corrispondenza;;del civico n.;39;;Veicolo in marcia contro ostacolo accidentale;Rettilineo;Una carreggiata a doppio senso;Bagnato (umidità in atto);Asfaltata;Verticale;Sereno;Scarso;Buona;Sufficiente;0;0;0;1;12,44046;41,97446;-1;1;Autovettura privata;In marcia / fermata / arresto;Citroen;C 2;Conducente;1959;F;Illeso;0;;Non accertato;
3584555;11;04/12/2017 16:45:00;Strada Urbana;VIA ALESSIO BALDOVINETTI;da specificare;;;;in corrispondenza di L.go del Bronzino;Scontro frontale fra veicoli in marcia;Rettilineo;Una carreggiata a doppio senso;Asciutto;Asfaltata;Verticale ed orizzontale;Sereno;Normale;Buona;Ore Diurne;0;0;0;6;12,49457;41,83169;-1;1;Autovettura privata;In marcia / fermata / arresto;Chrysler;Voyager;Conducente;1969;M;Illeso;0;;Non accertato;
3584555;11;04/12/2017 16:45:00;Strada Urbana;VIA ALESSIO BALDOVINETTI;da specificare;;;;in corrispondenza di L.go del Bronzino;Scontro frontale fra veicoli in marcia;Rettilineo;Una carreggiata a doppio senso;Asciutto;Asfaltata;Verticale ed orizzontale;Sereno;Normale;Buona;Ore Diurne;0;0;0;6;12,49457;41,83169;-1;1;Autovettura privata;In marcia / fermata / arresto;Chrysler;Voyager;Passeggero;1978;F;Illeso;0;;Utilizzato;Inesploso
3584555;11;04/12/2017 16:45:00;Strada Urbana;VIA ALESSIO BALDOVINETTI;da specificare;;;;in corrispondenza di L.go del Bronzino;Scontro frontale fra veicoli in marcia;Rettilineo;Una carreggiata a doppio senso;Asciutto;Asfaltata;Verticale ed orizzontale;Sereno;Normale;Buona;Ore Diurne;0;0;0;6;12,49457;41,83169;-1;1;Autovettura privata;In marcia / fermata / arresto;Chrysler;Voyager;Passeggero;2012;F;Illeso;0;;;
3584555;11;04/12/2017 16:45:00;Strada Urbana;VIA ALESSIO BALDOVINETTI;da specificare;;;;in corrispondenza di L.go del Bronzino;Scontro frontale fra veicoli in marcia;Rettilineo;Una carreggiata a doppio senso;Asciutto;Asfaltata;Verticale ed orizzontale;Sereno;Normale;Buona;Ore Diurne;0;0;0;6;12,49457;41,83169;-1;1;Autovettura privata;In marcia / fermata / arresto;Chrysler;Voyager;Passeggero;2014;F;Illeso;0;;;
3584555;11;04/12/2017 16:45:00;Strada Urbana;VIA ALESSIO BALDOVINETTI;da specificare;;;;in corrispondenza di L.go del Bronzino;Scontro frontale fra veicoli in marcia;Rettilineo;Una carreggiata a doppio senso;Asciutto;Asfaltata;Verticale ed orizzontale;Sereno;Normale;Buona;Ore Diurne;0;0;0;6;12,49457;41,83169;-1;2;Autocarro inferiore 35 q.;In marcia / fermata / arresto;Fiat Iveco;Euro Cargo;Conducente;1964;M;Illeso;0;;Non accertato;
3584555;11;04/12/2017 16:45:00;Strada Urbana;VIA ALESSIO BALDOVINETTI;da specificare;;;;in corrispondenza di L.go del Bronzino;Scontro frontale fra veicoli in marcia;Rettilineo;Una carreggiata a doppio senso;Asciutto;Asfaltata;Verticale ed orizzontale;Sereno;Normale;Buona;Ore Diurne;0;0;0;6;12,49457;41,83169;-1;2;Autocarro inferiore 35 q.;In marcia / fermata / arresto;Fiat Iveco;Euro Cargo;Passeggero;1991;M;Illeso;0;;;
3584558;13;04/12/2017 11:30:00;;PIAZZA S. LEONARDO DA PORTO MAURIZIO;all'intersezione con;VIA DI ACILIA;VIA DI ACILIA;;;Scontro laterale fra veicoli in marcia;;;;;;;;;;0;0;0;2;;;0;1;Autovettura privata;In marcia / fermata / arresto;Fiat;Panda;Conducente;1941;M;Illeso;0;;Non accertato;Inesploso
3584558;13;04/12/2017 11:30:00;;PIAZZA S. LEONARDO DA PORTO MAURIZIO;all'intersezione con;VIA DI ACILIA;VIA DI ACILIA;;;Scontro laterale fra veicoli in marcia;;;;;;;;;;0;0;0;2;;;0;1;Autovettura privata;In marcia / fermata / arresto;Fiat;Panda;Passeggero;1948;F;Illeso;0;;Non accertato;
3584569;7;04/12/2017 10:15:00;Strada Urbana;VIALE PALMIRO TOGLIATTI;in corrispondenza;;del civico n.;887;;Veicolo in marcia contro ostacolo fisso;Rettilineo;Due carreggiate;Asciutto;Con buche;Verticale ed orizzontale;Sereno;Normale;Buona;Ore Diurne;0;0;0;2;12,57388;41,89013;-1;1;Autovettura privata;In marcia / fermata / arresto;Fiat;500;Conducente;1978;M;Illeso;0;;;
3584571;5;05/12/2017 07:45:00;;VIA GIACOMO PERONI;da specificare;;;;Altezza LEROY MERLIN;Scontro laterale fra veicoli in marcia;;;;;;;;;;0;0;0;2;12,63718;41,9358;0;1;Autovettura privata;In marcia / fermata / arresto;Land Rover; EVOQUE;Conducente;1951;M;Illeso;0;;Non accertato;Inesploso
3584571;5;05/12/2017 07:45:00;;VIA GIACOMO PERONI;da specificare;;;;Altezza LEROY MERLIN;Scontro laterale fra veicoli in marcia;;;;;;;;;;0;0;0;2;12,63718;41,9358;0;2;Autovettura privata;In marcia / fermata / arresto;Daewoo;Chevrolet Matiz;Conducente;1971;M;Illeso;0;;Non accertato;Inesploso
3584578;13;04/12/2017 08:30:00;;VIA ERMANNO WOLF FERRARI;da specificare;;;;all'altezza di via scontrino;Scontro laterale fra veicoli in marcia;;;;;;;;;;0;0;0;3;;;0;1;Autovettura privata;In marcia / fermata / arresto;Toyota;Yaris;Conducente;1975;M;Illeso;0;;Non accertato;Inesploso
3584578;13;04/12/2017 08:30:00;;VIA ERMANNO WOLF FERRARI;da specificare;;;;all'altezza di via scontrino;Scontro laterale fra veicoli in marcia;;;;;;;;;;0;0;0;3;;;0;1;Autovettura privata;In marcia / fermata / arresto;Toyota;Yaris;Passeggero;2013;M;Illeso;0;;Non accertato;Inesploso
3584578;13;04/12/2017 08:30:00;;VIA ERMANNO WOLF FERRARI;da specificare;;;;all'altezza di via scontrino;Scontro laterale fra veicoli in marcia;;;;;;;;;;0;0;0;3;;;0;2;Motociclo a solo;In marcia / fermata / arresto;Honda;SW T 400;Conducente;1979;M;Illeso;0;;;
3584582;15;04/12/2017 15:25:00;Strada Urbana;VIA DELLA PISANA;all'intersezione con;VIA DI BRAVA;VIA DI BRAVA;;;Scontro frontale/laterale DX fra veicoli in marcia;Incrocio;Una carreggiata a doppio senso;Asciutto;Asfaltata;Verticale ed orizzontale;Sereno;Intenso;Buona;Ore Diurne;0;0;0;2;;;0;1;Autovettura privata;In marcia / fermata / arresto;Nissan;Note;Conducente;1970;M;Illeso;0;;;
3584582;15;04/12/2017 15:25:00;Strada Urbana;VIA DELLA PISANA;all'intersezione con;VIA DI BRAVA;VIA DI BRAVA;;;Scontro frontale/laterale DX fra veicoli in marcia;Incrocio;Una carreggiata a doppio senso;Asciutto;Asfaltata;Verticale ed orizzontale;Sereno;Intenso;Buona;Ore Diurne;0;0;0;2;;;0;2;Autovettura privata;In marcia / fermata / arresto;Mercedes;A 180;Conducente;1970;F;Illeso;0;;;
3584584;7;04/12/2017 14:06:00;Strada Urbana;VIALE PALMIRO TOGLIATTI;in corrispondenza;;del civico n.;887;;Veicolo in marcia contro ostacolo fisso;Rettilineo;Due carreggiate;Asciutto;Asfaltata;Orizzontale;Sereno;Normale;Buona;Ore Diurne;0;0;0;1;12,57391;41,89009;-1;1;Autovettura privata;In marcia / fermata / arresto;Mercedes;Smart For Two;Conducente;1977;M;Illeso;0;;;
3584585;20;04/12/2017 08:45:00;Strada Urbana;VIALE CORTINA D'AMPEZZO;all'intersezione con;VIA MISURINA;VIA MISURINA;;;Scontro frontale/laterale DX fra veicoli in marcia;Incrocio;Una carreggiata a doppio senso;Asciutto;Asfaltata;Verticale ed orizzontale;Sereno;Normale;Buona;Ore Diurne;0;0;0;3;12,44368;41,94779;-1;1;Autocarro inferiore 35 q.;In marcia / fermata / arresto;Citroen;Jumpy;Conducente;1982;M;Illeso;0;;Non accertato;
3584585;20;04/12/2017 08:45:00;Strada Urbana;VIALE CORTINA D'AMPEZZO;all'intersezione con;VIA MISURINA;VIA MISURINA;;;Scontro frontale/laterale DX fra veicoli in marcia;Incrocio;Una carreggiata a doppio senso;Asciutto;Asfaltata;Verticale ed orizzontale;Sereno;Normale;Buona;Ore Diurne;0;0;0;3;12,44368;41,94779;-1;1;Autocarro inferiore 35 q.;In marcia / fermata / arresto;Citroen;Jumpy;Passeggero;1965;M;Illeso;0;;Non accertato;
3584585;20;04/12/2017 08:45:00;Strada Urbana;VIALE CORTINA D'AMPEZZO;all'intersezione con;VIA MISURINA;VIA MISURINA;;;Scontro frontale/laterale DX fra veicoli in marcia;Incrocio;Una carreggiata a doppio senso;Asciutto;Asfaltata;Verticale ed orizzontale;Sereno;Normale;Buona;Ore Diurne;0;0;0;3;12,44368;41,94779;-1;2;Autovettura privata;In marcia / fermata / arresto;Mercedes;GLA 180;Conducente;1967;F;Illeso;0;;Non accertato;
3584599;18;04/12/2017 23:30:00;Strada Urbana;VIA CORNELIA;all'intersezione con;VIA SUOR MARIA AGOSTINA;VIA SUOR MARIA AGOSTINA;;;Scontro laterale fra veicoli in marcia;Incrocio;Una carreggiata a doppio senso;Asciutto;Asfaltata;Verticale ed orizzontale;Sereno;Normale;Sufficiente;Sufficiente;0;0;0;2;12,38987;41,90064;-1;1;Autovettura privata;In marcia / fermata / arresto;Fiat;Panda;Conducente;1998;F;Illeso;0;;;
3584599;18;04/12/2017 23:30:00;Strada Urbana;VIA CORNELIA;all'intersezione con;VIA SUOR MARIA AGOSTINA;VIA SUOR MARIA AGOSTINA;;;Scontro laterale fra veicoli in marcia;Incrocio;Una carreggiata a doppio senso;Asciutto;Asfaltata;Verticale ed orizzontale;Sereno;Normale;Sufficiente;Sufficiente;0;0;0;2;12,38987;41,90064;-1;2;Autobus urbano;In marcia / fermata / arresto;Breda;Menarinibus;Conducente;1965;M;Illeso;0;;;
3584601;20;04/12/2017 06:20:00;Strada Urbana;VIA FOSSO DEL POGGIO;in corrispondenza;;del civico n.;f.c. 39;;Veicolo in marcia contro ostacolo accidentale;Rettilineo;Una carreggiata a doppio senso;Bagnato (umidità in atto);Asfaltata;Verticale;Sereno;Scarso;Buona;Ore Diurne;0;0;0;1;12,44046;41,97446;-1;1;Autovettura privata;In marcia / fermata / arresto;Renault;Kangoo;Conducente;1986;M;Illeso;0;;;
3584618;4;04/12/2017 06:10:00;;VIA GIOVANNI CONTI;da specificare;;;;altezza dell'ingresso mercato coperto rionale ;Veicolo in marcia contro veicolo fermo;;;;;;;;;;2;0;0;1;;;0;1;Autocarro inferiore 35 q.;In marcia / fermata / arresto;Fiat Iveco;Daily;Conducente;1993;M;Illeso;0;;;
3584618;4;04/12/2017 06:10:00;;VIA GIOVANNI CONTI;da specificare;;;;altezza dell'ingresso mercato coperto rionale ;Veicolo in marcia contro veicolo fermo;;;;;;;;;;2;0;0;1;;;0;1;Autocarro inferiore 35 q.;In marcia / fermata / arresto;Fiat Iveco;Daily;Passeggero;0;M;Rimandato;0;NON DECEDUTO;;
3584618;4;04/12/2017 06:10:00;;VIA GIOVANNI CONTI;da specificare;;;;altezza dell'ingresso mercato coperto rionale ;Veicolo in marcia contro veicolo fermo;;;;;;;;;;2;0;0;1;;;0;2;Autovettura privata;In marcia / fermata / arresto;Daimler Smart;FORTWO COUPE;Conducente;1968;M;Rimandato;0;NON DECEDUTO;Non accertato;
3584632;20;04/12/2017 06:30:00;Strada Urbana;VIA FOSSO DEL POGGIO;in corrispondenza;;del civico n.;39;;Veicolo in marcia contro ostacolo accidentale;Rettilineo;Una carreggiata a doppio senso;Bagnato (umidità in atto);Asfaltata;Verticale;Sereno;Scarso;Buona;Sufficiente;0;0;0;1;12,44046;41,97446;-1;1;Autovettura privata;In marcia / fermata / arresto;BMW;318;Conducente;1997;M;Illeso;0;;;
3584646;18;04/12/2017 18:10:00;Strada Urbana;PIAZZA IRNERIO;all'intersezione semaforizzata con;VIA BALDO DEGLI UBALDI;VIA BALDO DEGLI UBALDI;;;Scontro laterale fra veicoli in marcia;Intersezione semaforizzata;Due carreggiate;Asciutto;Asfaltata;Verticale ed orizzontale;Sereno;Intenso;Sufficiente;Sufficiente;0;0;0;3;12,42942;41,89846;0;1;Autocarro inferiore 35 q.;In marcia / fermata / arresto;Fiat;Iveco Magirus;Conducente;1956;M;Illeso;0;;Non accertato;Inesploso
3584646;18;04/12/2017 18:10:00;Strada Urbana;PIAZZA IRNERIO;all'intersezione semaforizzata con;VIA BALDO DEGLI UBALDI;VIA BALDO DEGLI UBALDI;;;Scontro laterale fra veicoli in marcia;Intersezione semaforizzata;Due carreggiate;Asciutto;Asfaltata;Verticale ed orizzontale;Sereno;Intenso;Sufficiente;Sufficiente;0;0;0;3;12,42942;41,89846;0;2;Autocarro inferiore 35 q.;In marcia / fermata / arresto;Nissan;Vanette;Conducente;1965;M;Illeso;0;;Non accertato;Inesploso
3584646;18;04/12/2017 18:10:00;Strada Urbana;PIAZZA IRNERIO;all'intersezione semaforizzata con;VIA BALDO DEGLI UBALDI;VIA BALDO DEGLI UBALDI;;;Scontro laterale fra veicoli in marcia;Intersezione semaforizzata;Due carreggiate;Asciutto;Asfaltata;Verticale ed orizzontale;Sereno;Intenso;Sufficiente;Sufficiente;0;0;0;3;12,42942;41,89846;0;2;Autocarro inferiore 35 q.;In marcia / fermata / arresto;Nissan;Vanette;Passeggero;1997;F;Illeso;0;;Non accertato;Inesploso
3584650;18;04/12/2017 19:10:00;Strada Urbana;PIAZZA S. GIOVANNI BATTISTA DE LA SALLE;all'intersezione semaforizzata con;VIA AURELIA;VIA AURELIA;;;Scontro laterale fra veicoli in marcia;Intersezione semaforizzata;Una carreggiata a doppio senso;Asciutto;Asfaltata;Verticale ed orizzontale;Sereno;Normale;Buona;Sufficiente;0;0;0;2;12,42753;41,89842;0;1;Autovettura privata;In marcia / fermata / arresto;Opel;Corsa;Conducente;1990;F;Illeso;0;;;
3584650;18;04/12/2017 19:10:00;Strada Urbana;PIAZZA S. GIOVANNI BATTISTA DE LA SALLE;all'intersezione semaforizzata con;VIA AURELIA;VIA AURELIA;;;Scontro laterale fra veicoli in marcia;Intersezione semaforizzata;Una carreggiata a doppio senso;Asciutto;Asfaltata;Verticale ed orizzontale;Sereno;Normale;Buona;Sufficiente;0;0;0;2;12,42753;41,89842;0;2;Motociclo con passeggero;In marcia / fermata / arresto;Piaggio;Vespa;Conducente;1982;M;Illeso;0;;;
3584665;18;05/12/2017 08:15:00;Strada Urbana;VIA GREGORIO XI;in corrispondenza;;del civico n.;151;;Veicolo in marcia contro veicolo in sosta;Rettilineo;Una carreggiata a doppio senso;Asciutto;Asfaltata;Verticale ed orizzontale;Sereno;Normale;Buona;Ore Diurne;0;0;0;1;12,41886;41,89935;-1;1;Autovettura privata;In marcia / fermata / arresto;Volkswagen;Passat SW;Conducente;1961;F;Illeso;0;;Non accertato;Inesploso
3584681;20;04/12/2017 12:40:00;Regionale entro l'abitato;VIA CASSIA;in prossimità;;del civico n.;764;;Scontro frontale fra veicoli in marcia;Rettilineo;Una carreggiata a doppio senso;Asciutto;Asfaltata;Orizzontale;Sereno;Normale;Buona;Ore Diurne;0;0;0;2;12,44246;41,96637;-1;1;Autovettura privata;In marcia / fermata / arresto;Lancia;Y;Conducente;1974;M;Illeso;0;;;
3584681;20;04/12/2017 12:40:00;Regionale entro l'abitato;VIA CASSIA;in prossimità;;del civico n.;764;;Scontro frontale fra veicoli in marcia;Rettilineo;Una carreggiata a doppio senso;Asciutto;Asfaltata;Orizzontale;Sereno;Normale;Buona;Ore Diurne;0;0;0;2;12,44246;41,96637;-1;2;Autovettura privata;Allontanatosi;Fiat;Punto;Conducente;1933;M;Illeso;0;;;
3584691;13;04/12/2017 18:30:00;;VIA DELL'IDROVOLANTE;in prossimità;;del civico n.;27;;Scontro laterale fra veicoli in marcia;;;;;;;;;;0;0;0;2;;;0;1;Autocarro inferiore 35 q.;In marcia / fermata / arresto;Fiat;Ducato;Conducente;1979;M;Illeso;0;;Non accertato;
3584691;13;04/12/2017 18:30:00;;VIA DELL'IDROVOLANTE;in prossimità;;del civico n.;27;;Scontro laterale fra veicoli in marcia;;;;;;;;;;0;0;0;2;;;0;2;Autovettura privata;In marcia / fermata / arresto;Renault;Clio;Conducente;1935;M;Illeso;0;;Non accertato;
3584733;10;05/12/2017 08:45:00;Strada Urbana;VIA TUSCOLANA;da specificare;;;;complanare prossimità ristorante "L'Ostrica";Veicolo in marcia contro ostacolo accidentale;Rettilineo;Più di due carreggiate;Asciutto;Asfaltata;Orizzontale;Sereno;Normale;Buona;Ore Diurne;0;0;0;1;12,62138;41,82894;-1;1;Autovettura privata;In marcia / fermata / arresto;Fiat;500 abarth;Conducente;1966;F;Illeso;0;;Non accertato;Inesploso
3584743;17;04/12/2017 09:45:00;Strada Urbana;LUNGOTEVERE MICHELANGELO;da specificare;;;;in corrispondenza del sottovia;Veicolo in marcia contro veicolo in sosta;Sottopasso illuminato;Una carreggiata a senso unico di marcia;Asciutto;Asfaltata;Orizzontale;Sereno;Intenso;Buona;Ore Diurne;0;0;0;2;12,47053;41,9118;0;1;Autovettura pubblica;In marcia / fermata / arresto;Toyota;prius;Conducente;1963;M;Illeso;0;;;
3584743;17;04/12/2017 09:45:00;Strada Urbana;LUNGOTEVERE MICHELANGELO;da specificare;;;;in corrispondenza del sottovia;Veicolo in marcia contro veicolo in sosta;Sottopasso illuminato;Una carreggiata a senso unico di marcia;Asciutto;Asfaltata;Orizzontale;Sereno;Intenso;Buona;Ore Diurne;0;0;0;2;12,47053;41,9118;0;2;Motociclo a solo;In marcia / fermata / arresto;Honda;SH;Conducente;1976;M;Illeso;0;;;
3584745;4;04/12/2017 11:00:00;Strada Urbana;VIA ARTURO GRAF;in corrispondenza;;del civico n.;26;;Scontro laterale fra veicoli in marcia;Rettilineo;Due carreggiate;Asciutto;Asfaltata;Assente;Sereno;Normale;Buona;Ore Diurne;0;0;0;2;;;0;1;Autovettura privata;In marcia / fermata / arresto;Toyota;Yaris;Conducente;1954;F;Illeso;0;;Non accertato;Inesploso
3584745;4;04/12/2017 11:00:00;Strada Urbana;VIA ARTURO GRAF;in corrispondenza;;del civico n.;26;;Scontro laterale fra veicoli in marcia;Rettilineo;Due carreggiate;Asciutto;Asfaltata;Assente;Sereno;Normale;Buona;Ore Diurne;0;0;0;2;;;0;2;Autocarro inferiore 35 q.;In marcia / fermata / arresto;Fiat;Iveco;Conducente;1974;M;Illeso;0;;Non accertato;Inesploso
3584787;4;04/12/2017 14:00:00;Strada Urbana;VIA VIRGILIO TALLI;all'intersezione con;VIA PIAN DI SCO;VIA PIAN DI SCO;;;Scontro laterale fra veicoli in marcia;Incrocio;Una carreggiata a doppio senso;Asciutto;Asfaltata;Verticale ed orizzontale;Sereno;Normale;Buona;Ore Diurne;0;0;0;3;;;0;1;Quadriciclo;In marcia / fermata / arresto;AIXAM;MEGA;Conducente;2000;M;Illeso;0;;Non accertato;Inesistente
3584787;4;04/12/2017 14:00:00;Strada Urbana;VIA VIRGILIO TALLI;all'intersezione con;VIA PIAN DI SCO;VIA PIAN DI SCO;;;Scontro laterale fra veicoli in marcia;Incrocio;Una carreggiata a doppio senso;Asciutto;Asfaltata;Verticale ed orizzontale;Sereno;Normale;Buona;Ore Diurne;0;0;0;3;;;0;1;Quadriciclo;In marcia / fermata / arresto;AIXAM;MEGA;Passeggero;1997;F;Illeso;0;;Non accertato;Inesploso
3584787;4;04/12/2017 14:00:00;Strada Urbana;VIA VIRGILIO TALLI;all'intersezione con;VIA PIAN DI SCO;VIA PIAN DI SCO;;;Scontro laterale fra veicoli in marcia;Incrocio;Una carreggiata a doppio senso;Asciutto;Asfaltata;Verticale ed orizzontale;Sereno;Normale;Buona;Ore Diurne;0;0;0;3;;;0;2;Autovettura privata;In marcia / fermata / arresto;Opel;ADAM;Conducente;1974;F;Illeso;0;;Non accertato;Inesploso
3584798;4;04/12/2017 15:15:00;Statale;VIA SALARIA;in prossimità;;del civico n.;1612;;Scontro frontale fra veicoli in marcia;Rettilineo;Una carreggiata a doppio senso;Asciutto;Asfaltata;Verticale ed orizzontale;Sereno;Normale;Buona;Ore Diurne;6;0;0;2;;;0;1;Autovettura privata;In marcia / fermata / arresto;Chevrolet;spark;Conducente;1976;F;Rifiuta cure immediate;0;NON DECEDUTO;Non accertato;Inesploso
3584798;4;04/12/2017 15:15:00;Statale;VIA SALARIA;in prossimità;;del civico n.;1612;;Scontro frontale fra veicoli in marcia;Rettilineo;Una carreggiata a doppio senso;Asciutto;Asfaltata;Verticale ed orizzontale;Sereno;Normale;Buona;Ore Diurne;6;0;0;2;;;0;1;Autovettura privata;In marcia / fermata / arresto;Chevrolet;spark;Passeggero;2003;M;Rifiuta cure immediate;0;NON DECEDUTO;Non accertato;Inesploso
3584798;4;04/12/2017 15:15:00;Statale;VIA SALARIA;in prossimità;;del civico n.;1612;;Scontro frontale fra veicoli in marcia;Rettilineo;Una carreggiata a doppio senso;Asciutto;Asfaltata;Verticale ed orizzontale;Sereno;Normale;Buona;Ore Diurne;6;0;0;2;;;0;1;Autovettura privata;In marcia / fermata / arresto;Chevrolet;spark;Passeggero;2004;M;Illeso;0;;Non accertato;Inesploso