Protocollo;Gruppo;DataOraIncidente;Localizzazione1;STRADA1;Localizzazione2;STRADA2;Strada02;Chilometrica;DaSpecificare;NaturaIncidente;particolaritastrade;TipoStrada;FondoStradale;Pavimentazione;Segnaletica;CondizioneAtmosferica;Traffico;Visibilita;Illuminazione;NUM_FERITI;NUM_RISERVATA;NUM_MORTI;NUM_ILLESI;Longitudine;Latitudine;Confermato;Progressivo;TipoVeicolo;StatoVeicolo;Marca;Modello;TipoPersona;AnnoNascita;Sesso;Tipolesione;Deceduto;DecedutoDopo;CinturaCascoUtilizzato;Airbag;
3584798;4;04/12/2017 15:15:00;Statale;VIA SALARIA;in prossimità;;del civico n.;1612;;Scontro frontale fra veicoli in marcia;Rettilineo;Una carreggiata a doppio senso;Asciutto;Asfaltata;Verticale ed orizzontale;Sereno;Normale;Buona;Ore Diurne;6;0;0;2;;;0;1;Autovettura privata;In marcia / fermata / arresto;Chevrolet;spark;Passeggero;2007;M;Rifiuta cure immediate;0;NON DECEDUTO;Non accertato;Inesploso
3584798;4;04/12/2017 15:15:00;Statale;VIA SALARIA;in prossimità;;del civico n.;1612;;Scontro frontale fra veicoli in marcia;Rettilineo;Una carreggiata a doppio senso;Asciutto;Asfaltata;Verticale ed orizzontale;Sereno;Normale;Buona;Ore Diurne;6;0;0;2;;;0;1;Autovettura privata;In marcia / fermata / arresto;Chevrolet;spark;Passeggero;2010;M;Illeso;0;;Non accertato;Inesploso
3584798;4;04/12/2017 15:15:00;Statale;VIA SALARIA;in prossimità;;del civico n.;1612;;Scontro frontale fra veicoli in marcia;Rettilineo;Una carreggiata a doppio senso;Asciutto;Asfaltata;Verticale ed orizzontale;Sereno;Normale;Buona;Ore Diurne;6;0;0;2;;;0;2;Autovettura privata;In marcia / fermata / arresto;Renault;Clio;Conducente;1979;F;Rifiuta cure immediate;0;NON DECEDUTO;Non accertato;Inesploso
3584798;4;04/12/2017 15:15:00;Statale;VIA SALARIA;in prossimità;;del civico n.;1612;;Scontro frontale fra veicoli in marcia;Rettilineo;Una carreggiata a doppio senso;Asciutto;Asfaltata;Verticale ed orizzontale;Sereno;Normale;Buona;Ore Diurne;6;0;0;2;;;0;2;Autovettura privata;In marcia / fermata / arresto;Renault;Clio;Passeggero;1948;F;Rifiuta cure immediate;0;NON DECEDUTO;;
3584798;4;04/12/2017 15:15:00;Statale;VIA SALARIA;in prossimità;;del civico n.;1612;;Scontro frontale fra veicoli in marcia;Rettilineo;Una carreggiata a doppio senso;Asciutto;Asfaltata;Verticale ed orizzontale;Sereno;Normale;Buona;Ore Diurne;6;0;0;2;;;0;3;Autovettura privata;In marcia / fermata / arresto;Fiat;Punto;Conducente;1937;M;Rimandato;0;NON DECEDUTO;Non accertato;
3584816;5;05/12/2017 08:40:00;;VIA DI CASAL BRUCIATO;all'intersezione con;VIA SANDRO SANDRI;VIA SANDRO SANDRI;;;Scontro laterale fra veicoli in marcia;;;;;;;;;;0;0;0;2;12,5482;41,90399;0;1;Autovettura privata;In marcia / fermata / arresto;Volkswagen;Polo;Conducente;1984;F;Illeso;0;;;
3584816;5;05/12/2017 08:40:00;;VIA DI CASAL BRUCIATO;all'intersezione con;VIA SANDRO SANDRI;VIA SANDRO SANDRI;;;Scontro laterale fra veicoli in marcia;;;;;;;;;;0;0;0;2;12,5482;41,90399;0;2;Autovettura privata;In marcia / fermata / arresto;Ford;Fiesta;Conducente;1966;M;Illeso;0;;;
3584817;20;05/12/2017 04:35:00;Strada Urbana;GALLERIA GIOVANNI XXIII;da specificare;;;;direzione Tor di Quinto prossimità rampa Trionfale;Ribaltamento senza urto contro ostacolo fisso;Galleria illuminata;Una carreggiata a senso unico di marcia;Asciutto;Asfaltata;Verticale ed orizzontale;Sereno;Scarso;Sufficiente;Sufficiente;0;0;0;1;12,42686;41,93535;0;1;Autovettura privata;In marcia / fermata / arresto;Smart ;-;Conducente;1983;M;Illeso;0;;;
3584822;2;04/12/2017 08:50:00;Strada Urbana;VIA FLAMINIA;all'intersezione con;VIALE DELLE BELLE ARTI;VIALE DELLE BELLE ARTI;;;Investimento di pedone;Incrocio;Più di due carreggiate;Asciutto;Asfaltata;Verticale ed orizzontale;Sereno;Intenso;Buona;Ore Diurne;1;0;0;1;12,47876;41,91848;0;;;;;;Pedone;1985;F;Rimandato;0;NON DECEDUTO;;
3584822;2;04/12/2017 08:50:00;Strada Urbana;VIA FLAMINIA;all'intersezione con;VIALE DELLE BELLE ARTI;VIALE DELLE BELLE ARTI;;;Investimento di pedone;Incrocio;Più di due carreggiate;Asciutto;Asfaltata;Verticale ed orizzontale;Sereno;Intenso;Buona;Ore Diurne;1;0;0;1;12,47876;41,91848;0;1;Autovettura privata;In marcia / fermata / arresto;Smart ;-;Conducente;1963;M;Illeso;0;;Non accertato;Inesploso
3584829;2;04/12/2017 10:00:00;;VIA RUGGERO FAURO;all'intersezione con;VIALE DELLA MOSCHEA;VIALE DELLA MOSCHEA;;;Scontro laterale fra veicoli in marcia;;;;;;;;;;0;0;0;3;;;0;1;Quadriciclo leggero;In marcia / fermata / arresto;AIXAM;SV 43 AF;Conducente;2000;F;Illeso;0;;;
3584829;2;04/12/2017 10:00:00;;VIA RUGGERO FAURO;all'intersezione con;VIALE DELLA MOSCHEA;VIALE DELLA MOSCHEA;;;Scontro laterale fra veicoli in marcia;;;;;;;;;;0;0;0;3;;;0;1;Quadriciclo leggero;In marcia / fermata / arresto;AIXAM;SV 43 AF;Passeggero;2001;M;Illeso;0;;;
3584829;2;04/12/2017 10:00:00;;VIA RUGGERO FAURO;all'intersezione con;VIALE DELLA MOSCHEA;VIALE DELLA MOSCHEA;;;Scontro laterale fra veicoli in marcia;;;;;;;;;;0;0;0;3;;;0;2;Autovettura privata;In marcia / fermata / arresto;Toyota;Aygo;Conducente;1985;F;Illeso;0;;;
3584834;2;04/12/2017 12:00:00;;CORSO TRIESTE;all'intersezione con;PIAZZA ANNIBALIANO;PIAZZA ANNIBALIANO;;;Tamponamento;;;;;;;;;;1;0;0;1;;;0;1;Autovettura privata;In marcia / fermata / arresto;Nissan;Micra;Conducente;1942;F;Illeso;0;;;
3584834;2;04/12/2017 12:00:00;;CORSO TRIESTE;all'intersezione con;PIAZZA ANNIBALIANO;PIAZZA ANNIBALIANO;;;Tamponamento;;;;;;;;;;1;0;0;1;;;0;2;Ciclomotore;In marcia / fermata / arresto;(ignoto);(ignoto);Conducente;1966;F;Rimandato;0;NON DECEDUTO;;
3584836;2;04/12/2017 14:15:00;;CIRCONVALLAZIONE SALARIA;da specificare;;;;dir. Olimpico svincolo uscita v. Salaria GRA;Veicolo in marcia contro ostacolo fisso;;;;;;;;;;1;0;0;2;;;0;1;Motociclo a solo;In marcia / fermata / arresto;Yamaha;(ignoto);Conducente;1992;M;Rimandato;0;NON DECEDUTO;;
3584836;2;04/12/2017 14:15:00;;CIRCONVALLAZIONE SALARIA;da specificare;;;;dir. Olimpico svincolo uscita v. Salaria GRA;Veicolo in marcia contro ostacolo fisso;;;;;;;;;;1;0;0;2;;;0;2;Autovettura privata;In marcia / fermata / arresto;Audi;A 4;Conducente;1959;M;Illeso;0;;;
3584836;2;04/12/2017 14:15:00;;CIRCONVALLAZIONE SALARIA;da specificare;;;;dir. Olimpico svincolo uscita v. Salaria GRA;Veicolo in marcia contro ostacolo fisso;;;;;;;;;;1;0;0;2;;;0;2;Autovettura privata;In marcia / fermata / arresto;Audi;A 4;Passeggero;1998;F;Illeso;0;;;
3584839;7;04/12/2017 12:30:00;Strada Urbana;VIA DI TOR TRE TESTE;all'intersezione con;VIA WALTER TOBAGI;VIA WALTER TOBAGI;;;Scontro frontale/laterale SX fra veicoli in marcia;Incrocio;Una carreggiata a doppio senso;Asciutto;Asfaltata;Verticale ed orizzontale;Sereno;Scarso;Buona;Ore Diurne;0;0;0;3;;;0;1;Autovettura privata;In marcia / fermata / arresto;Lancia;Musa;Conducente;1995;F;Illeso;0;;;
3584839;7;04/12/2017 12:30:00;Strada Urbana;VIA DI TOR TRE TESTE;all'intersezione con;VIA WALTER TOBAGI;VIA WALTER TOBAGI;;;Scontro frontale/laterale SX fra veicoli in marcia;Incrocio;Una carreggiata a doppio senso;Asciutto;Asfaltata;Verticale ed orizzontale;Sereno;Scarso;Buona;Ore Diurne;0;0;0;3;;;0;1;Autovettura privata;In marcia / fermata / arresto;Lancia;Musa;Passeggero;1993;F;Illeso;0;;;
3584839;7;04/12/2017 12:30:00;Strada Urbana;VIA DI TOR TRE TESTE;all'intersezione con;VIA WALTER TOBAGI;VIA WALTER TOBAGI;;;Scontro frontale/laterale SX fra veicoli in marcia;Incrocio;Una carreggiata a doppio senso;Asciutto;Asfaltata;Verticale ed orizzontale;Sereno;Scarso;Buona;Ore Diurne;0;0;0;3;;;0;2;Autovettura privata;In marcia / fermata / arresto;Renault;Clio;Conducente;1961;F;Illeso;0;;;
3584854;2;04/12/2017 18:40:00;Strada Urbana;PIAZZALE DEL PARCO DELLA RIMEMBRANZA;all'intersezione con;VIALE MARESCIALLO PILSUDSKI;VIALE MARESCIALLO PILSUDSKI;;;Scontro laterale fra veicoli in marcia;Intersezione semaforizzata;Una carreggiata a senso unico di marcia;Asciutto;Asfaltata;Verticale ed orizzontale;Sereno;Intenso;Buona;Sufficiente;0;0;0;2;12,48273;41,9289;0;1;Autovettura privata;In marcia / fermata / arresto;Volkswagen;UP;Conducente;1959;F;Illeso;0;;Non accertato;Inesploso
3584854;2;04/12/2017 18:40:00;Strada Urbana;PIAZZALE DEL PARCO DELLA RIMEMBRANZA;all'intersezione con;VIALE MARESCIALLO PILSUDSKI;VIALE MARESCIALLO PILSUDSKI;;;Scontro laterale fra veicoli in marcia;Intersezione semaforizzata;Una carreggiata a senso unico di marcia;Asciutto;Asfaltata;Verticale ed orizzontale;Sereno;Intenso;Buona;Sufficiente;0;0;0;2;12,48273;41,9289;0;2;Autobus urbano;In marcia / fermata / arresto;Iveco;Irisbus;Conducente;1970;M;Illeso;0;;Non accertato;Inesploso
3584862;16;04/12/2017 21:00:00;Strada Urbana;VIA GIACOMO FOLCHI;in prossimità;;del civico n.;4;;Veicolo in marcia contro veicolo in sosta;Rettilineo;Una carreggiata a doppio senso;Asciutto;Asfaltata;Assente;Sereno;Scarso;Sufficiente;Sufficiente;0;0;0;1;;;0;2;Autobus urbano;In marcia / fermata / arresto;IRIBUS;(ignoto);Conducente;1977;M;Illeso;0;;Non utilizzato;Inesploso
3584864;12;04/12/2017 12:50:00;Regionale;VIA PONTINA NUOVA;in prossimità;;della chilometrica;15.5;;Tamponamento;Rettilineo;Due carreggiate;Asciutto;Asfaltata;Verticale ed orizzontale;Sereno;Normale;Buona;Ore Diurne;0;0;0;2;;;0;1;Autovettura privata;In marcia / fermata / arresto;Volkswagen;Polo;Conducente;1943;M;Illeso;0;;Utilizzato;Inesploso
3584864;12;04/12/2017 12:50:00;Regionale;VIA PONTINA NUOVA;in prossimità;;della chilometrica;15.5;;Tamponamento;Rettilineo;Due carreggiate;Asciutto;Asfaltata;Verticale ed orizzontale;Sereno;Normale;Buona;Ore Diurne;0;0;0;2;;;0;2;Autovettura privata;In marcia / fermata / arresto;Hyundai;i 10;Conducente;1960;F;Illeso;0;;Utilizzato;Inesploso
3584874;4;04/12/2017 22:00:00;Statale entro l'abitato;VIA SALARIA;da specificare;;;;altezza svincolo A1;Scontro frontale/laterale SX fra veicoli in marcia;Rettilineo;Due carreggiate;Asciutto;Asfaltata;Verticale ed orizzontale;Sereno;Normale;Sufficiente;Sufficiente;1;0;0;2;12,53053;42,01461;0;1;Autovettura privata;In marcia / fermata / arresto;Lancia;Musa;Conducente;1976;M;Illeso;0;;;
3584874;4;04/12/2017 22:00:00;Statale entro l'abitato;VIA SALARIA;da specificare;;;;altezza svincolo A1;Scontro frontale/laterale SX fra veicoli in marcia;Rettilineo;Due carreggiate;Asciutto;Asfaltata;Verticale ed orizzontale;Sereno;Normale;Sufficiente;Sufficiente;1;0;0;2;12,53053;42,01461;0;1;Autovettura privata;In marcia / fermata / arresto;Lancia;Musa;Passeggero;1985;M;Illeso;0;;;
3584874;4;04/12/2017 22:00:00;Statale entro l'abitato;VIA SALARIA;da specificare;;;;altezza svincolo A1;Scontro frontale/laterale SX fra veicoli in marcia;Rettilineo;Due carreggiate;Asciutto;Asfaltata;Verticale ed orizzontale;Sereno;Normale;Sufficiente;Sufficiente;1;0;0;2;12,53053;42,01461;0;2;Autovettura privata;In marcia / fermata / arresto;Renault;Clio;Conducente;1978;F;Rimandato;0;NON DECEDUTO;;
3584919;7;04/12/2017 09:25:00;Strada Urbana;VIA DEI GLICINI;in corrispondenza;;del civico n.;64;;Scontro frontale/laterale DX fra veicoli in marcia;Rettilineo;Una carreggiata a doppio senso;Asciutto;Asfaltata;Orizzontale;Sereno;Normale;Buona;Ore Diurne;0;0;0;2;;;0;1;Autovettura privata;In marcia / fermata / arresto;Fiat;500;Conducente;1975;F;Illeso;0;;;
3584919;7;04/12/2017 09:25:00;Strada Urbana;VIA DEI GLICINI;in corrispondenza;;del civico n.;64;;Scontro frontale/laterale DX fra veicoli in marcia;Rettilineo;Una carreggiata a doppio senso;Asciutto;Asfaltata;Orizzontale;Sereno;Normale;Buona;Ore Diurne;0;0;0;2;;;0;2;Autovettura privata;In marcia / fermata / arresto;Volkswagen;Golf;Conducente;1956;M;Illeso;0;;;
3584922;3;04/12/2017 09:25:00;Strada Urbana;VIA TIBURTINA;in prossimità;;del civico n.;228;;Tamponamento Multiplo;Rettilineo;Una carreggiata a doppio senso;Asciutto;Asfaltata;Verticale ed orizzontale;Sereno;Intenso;Buona;Ore Diurne;2;0;0;1;12,51711;41,89974;0;1;Autovettura privata;In marcia / fermata / arresto;Fiat;Bravo;Conducente;1964;M;Rimandato;0;NON DECEDUTO;Non accertato;
3584922;3;04/12/2017 09:25:00;Strada Urbana;VIA TIBURTINA;in prossimità;;del civico n.;228;;Tamponamento Multiplo;Rettilineo;Una carreggiata a doppio senso;Asciutto;Asfaltata;Verticale ed orizzontale;Sereno;Intenso;Buona;Ore Diurne;2;0;0;1;12,51711;41,89974;0;2;Autovettura privata;In marcia / fermata / arresto;Hyundai;Athos;Conducente;1973;F;Rimandato;0;NON DECEDUTO;Non accertato;
3584922;3;04/12/2017 09:25:00;Strada Urbana;VIA TIBURTINA;in prossimità;;del civico n.;228;;Tamponamento Multiplo;Rettilineo;Una carreggiata a doppio senso;Asciutto;Asfaltata;Verticale ed orizzontale;Sereno;Intenso;Buona;Ore Diurne;2;0;0;1;12,51711;41,89974;0;3;Autocarro inferiore 35 q.;In marcia / fermata / arresto;Volkswagen;Caddy;Conducente;1990;M;Illeso;0;;Non accertato;
3584946;10;05/12/2017 09:15:00;Statale entro l'abitato;VIA APPIA NUOVA;da specificare;;;;altezza G.R.A inversione di marcia direz. Albano;Veicolo in marcia contro ostacolo accidentale;Curva senza visuale libera;Due carreggiate;Viscido da liquidi oleosi;Asfaltata;Verticale ed orizzontale;Sereno;Normale;Buona;Ore Diurne;1;0;0;0;12,57098;41,81525;0;1;Motociclo a solo;In marcia / fermata / arresto;Aprilia;Scarabeo 300;Conducente;1976;M;Rifiuta cure immediate;0;NON DECEDUTO;Non accertato;
3584990;7;04/12/2017 11:45:00;Strada Urbana;VIA CASILINA;all'intersezione con;VIA GIUSEPPE BERNERI;VIA GIUSEPPE BERNERI;;;Scontro frontale/laterale DX fra veicoli in marcia;Incrocio;Una carreggiata a doppio senso;Asciutto;Asfaltata;Verticale ed orizzontale;Sereno;Intenso;Buona;Ore Diurne;0;0;0;2;12,56533;41,87295;0;1;Motociclo a solo;In marcia / fermata / arresto;Honda;125 R;Conducente;2001;M;Illeso;0;;Non accertato;
3584990;7;04/12/2017 11:45:00;Strada Urbana;VIA CASILINA;all'intersezione con;VIA GIUSEPPE BERNERI;VIA GIUSEPPE BERNERI;;;Scontro frontale/laterale DX fra veicoli in marcia;Incrocio;Una carreggiata a doppio senso;Asciutto;Asfaltata;Verticale ed orizzontale;Sereno;Intenso;Buona;Ore Diurne;0;0;0;2;12,56533;41,87295;0;2;Autovettura privata;In marcia / fermata / arresto;Toyota;Aygo;Conducente;1980;F;Illeso;0;;Non accertato;Inesploso
3585026;12;04/12/2017 17:00:00;Strada Urbana;VIA CRISTOFORO COLOMBO;da specificare;;;;dir. Roma centro, carr. centr., alt. palo n. 359;Tamponamento;Rettilineo;Più di due carreggiate;Asciutto;Asfaltata;Verticale ed orizzontale;Sereno;Intenso;Buona;Ore Diurne;0;0;0;2;12,47249;41,83638;-1;1;Autocarro inferiore 35 q.;In marcia / fermata / arresto;Fiat;Punto Van;Conducente;1976;M;Illeso;0;;Utilizzato;Inesploso
3585026;12;04/12/2017 17:00:00;Strada Urbana;VIA CRISTOFORO COLOMBO;da specificare;;;;dir. Roma centro, carr. centr., alt. palo n. 359;Tamponamento;Rettilineo;Più di due carreggiate;Asciutto;Asfaltata;Verticale ed orizzontale;Sereno;Intenso;Buona;Ore Diurne;0;0;0;2;12,47249;41,83638;-1;2;Motociclo a solo;In marcia / fermata / arresto;Piaggio;Vespa;Conducente;1978;M;Illeso;0;;Utilizzato;
3585034;7;04/12/2017 19:50:00;;VIALE PALMIRO TOGLIATTI;in corrispondenza;;del civico n.;998;;Investimento di pedone;;;;;;;;;;1;0;0;1;;;0;;;;;;Pedone;1991;F;Rimandato;0;NON DECEDUTO;;
3585034;7;04/12/2017 19:50:00;;VIALE PALMIRO TOGLIATTI;in corrispondenza;;del civico n.;998;;Investimento di pedone;;;;;;;;;;1;0;0;1;;;0;1;Autovettura privata;In marcia / fermata / arresto;Citroen;C 1;Conducente;1953;M;Illeso;0;;;
3585036;12;04/12/2017 18:25:00;Strada Urbana;VIALE GIORGIO RIBOTTA;da specificare;;;;alt. area parcheggio Burger King;Scontro frontale/laterale SX fra veicoli in marcia;Rettilineo;Una carreggiata a doppio senso;Asciutto;Asfaltata;Verticale ed orizzontale;Sereno;Normale;Insufficiente;Insufficiente;0;0;0;2;12,45458;41,8162;-1;1;Autovettura privata;In marcia / fermata / arresto;Mercedes;A 180;Conducente;1977;M;Illeso;0;;Utilizzato;Esploso
3585036;12;04/12/2017 18:25:00;Strada Urbana;VIALE GIORGIO RIBOTTA;da specificare;;;;alt. area parcheggio Burger King;Scontro frontale/laterale SX fra veicoli in marcia;Rettilineo;Una carreggiata a doppio senso;Asciutto;Asfaltata;Verticale ed orizzontale;Sereno;Normale;Insufficiente;Insufficiente;0;0;0;2;12,45458;41,8162;-1;2;Autovettura privata;In marcia / fermata / arresto;Suzuki;Ignis;Conducente;1973;F;Illeso;0;;Utilizzato;Esploso
3585040;1;02/12/2017 20:40:00;Strada Urbana;VIA MARSALA;da specificare;;;;altezza SOTTOPASSO direzione VIA GIOLITTI;Scontro frontale/laterale DX fra veicoli in marcia;;Una carreggiata a doppio senso;Asciutto;In cubetti di porfido;Verticale;Nuvoloso;Normale;Buona;Sufficiente;0;0;0;3;;;0;1;Autovettura privata;In marcia / fermata / arresto;Daewoo;Matiz;Conducente;1960;M;Illeso;0;;;
3585040;1;02/12/2017 20:40:00;Strada Urbana;VIA MARSALA;da specificare;;;;altezza SOTTOPASSO direzione VIA GIOLITTI;Scontro frontale/laterale DX fra veicoli in marcia;;Una carreggiata a doppio senso;Asciutto;In cubetti di porfido;Verticale;Nuvoloso;Normale;Buona;Sufficiente;0;0;0;3;;;0;1;Autovettura privata;In marcia / fermata / arresto;Daewoo;Matiz;Passeggero;1974;F;Illeso;0;;;
3585040;1;02/12/2017 20:40:00;Strada Urbana;VIA MARSALA;da specificare;;;;altezza SOTTOPASSO direzione VIA GIOLITTI;Scontro frontale/laterale DX fra veicoli in marcia;;Una carreggiata a doppio senso;Asciutto;In cubetti di porfido;Verticale;Nuvoloso;Normale;Buona;Sufficiente;0;0;0;3;;;0;2;Autovettura privata;In marcia / fermata / arresto;Smart ;FORTWO;Conducente;1960;F;Illeso;0;;;
3585181;1;03/12/2017 04:30:00;Strada Urbana;VIA DELLE QUATTRO FONTANE;all'intersezione semaforizzata con;VIA DEL QUIRINALE;VIA DEL QUIRINALE;;;Scontro frontale/laterale DX fra veicoli in marcia;Intersezione semaforizzata;Una carreggiata a doppio senso;Bagnato (pioggia);Lastricata;Verticale ed orizzontale;Pioggia in atto;Scarso;Buona;Sufficiente;0;0;0;4;;;0;1;Autovettura privata;In marcia / fermata / arresto;Citroen;C 3;Conducente;1987;M;Illeso;0;;;
3585181;1;03/12/2017 04:30:00;Strada Urbana;VIA DELLE QUATTRO FONTANE;all'intersezione semaforizzata con;VIA DEL QUIRINALE;VIA DEL QUIRINALE;;;Scontro frontale/laterale DX fra veicoli in marcia;Intersezione semaforizzata;Una carreggiata a doppio senso;Bagnato (pioggia);Lastricata;Verticale ed orizzontale;Pioggia in atto;Scarso;Buona;Sufficiente;0;0;0;4;;;0;2;Autovettura privata;In marcia / fermata / arresto;Fiat;Stilo;Conducente;1989;M;Illeso;0;;;
3585181;1;03/12/2017 04:30:00;Strada Urbana;VIA DELLE QUATTRO FONTANE;all'intersezione semaforizzata con;VIA DEL QUIRINALE;VIA DEL QUIRINALE;;;Scontro frontale/laterale DX fra veicoli in marcia;Intersezione semaforizzata;Una carreggiata a doppio senso;Bagnato (pioggia);Lastricata;Verticale ed orizzontale;Pioggia in atto;Scarso;Buona;Sufficiente;0;0;0;4;;;0;2;Autovettura privata;In marcia / fermata / arresto;Fiat;Stilo;Passeggero;1994;M;Illeso;0;;;
3585181;1;03/12/2017 04:30:00;Strada Urbana;VIA DELLE QUATTRO FONTANE;all'intersezione semaforizzata con;VIA DEL QUIRINALE;VIA DEL QUIRINALE;;;Scontro frontale/laterale DX fra veicoli in marcia;Intersezione semaforizzata;Una carreggiata a doppio senso;Bagnato (pioggia);Lastricata;Verticale ed orizzontale;Pioggia in atto;Scarso;Buona;Sufficiente;0;0;0;4;;;0;2;Autovettura privata;In marcia / fermata / arresto;Fiat;Stilo;Passeggero;1995;M;Illeso;0;;;
3585182;1;04/12/2017 09:00:00;Strada Urbana;CORSO VITTORIO EMANUELE II;in prossimità;;del civico n.;207;;Tamponamento Multiplo;Rettilineo;Più di due carreggiate;Asciutto;Asfaltata;Verticale ed orizzontale;Sereno;Normale;Buona;Ore Diurne;0;0;0;4;;;0;1;Autovettura privata;In marcia / fermata / arresto;Ford;Mondeo;Conducente;1941;M;Illeso;0;;Non accertato;
3585182;1;04/12/2017 09:00:00;Strada Urbana;CORSO VITTORIO EMANUELE II;in prossimità;;del civico n.;207;;Tamponamento Multiplo;Rettilineo;Più di due carreggiate;Asciutto;Asfaltata;Verticale ed orizzontale;Sereno;Normale;Buona;Ore Diurne;0;0;0;4;;;0;2;Autobus turistico;In marcia / fermata / arresto;Fiat;Ducato;Conducente;1959;M;Illeso;0;;Non accertato;
3585182;1;04/12/2017 09:00:00;Strada Urbana;CORSO VITTORIO EMANUELE II;in prossimità;;del civico n.;207;;Tamponamento Multiplo;Rettilineo;Più di due carreggiate;Asciutto;Asfaltata;Verticale ed orizzontale;Sereno;Normale;Buona;Ore Diurne;0;0;0;4;;;0;3;Autovettura privata;In marcia / fermata / arresto;Hyundai;i 10;Conducente;1979;F;Illeso;0;;Non accertato;
3585182;1;04/12/2017 09:00:00;Strada Urbana;CORSO VITTORIO EMANUELE II;in prossimità;;del civico n.;207;;Tamponamento Multiplo;Rettilineo;Più di due carreggiate;Asciutto;Asfaltata;Verticale ed orizzontale;Sereno;Normale;Buona;Ore Diurne;0;0;0;4;;;0;3;Autovettura privata;In marcia / fermata / arresto;Hyundai;i 10;Passeggero;2017;M;Illeso;0;;;
3585221;10;05/12/2017 13:35:00;Strada Urbana;VIA TUSCOLANA;in prossimità;;del civico n.;1186;;Tamponamento;Rettilineo;Due carreggiate;Asciutto;Asfaltata;Orizzontale;Sereno;Normale;Buona;Ore Diurne;0;0;0;3;12,56129;41,85721;-1;1;Autovettura privata;In marcia / fermata / arresto;Ford;Fiesta;Conducente;1984;M;Illeso;0;;Non accertato;Inesploso
3585221;10;05/12/2017 13:35:00;Strada Urbana;VIA TUSCOLANA;in prossimità;;del civico n.;1186;;Tamponamento;Rettilineo;Due carreggiate;Asciutto;Asfaltata;Orizzontale;Sereno;Normale;Buona;Ore Diurne;0;0;0;3;12,56129;41,85721;-1;2;Autovettura privata;In marcia / fermata / arresto;Fiat;Barchetta;Conducente;1958;F;Illeso;0;;Non accertato;Inesploso
3585221;10;05/12/2017 13:35:00;Strada Urbana;VIA TUSCOLANA;in prossimità;;del civico n.;1186;;Tamponamento;Rettilineo;Due carreggiate;Asciutto;Asfaltata;Orizzontale;Sereno;Normale;Buona;Ore Diurne;0;0;0;3;12,56129;41,85721;-1;2;Autovettura privata;In marcia / fermata / arresto;Fiat;Barchetta;Passeggero;1978;F;Illeso;0;;Non accertato;Inesploso
3585274;17;04/12/2017 14:20:00;Strada Urbana;PASSEGGIATA DI RIPETTA;in prossimità;;del civico n.;22;;Tamponamento Multiplo;Rettilineo;Due carreggiate;Asciutto;Acciotolata;Verticale ed orizzontale;Sereno;Normale;Sufficiente;Ore Diurne;0;0;0;4;;;0;1;Autovettura privata;In marcia / fermata / arresto;Ford;Fiesta;Conducente;1955;M;Illeso;0;;;
3585274;17;04/12/2017 14:20:00;Strada Urbana;PASSEGGIATA DI RIPETTA;in prossimità;;del civico n.;22;;Tamponamento Multiplo;Rettilineo;Due carreggiate;Asciutto;Acciotolata;Verticale ed orizzontale;Sereno;Normale;Sufficiente;Ore Diurne;0;0;0;4;;;0;2;Autovettura privata;In marcia / fermata / arresto;Opel;Corsa;Conducente;1980;M;Illeso;0;;;
3585274;17;04/12/2017 14:20:00;Strada Urbana;PASSEGGIATA DI RIPETTA;in prossimità;;del civico n.;22;;Tamponamento Multiplo;Rettilineo;Due carreggiate;Asciutto;Acciotolata;Verticale ed orizzontale;Sereno;Normale;Sufficiente;Ore Diurne;0;0;0;4;;;0;3;Autovettura privata;In marcia / fermata / arresto;Nissan;Micra;Conducente;1968;F;Illeso;0;;;
3585274;17;04/12/2017 14:20:00;Strada Urbana;PASSEGGIATA DI RIPETTA;in prossimità;;del civico n.;22;;Tamponamento Multiplo;Rettilineo;Due carreggiate;Asciutto;Acciotolata;Verticale ed orizzontale;Sereno;Normale;Sufficiente;Ore Diurne;0;0;0;4;;;0;3;Autovettura privata;In marcia / fermata / arresto;Nissan;Micra;Passeggero;1941;F;Illeso;0;;;
3585291;6;05/12/2017 10:20:00;Strada Urbana;VIA PRENESTINA;all'intersezione semaforizzata con;VIA GIROLAMO COCCONI;VIA GIROLAMO COCCONI;;;Scontro frontale/laterale SX fra veicoli in marcia;Intersezione semaforizzata;Più di due carreggiate;Asciutto;Asfaltata;Verticale ed orizzontale;Sereno;Normale;Buona;Ore Diurne;0;0;0;4;12,56312;41,89489;-1;1;Autovettura di polizia;In marcia / fermata / arresto;Alfa Romeo;Giulietta;Conducente;1978;M;Illeso;0;;Non accertato;Inesploso
3585291;6;05/12/2017 10:20:00;Strada Urbana;VIA PRENESTINA;all'intersezione semaforizzata con;VIA GIROLAMO COCCONI;VIA GIROLAMO COCCONI;;;Scontro frontale/laterale SX fra veicoli in marcia;Intersezione semaforizzata;Più di due carreggiate;Asciutto;Asfaltata;Verticale ed orizzontale;Sereno;Normale;Buona;Ore Diurne;0;0;0;4;12,56312;41,89489;-1;1;Autovettura di polizia;In marcia / fermata / arresto;Alfa Romeo;Giulietta;Passeggero;1972;F;Illeso;0;;Non accertato;Inesploso