Protocollo;Gruppo;DataOraIncidente;Localizzazione1;STRADA1;Localizzazione2;STRADA2;Strada02;Chilometrica;DaSpecificare;NaturaIncidente;particolaritastrade;TipoStrada;FondoStradale;Pavimentazione;Segnaletica;CondizioneAtmosferica;Traffico;Visibilita;Illuminazione;NUM_FERITI;NUM_RISERVATA;NUM_MORTI;NUM_ILLESI;Longitudine;Latitudine;Confermato;Progressivo;TipoVeicolo;StatoVeicolo;Marca;Modello;TipoPersona;AnnoNascita;Sesso;Tipolesione;Deceduto;DecedutoDopo;CinturaCascoUtilizzato;Airbag;
3585291;6;05/12/2017 10:20:00;Strada Urbana;VIA PRENESTINA;all'intersezione semaforizzata con;VIA GIROLAMO COCCONI;VIA GIROLAMO COCCONI;;;Scontro frontale/laterale SX fra veicoli in marcia;Intersezione semaforizzata;Più di due carreggiate;Asciutto;Asfaltata;Verticale ed orizzontale;Sereno;Normale;Buona;Ore Diurne;0;0;0;4;12,56312;41,89489;-1;2;Autovettura privata;In marcia / fermata / arresto;Opel;Meriva;Conducente;1952;M;Illeso;0;;Non utilizzato;Inesploso
3585291;6;05/12/2017 10:20:00;Strada Urbana;VIA PRENESTINA;all'intersezione semaforizzata con;VIA GIROLAMO COCCONI;VIA GIROLAMO COCCONI;;;Scontro frontale/laterale SX fra veicoli in marcia;Intersezione semaforizzata;Più di due carreggiate;Asciutto;Asfaltata;Verticale ed orizzontale;Sereno;Normale;Buona;Ore Diurne;0;0;0;4;12,56312;41,89489;-1;2;Autovettura privata;In marcia / fermata / arresto;Opel;Meriva;Passeggero;1954;F;Illeso;0;;Non accertato;Inesploso
3585319;19;05/12/2017 14:55:00;Strada Urbana;VIA UGO DE CAROLIS;in prossimità;;del civico n.;59;;Scontro frontale/laterale DX fra veicoli in marcia;Rettilineo;Una carreggiata a doppio senso;Asciutto;Asfaltata;Assente;Sereno;Normale;Sufficiente;Ore Diurne;1;0;0;2;12,43987;41,9153;-1;1;Motociclo a solo;In marcia / fermata / arresto;Honda;Jazz 250;Conducente;1965;M;Rifiuta cure immediate;0;NON DECEDUTO;Non accertato;
3585319;19;05/12/2017 14:55:00;Strada Urbana;VIA UGO DE CAROLIS;in prossimità;;del civico n.;59;;Scontro frontale/laterale DX fra veicoli in marcia;Rettilineo;Una carreggiata a doppio senso;Asciutto;Asfaltata;Assente;Sereno;Normale;Sufficiente;Ore Diurne;1;0;0;2;12,43987;41,9153;-1;2;Autovettura privata;In marcia / fermata / arresto;Fiat;Panda;Conducente;1972;F;Illeso;0;;Non accertato;Inesploso
3585319;19;05/12/2017 14:55:00;Strada Urbana;VIA UGO DE CAROLIS;in prossimità;;del civico n.;59;;Scontro frontale/laterale DX fra veicoli in marcia;Rettilineo;Una carreggiata a doppio senso;Asciutto;Asfaltata;Assente;Sereno;Normale;Sufficiente;Ore Diurne;1;0;0;2;12,43987;41,9153;-1;3;Autovettura privata;In marcia / fermata / arresto;Fiat;500;Conducente;1967;M;Illeso;0;;Non accertato;Inesploso
3585339;13;05/12/2017 14:50:00;Strada Urbana;VIA DEL MARE;all'intersezione con;VIA DI CASTEL FUSANO;VIA DI CASTEL FUSANO;;;Scontro laterale fra veicoli in marcia;Intersezione semaforizzata;Una carreggiata a senso unico di marcia;Asciutto;Asfaltata;Verticale ed orizzontale;Sereno;Normale;Buona;Ore Diurne;0;0;0;4;;;0;1;Autovettura privata;In marcia / fermata / arresto;Fiat;Stilo;Conducente;1959;F;Illeso;0;;Non accertato;Inesploso
3585339;13;05/12/2017 14:50:00;Strada Urbana;VIA DEL MARE;all'intersezione con;VIA DI CASTEL FUSANO;VIA DI CASTEL FUSANO;;;Scontro laterale fra veicoli in marcia;Intersezione semaforizzata;Una carreggiata a senso unico di marcia;Asciutto;Asfaltata;Verticale ed orizzontale;Sereno;Normale;Buona;Ore Diurne;0;0;0;4;;;0;1;Autovettura privata;In marcia / fermata / arresto;Fiat;Stilo;Passeggero;1963;F;Illeso;0;;Non accertato;Inesploso
3585339;13;05/12/2017 14:50:00;Strada Urbana;VIA DEL MARE;all'intersezione con;VIA DI CASTEL FUSANO;VIA DI CASTEL FUSANO;;;Scontro laterale fra veicoli in marcia;Intersezione semaforizzata;Una carreggiata a senso unico di marcia;Asciutto;Asfaltata;Verticale ed orizzontale;Sereno;Normale;Buona;Ore Diurne;0;0;0;4;;;0;2;Trattore stradale;In marcia / fermata / arresto;Scania;R 500;Conducente;1971;M;Illeso;0;;Non accertato;
3585339;13;05/12/2017 14:50:00;Strada Urbana;VIA DEL MARE;all'intersezione con;VIA DI CASTEL FUSANO;VIA DI CASTEL FUSANO;;;Scontro laterale fra veicoli in marcia;Intersezione semaforizzata;Una carreggiata a senso unico di marcia;Asciutto;Asfaltata;Verticale ed orizzontale;Sereno;Normale;Buona;Ore Diurne;0;0;0;4;;;0;3;Trattore stradale;In marcia / fermata / arresto;Scania;R 500;Conducente;1971;M;Illeso;0;;Non accertato;Inesploso
3585359;17;11/12/2017 19:10:00;;LUNGOTEVERE DELLE ARMI;in prossimità;;del civico n.;25;;Tamponamento;;;;;;;;;;0;0;0;3;;;0;1;Autovettura privata;In marcia / fermata / arresto;Mercedes;Smart Forfour;Conducente;1994;M;Illeso;0;;Non accertato;Inesploso
3585359;17;11/12/2017 19:10:00;;LUNGOTEVERE DELLE ARMI;in prossimità;;del civico n.;25;;Tamponamento;;;;;;;;;;0;0;0;3;;;0;2;Motociclo con passeggero;In marcia / fermata / arresto;Honda;SH 150;Conducente;1976;M;Illeso;0;;Non accertato;
3585359;17;11/12/2017 19:10:00;;LUNGOTEVERE DELLE ARMI;in prossimità;;del civico n.;25;;Tamponamento;;;;;;;;;;0;0;0;3;;;0;2;Motociclo con passeggero;In marcia / fermata / arresto;Honda;SH 150;Passeggero;1985;M;Illeso;0;;Non accertato;
3585364;10;05/12/2017 14:30:00;Strada Urbana;VIALE BRUNO PELIZZI;in prossimità;;del civico n.;fronte 135;;Fuoriuscita dalla sede stradale;Curva a visuale libera;Una carreggiata a doppio senso;Asciutto;Asfaltata;Orizzontale;Sereno;Normale;Buona;Ore Diurne;0;0;0;1;;;0;1;Autovettura privata;In marcia / fermata / arresto;Fiat;500 L;Conducente;1963;F;Illeso;0;;;
3585365;1;03/12/2017 11:05:00;Strada Urbana;PIAZZA DELLA ROVERE;da specificare;;;;prossimità PONTE PASA;Scontro frontale/laterale SX fra veicoli in marcia;;Una carreggiata a senso unico di marcia;Asciutto;Asfaltata;Verticale ed orizzontale;Nuvoloso;Normale;Buona;Ore Diurne;2;0;0;1;;;0;1;Autovettura pubblica;In marcia / fermata / arresto;Fiat;Idea;Conducente;1960;M;Illeso;0;;;
3585365;1;03/12/2017 11:05:00;Strada Urbana;PIAZZA DELLA ROVERE;da specificare;;;;prossimità PONTE PASA;Scontro frontale/laterale SX fra veicoli in marcia;;Una carreggiata a senso unico di marcia;Asciutto;Asfaltata;Verticale ed orizzontale;Nuvoloso;Normale;Buona;Ore Diurne;2;0;0;1;;;0;2;Motociclo con passeggero;In marcia / fermata / arresto;Piaggio;Vespa;Conducente;1966;M;Rimandato;0;NON DECEDUTO;;
3585365;1;03/12/2017 11:05:00;Strada Urbana;PIAZZA DELLA ROVERE;da specificare;;;;prossimità PONTE PASA;Scontro frontale/laterale SX fra veicoli in marcia;;Una carreggiata a senso unico di marcia;Asciutto;Asfaltata;Verticale ed orizzontale;Nuvoloso;Normale;Buona;Ore Diurne;2;0;0;1;;;0;2;Motociclo con passeggero;In marcia / fermata / arresto;Piaggio;Vespa;Passeggero;2004;F;Rimandato;0;NON DECEDUTO;;
3585366;1;04/12/2017 15:10:00;Strada Urbana;VIA ELENIANA;da specificare;;;;ADIACENTE MURA ROMANE;Investimento di pedone;Curva senza visuale libera;Una carreggiata a senso unico di marcia;Asciutto;Asfaltata;Verticale ed orizzontale;Sereno;Intenso;Buona;Ore Diurne;1;0;0;1;;;0;;;;;;Pedone;2005;F;Rimandato;0;NON DECEDUTO;;
3585366;1;04/12/2017 15:10:00;Strada Urbana;VIA ELENIANA;da specificare;;;;ADIACENTE MURA ROMANE;Investimento di pedone;Curva senza visuale libera;Una carreggiata a senso unico di marcia;Asciutto;Asfaltata;Verticale ed orizzontale;Sereno;Intenso;Buona;Ore Diurne;1;0;0;1;;;0;1;Motociclo a solo;In marcia / fermata / arresto;Piaggio;MP3;Conducente;1987;M;Illeso;0;;Non accertato;
3585383;17;04/12/2017 16:10:00;Strada Urbana;VIA MARCANTONIO COLONNA;all'intersezione con;VIA DEGLI SCIPIONI;VIA DEGLI SCIPIONI;;;Scontro frontale/laterale SX fra veicoli in marcia;Intersezione stradale segnalata;Una carreggiata a doppio senso;Asciutto;Asfaltata;Verticale ed orizzontale;Sereno;Normale;Buona;Ore Diurne;0;0;0;2;;;0;1;Autobus di linea;In marcia / fermata / arresto;Fiat;Iveco;Conducente;1972;M;Illeso;0;;;
3585383;17;04/12/2017 16:10:00;Strada Urbana;VIA MARCANTONIO COLONNA;all'intersezione con;VIA DEGLI SCIPIONI;VIA DEGLI SCIPIONI;;;Scontro frontale/laterale SX fra veicoli in marcia;Intersezione stradale segnalata;Una carreggiata a doppio senso;Asciutto;Asfaltata;Verticale ed orizzontale;Sereno;Normale;Buona;Ore Diurne;0;0;0;2;;;0;2;Autovettura privata;In marcia / fermata / arresto;Smart ;-;Conducente;1986;F;Illeso;0;;;
3585438;18;05/12/2017 10:15:00;Strada Urbana;PIAZZA PIO XI;all'intersezione semaforizzata con;VIA GREGORIO VII;VIA GREGORIO VII;;;Scontro frontale/laterale SX fra veicoli in marcia;Intersezione semaforizzata;Più di due carreggiate;Asciutto;Asfaltata;Verticale ed orizzontale;Sereno;Intenso;Buona;Ore Diurne;0;0;0;2;;;0;1;Motociclo a solo;In marcia / fermata / arresto;Kymco;Downtown;Conducente;1960;M;Illeso;0;;Non accertato;
3585438;18;05/12/2017 10:15:00;Strada Urbana;PIAZZA PIO XI;all'intersezione semaforizzata con;VIA GREGORIO VII;VIA GREGORIO VII;;;Scontro frontale/laterale SX fra veicoli in marcia;Intersezione semaforizzata;Più di due carreggiate;Asciutto;Asfaltata;Verticale ed orizzontale;Sereno;Intenso;Buona;Ore Diurne;0;0;0;2;;;0;2;Autovettura privata;In marcia / fermata / arresto;Opel;AGILA;Conducente;1990;M;Illeso;0;;Non accertato;Inesploso
3585463;19;05/12/2017 09:30:00;Strada Urbana;VIA TRIONFALE;in prossimità;;del civico n.;9612;;Scontro laterale fra veicoli in marcia;Rettilineo;Una carreggiata a doppio senso;Asciutto;Asfaltata;Orizzontale;Sereno;Normale;Buona;Ore Diurne;1;0;0;1;12,4161;41,94721;0;1;Autovettura privata;In marcia / fermata / arresto;Fiat;Punto;Conducente;1980;F;Illeso;0;;Non accertato;Inesploso
3585463;19;05/12/2017 09:30:00;Strada Urbana;VIA TRIONFALE;in prossimità;;del civico n.;9612;;Scontro laterale fra veicoli in marcia;Rettilineo;Una carreggiata a doppio senso;Asciutto;Asfaltata;Orizzontale;Sereno;Normale;Buona;Ore Diurne;1;0;0;1;12,4161;41,94721;0;2;Motociclo a solo;In marcia / fermata / arresto;Peugeot;(non accertato);Conducente;1974;M;Rimandato;0;NON DECEDUTO;Non accertato;
3585486;1;03/12/2017 12:00:00;Strada Urbana;VIA FIRENZE;all'intersezione con;VIA DEL VIMINALE;VIA DEL VIMINALE;;;Scontro laterale fra veicoli in marcia;Intersezione stradale segnalata;Una carreggiata a senso unico di marcia;Asciutto;Asfaltata;Verticale ed orizzontale;Sereno;Scarso;Buona;Ore Diurne;0;0;0;1;;;0;1;Autovettura privata;In marcia / fermata / arresto;Mercedes;Viano;Conducente;1969;M;Illeso;0;;;
3585580;1;03/12/2017 20:15:00;Strada Urbana;VIA DRUSO;in corrispondenza;;del civico n.;2;;Veicolo in marcia contro veicoli in arresto;Rettilineo;Una carreggiata a doppio senso;Asciutto;Asfaltata;Verticale ed orizzontale;Sereno;Normale;Sufficiente;Sufficiente;1;0;0;5;;;0;1;Autovettura privata;In marcia / fermata / arresto;Nissan;Micra;Conducente;1986;M;Illeso;0;;;
3585580;1;03/12/2017 20:15:00;Strada Urbana;VIA DRUSO;in corrispondenza;;del civico n.;2;;Veicolo in marcia contro veicoli in arresto;Rettilineo;Una carreggiata a doppio senso;Asciutto;Asfaltata;Verticale ed orizzontale;Sereno;Normale;Sufficiente;Sufficiente;1;0;0;5;;;0;2;Motociclo a solo;In marcia / fermata / arresto;Honda;SH 125;Conducente;1996;M;Rimandato;0;NON DECEDUTO;;
3585580;1;03/12/2017 20:15:00;Strada Urbana;VIA DRUSO;in corrispondenza;;del civico n.;2;;Veicolo in marcia contro veicoli in arresto;Rettilineo;Una carreggiata a doppio senso;Asciutto;Asfaltata;Verticale ed orizzontale;Sereno;Normale;Sufficiente;Sufficiente;1;0;0;5;;;0;3;Autovettura privata;In marcia / fermata / arresto;Renault;Clio;Conducente;1987;M;Illeso;0;;;
3585580;1;03/12/2017 20:15:00;Strada Urbana;VIA DRUSO;in corrispondenza;;del civico n.;2;;Veicolo in marcia contro veicoli in arresto;Rettilineo;Una carreggiata a doppio senso;Asciutto;Asfaltata;Verticale ed orizzontale;Sereno;Normale;Sufficiente;Sufficiente;1;0;0;5;;;0;3;Autovettura privata;In marcia / fermata / arresto;Renault;Clio;Passeggero;1985;M;Illeso;0;;;
3585580;1;03/12/2017 20:15:00;Strada Urbana;VIA DRUSO;in corrispondenza;;del civico n.;2;;Veicolo in marcia contro veicoli in arresto;Rettilineo;Una carreggiata a doppio senso;Asciutto;Asfaltata;Verticale ed orizzontale;Sereno;Normale;Sufficiente;Sufficiente;1;0;0;5;;;0;3;Autovettura privata;In marcia / fermata / arresto;Renault;Clio;Passeggero;1987;F;Illeso;0;;;
3585602;17;04/12/2017 14:20:00;Strada Urbana;PASSEGGIATA DI RIPETTA;in prossimità;;del civico n.;22;;Tamponamento;Rettilineo;Una carreggiata a senso unico di marcia;Asciutto;In cubetti di porfido;Verticale ed orizzontale;Sereno;Normale;Buona;Ore Diurne;0;0;0;3;;;0;1;Autovettura privata;In marcia / fermata / arresto;Fiat;Panda;Conducente;1942;F;Illeso;0;;;
3585602;17;04/12/2017 14:20:00;Strada Urbana;PASSEGGIATA DI RIPETTA;in prossimità;;del civico n.;22;;Tamponamento;Rettilineo;Una carreggiata a senso unico di marcia;Asciutto;In cubetti di porfido;Verticale ed orizzontale;Sereno;Normale;Buona;Ore Diurne;0;0;0;3;;;0;2;Autovettura privata;In marcia / fermata / arresto;Audi;A3;Conducente;1971;M;Illeso;0;;;
3585602;17;04/12/2017 14:20:00;Strada Urbana;PASSEGGIATA DI RIPETTA;in prossimità;;del civico n.;22;;Tamponamento;Rettilineo;Una carreggiata a senso unico di marcia;Asciutto;In cubetti di porfido;Verticale ed orizzontale;Sereno;Normale;Buona;Ore Diurne;0;0;0;3;;;0;2;Autovettura privata;In marcia / fermata / arresto;Audi;A3;Passeggero;1982;F;Illeso;0;;;
3585607;18;05/12/2017 10:10:00;Strada Urbana;VIA DEL QUARTACCIO;all'intersezione con;VIA DEL PODERE DI S. GIUSTO;VIA DEL PODERE DI S. GIUSTO;;;Scontro frontale/laterale SX fra veicoli in marcia;Intersezione stradale segnalata;Una carreggiata a doppio senso;Asciutto;Asfaltata;Verticale ed orizzontale;Sereno;Intenso;Buona;Ore Diurne;0;0;0;2;12,39088;41,91816;0;1;Autovettura privata;In marcia / fermata / arresto;Toyota;Yaris;Conducente;1997;M;Illeso;0;;;
3585607;18;05/12/2017 10:10:00;Strada Urbana;VIA DEL QUARTACCIO;all'intersezione con;VIA DEL PODERE DI S. GIUSTO;VIA DEL PODERE DI S. GIUSTO;;;Scontro frontale/laterale SX fra veicoli in marcia;Intersezione stradale segnalata;Una carreggiata a doppio senso;Asciutto;Asfaltata;Verticale ed orizzontale;Sereno;Intenso;Buona;Ore Diurne;0;0;0;2;12,39088;41,91816;0;1;Autovettura privata;In marcia / fermata / arresto;Toyota;Yaris;Passeggero;1947;F;Illeso;0;;;
3585611;15;05/12/2017 09:40:00;;PIAZZA ANTONIO MEUCCI;da specificare;;;;fronte Via della Magliana;Tamponamento;;;;;;;;;;1;0;0;1;12,46394;41,86166;0;1;Autovettura privata;In marcia / fermata / arresto;Mercedes;B 180;Conducente;0;F;Illeso;0;;;
3585611;15;05/12/2017 09:40:00;;PIAZZA ANTONIO MEUCCI;da specificare;;;;fronte Via della Magliana;Tamponamento;;;;;;;;;;1;0;0;1;12,46394;41,86166;0;2;Autovettura privata;In marcia / fermata / arresto;Opel;Astra;Conducente;0;F;Rifiuta cure immediate;0;NON DECEDUTO;;
3585634;16;04/12/2017 13:00:00;;PIAZZA FONTEIANA;all'intersezione con;VIA FONTEIANA;VIA FONTEIANA;;;Scontro laterale fra veicoli in marcia;;;;;;;;;;0;0;0;2;;;0;1;Autovettura privata;In marcia / fermata / arresto;Renault;(non accertato);Conducente;0;M;Illeso;0;;;
3585634;16;04/12/2017 13:00:00;;PIAZZA FONTEIANA;all'intersezione con;VIA FONTEIANA;VIA FONTEIANA;;;Scontro laterale fra veicoli in marcia;;;;;;;;;;0;0;0;2;;;0;2;Motociclo a solo;In marcia / fermata / arresto;Honda;SH 150;Conducente;0;M;Illeso;0;;;
3585658;3;04/12/2017 18:30:00;Strada Urbana;VIA TIBURTINA;in prossimità;;del civico n.;271;;Veicolo in marcia contro veicolo in sosta;Rettilineo;Una carreggiata a senso unico di marcia;Asciutto;Asfaltata;Verticale;Nuvoloso;Scarso;Buona;Sufficiente;0;0;0;1;12,52482;41,9079;-1;2;Autovettura privata;In marcia / fermata / arresto;Ford;Focus;Conducente;1979;M;Illeso;0;;Non accertato;
3585665;17;05/12/2017 16:10:00;Strada Urbana;VIALE DEI BASTIONI DI MICHELANGELO;da specificare;;;;FRONTE VIA GERMANICO;Scontro laterale fra veicoli in marcia;Rettilineo;Una carreggiata a doppio senso;Asciutto;Asfaltata;Verticale ed orizzontale;Sereno;Normale;Buona;Ore Diurne;0;0;0;4;12,45577;41,90723;0;1;Autovettura privata;In marcia / fermata / arresto;Fiat;500;Conducente;1987;M;Illeso;0;;;
3585665;17;05/12/2017 16:10:00;Strada Urbana;VIALE DEI BASTIONI DI MICHELANGELO;da specificare;;;;FRONTE VIA GERMANICO;Scontro laterale fra veicoli in marcia;Rettilineo;Una carreggiata a doppio senso;Asciutto;Asfaltata;Verticale ed orizzontale;Sereno;Normale;Buona;Ore Diurne;0;0;0;4;12,45577;41,90723;0;1;Autovettura privata;In marcia / fermata / arresto;Fiat;500;Passeggero;1992;F;Illeso;0;;;
3585665;17;05/12/2017 16:10:00;Strada Urbana;VIALE DEI BASTIONI DI MICHELANGELO;da specificare;;;;FRONTE VIA GERMANICO;Scontro laterale fra veicoli in marcia;Rettilineo;Una carreggiata a doppio senso;Asciutto;Asfaltata;Verticale ed orizzontale;Sereno;Normale;Buona;Ore Diurne;0;0;0;4;12,45577;41,90723;0;2;Autovettura privata;In marcia / fermata / arresto;Renault;Megane;Conducente;1976;M;Illeso;0;;;
3585665;17;05/12/2017 16:10:00;Strada Urbana;VIALE DEI BASTIONI DI MICHELANGELO;da specificare;;;;FRONTE VIA GERMANICO;Scontro laterale fra veicoli in marcia;Rettilineo;Una carreggiata a doppio senso;Asciutto;Asfaltata;Verticale ed orizzontale;Sereno;Normale;Buona;Ore Diurne;0;0;0;4;12,45577;41,90723;0;2;Autovettura privata;In marcia / fermata / arresto;Renault;Megane;Passeggero;0;F;Illeso;0;;;
3585674;16;04/12/2017 15:50:00;;VIA DEGLI STRADIVARI;in corrispondenza;;del civico n.;3;;Investimento di pedone;;;;;;;;;;1;0;0;2;;;0;;;;;;Pedone;0;M;Rimandato;0;NON DECEDUTO;;
3585674;16;04/12/2017 15:50:00;;VIA DEGLI STRADIVARI;in corrispondenza;;del civico n.;3;;Investimento di pedone;;;;;;;;;;1;0;0;2;;;0;;;;;;Pedone;1973;F;Illeso;0;;;
3585674;16;04/12/2017 15:50:00;;VIA DEGLI STRADIVARI;in corrispondenza;;del civico n.;3;;Investimento di pedone;;;;;;;;;;1;0;0;2;;;0;1;Autovettura privata;In marcia / fermata / arresto;Fiat;Punto;Conducente;0;M;Illeso;0;;;
3585678;15;05/12/2017 14:40:00;Strada Urbana;VIA GREVE;da specificare;;;;fronte civico 105;Tamponamento;Rettilineo;Una carreggiata a doppio senso;Asciutto;Asfaltata;Verticale;Sereno;Normale;Buona;Ore Diurne;0;0;0;2;;;0;1;Veicolo speciale;In marcia / fermata / arresto;Iveco;180E30;Conducente;1975;M;Illeso;0;;Non accertato;Inesploso
3585678;15;05/12/2017 14:40:00;Strada Urbana;VIA GREVE;da specificare;;;;fronte civico 105;Tamponamento;Rettilineo;Una carreggiata a doppio senso;Asciutto;Asfaltata;Verticale;Sereno;Normale;Buona;Ore Diurne;0;0;0;2;;;0;2;Autovettura privata;In marcia / fermata / arresto;Citroen;C 3;Conducente;1988;F;Illeso;0;;Non accertato;Inesploso
3585761;16;04/12/2017 17:10:00;;VIA VITELLIA;in corrispondenza;;del civico n.;102;;Scontro frontale/laterale SX fra veicoli in marcia;;;;;;;;;;0;0;0;3;;;0;1;Autovettura privata;In marcia / fermata / arresto;Toyota;I Q;Conducente;0;M;Illeso;0;;;
3585761;16;04/12/2017 17:10:00;;VIA VITELLIA;in corrispondenza;;del civico n.;102;;Scontro frontale/laterale SX fra veicoli in marcia;;;;;;;;;;0;0;0;3;;;0;1;Autovettura privata;In marcia / fermata / arresto;Toyota;I Q;Passeggero;0;F;Illeso;0;;;
3585761;16;04/12/2017 17:10:00;;VIA VITELLIA;in corrispondenza;;del civico n.;102;;Scontro frontale/laterale SX fra veicoli in marcia;;;;;;;;;;0;0;0;3;;;0;2;Motociclo a solo;In marcia / fermata / arresto;Piaggio;Beverly;Conducente;0;M;Illeso;0;;;
3585775;13;05/12/2017 18:00:00;Comunale extraurbana;VIALE DI CASTEL PORZIANO;da specificare;;;;1 km circa dalla Via Litoranea;Fuoriuscita dalla sede stradale;Rettilineo;Una carreggiata a doppio senso;Asciutto;Asfaltata;Assente;Sereno;Normale;Insufficiente;Inesistente;0;0;0;1;12,34914;41,73083;0;1;Autovettura privata;In marcia / fermata / arresto;Fiat;Punto;Conducente;1936;M;Illeso;0;;Non accertato;Inesploso
3585786;16;05/12/2017 07:00:00;;VIA PIER ANDREA FONTEBASSO;all'intersezione con;VIA GIUSEPPE VANNI;VIA GIUSEPPE VANNI;;;Scontro frontale/laterale DX fra veicoli in marcia;;;;;;;;;;0;0;0;2;;;0;1;Autovettura privata;In marcia / fermata / arresto;BMW;120 D;Conducente;0;M;Illeso;0;;;
3585786;16;05/12/2017 07:00:00;;VIA PIER ANDREA FONTEBASSO;all'intersezione con;VIA GIUSEPPE VANNI;VIA GIUSEPPE VANNI;;;Scontro frontale/laterale DX fra veicoli in marcia;;;;;;;;;;0;0;0;2;;;0;2;Autovettura privata;In marcia / fermata / arresto;Peugeot;207 SW;Conducente;0;M;Illeso;0;;;
3585803;16;05/12/2017 08:10:00;;VIA SILVESTRI;all'intersezione con;VIA CAMILLO SERAFINI;VIA CAMILLO SERAFINI;;;Scontro frontale/laterale SX fra veicoli in marcia;;;;;;;;;;0;0;0;2;;;0;1;Motociclo a solo;In marcia / fermata / arresto;BMW;1200 RT;Conducente;0;M;Illeso;0;;;
3585803;16;05/12/2017 08:10:00;;VIA SILVESTRI;all'intersezione con;VIA CAMILLO SERAFINI;VIA CAMILLO SERAFINI;;;Scontro frontale/laterale SX fra veicoli in marcia;;;;;;;;;;0;0;0;2;;;0;2;Ciclomotore;In marcia / fermata / arresto;Piaggio;Gilera Runner;Conducente;0;M;Illeso;0;;;
3585825;15;05/12/2017 13:20:00;;VIA DELLA CASETTA MATTEI;in corrispondenza;;del civico n.;147/B;;Tamponamento;;;;;;;;;;2;0;0;0;12,42004;41,85579;0;1;Autovettura privata;In marcia / fermata / arresto;Fiat;Panda;Conducente;0;M;Rimandato;0;NON DECEDUTO;;
3585825;15;05/12/2017 13:20:00;;VIA DELLA CASETTA MATTEI;in corrispondenza;;del civico n.;147/B;;Tamponamento;;;;;;;;;;2;0;0;0;12,42004;41,85579;0;2;Autovettura privata;In marcia / fermata / arresto;Mercedes;Smart Forfour;Conducente;0;F;Rifiuta cure immediate;0;NON DECEDUTO;;
3586130;9;05/12/2017 12:20:00;;VIA APPIA NUOVA;in prossimità;;del civico n.;606;;Veicolo in marcia contro veicolo in sosta;;;;;;;;;;0;0;0;2;12,52914;41,86923;0;1;Motociclo a solo;In marcia / fermata / arresto;Yamaha;T MAX500;Conducente;1992;M;Illeso;0;;;
3586130;9;05/12/2017 12:20:00;;VIA APPIA NUOVA;in prossimità;;del civico n.;606;;Veicolo in marcia contro veicolo in sosta;;;;;;;;;;0;0;0;2;12,52914;41,86923;0;2;Autovettura privata;Sosta;Nissan;quashquai;Conducente;1950;;Illeso;0;;;
3586137;9;05/12/2017 14:10:00;;VIA APPIA NUOVA;in prossimità;;del civico n.;541H;;Veicolo in marcia contro veicolo in sosta;;;;;;;;;;0;0;0;1;12,52759;41,87116;0;1;Autovettura privata;In marcia / fermata / arresto;Volkswagen;Golf;Conducente;1984;M;Illeso;0;;Non accertato;Inesploso
3586139;9;05/12/2017 17:30:00;;VIA TUSCOLANA;all'intersezione con;VIA PATRICA;VIA PATRICA;;;Scontro laterale fra veicoli in marcia;;;;;;;;;;0;0;0;2;12,54155;41,86675;0;1;Autovettura privata;In marcia / fermata / arresto;Opel;Zafira;Conducente;1967;M;Illeso;0;;Non accertato;Inesploso
3586139;9;05/12/2017 17:30:00;;VIA TUSCOLANA;all'intersezione con;VIA PATRICA;VIA PATRICA;;;Scontro laterale fra veicoli in marcia;;;;;;;;;;0;0;0;2;12,54155;41,86675;0;2;Autovettura privata;In marcia / fermata / arresto;Opel;Astra;Conducente;1977;M;Illeso;0;;Non accertato;Inesploso
3586140;9;05/12/2017 23:10:00;;VIALE BRUNO PELIZZI;all'intersezione semaforizzata con;VIA DI TORRE SPACCATA;VIA DI TORRE SPACCATA;;;Scontro laterale fra veicoli in marcia;;;;;;;;;;1;0;0;1;12,58396;41,85552;0;1;Autovettura privata;In marcia / fermata / arresto;Fiat;500;Conducente;1977;M;Illeso;0;;Non accertato;Inesploso
3586140;9;05/12/2017 23:10:00;;VIALE BRUNO PELIZZI;all'intersezione semaforizzata con;VIA DI TORRE SPACCATA;VIA DI TORRE SPACCATA;;;Scontro laterale fra veicoli in marcia;;;;;;;;;;1;0;0;1;12,58396;41,85552;0;2;Autovettura privata;In marcia / fermata / arresto;Ford;KA;Conducente;1995;M;Rimandato;0;NON DECEDUTO;;
3586158;8;05/12/2017 09:10:00;Strada Urbana;VIA ROCCAFORTE DEL GRECO;in prossimità;;del civico n.;64;;Veicolo in marcia contro ostacolo accidentale;Curva senza visuale libera;Una carreggiata a doppio senso;Asciutto;Asfaltata;Orizzontale;Sereno;Scarso;Buona;Ore Diurne;0;0;0;1;12,69156;41,86558;-1;1;Autovettura privata;In marcia / fermata / arresto;Mercedes;E 350;Conducente;1981;M;Illeso;0;;Non accertato;Inesploso
3586163;8;05/12/2017 12:00:00;Strada Urbana;VIA AMICO ASPERTINI;all'intersezione con;VIA FERNANDO CONTI;VIA FERNANDO CONTI;;;Scontro frontale/laterale SX fra veicoli in marcia;Incrocio;Una carreggiata a doppio senso;Asciutto;Asfaltata;Verticale ed orizzontale;Sereno;Intenso;Sufficiente;Ore Diurne;0;0;0;3;12,63244;41,86823;-1;1;Autovettura privata;In marcia / fermata / arresto;Fiat;Panda;Conducente;1975;M;Illeso;0;;Non accertato;Inesploso