Protocollo;Gruppo;DataOraIncidente;Localizzazione1;STRADA1;Localizzazione2;STRADA2;Strada02;Chilometrica;DaSpecificare;NaturaIncidente;particolaritastrade;TipoStrada;FondoStradale;Pavimentazione;Segnaletica;CondizioneAtmosferica;Traffico;Visibilita;Illuminazione;NUM_FERITI;NUM_RISERVATA;NUM_MORTI;NUM_ILLESI;Longitudine;Latitudine;Confermato;Progressivo;TipoVeicolo;StatoVeicolo;Marca;Modello;TipoPersona;AnnoNascita;Sesso;Tipolesione;Deceduto;DecedutoDopo;CinturaCascoUtilizzato;Airbag;
3586163;8;05/12/2017 12:00:00;Strada Urbana;VIA AMICO ASPERTINI;all'intersezione con;VIA FERNANDO CONTI;VIA FERNANDO CONTI;;;Scontro frontale/laterale SX fra veicoli in marcia;Incrocio;Una carreggiata a doppio senso;Asciutto;Asfaltata;Verticale ed orizzontale;Sereno;Intenso;Sufficiente;Ore Diurne;0;0;0;3;12,63244;41,86823;-1;1;Autovettura privata;In marcia / fermata / arresto;Fiat;Panda;Passeggero;1950;M;Illeso;0;;Non accertato;Inesistente
3586163;8;05/12/2017 12:00:00;Strada Urbana;VIA AMICO ASPERTINI;all'intersezione con;VIA FERNANDO CONTI;VIA FERNANDO CONTI;;;Scontro frontale/laterale SX fra veicoli in marcia;Incrocio;Una carreggiata a doppio senso;Asciutto;Asfaltata;Verticale ed orizzontale;Sereno;Intenso;Sufficiente;Ore Diurne;0;0;0;3;12,63244;41,86823;-1;2;Autovettura privata;In marcia / fermata / arresto;Ford;Fiesta;Conducente;1950;F;Illeso;0;;Non accertato;Inesploso
3586166;8;05/12/2017 14:00:00;Strada Urbana;VIA GIOVANNI ARTUSI;all'intersezione con;VIA PIETRO SANTO BARTOLI;VIA PIETRO SANTO BARTOLI;;;Scontro laterale fra veicoli in marcia;Incrocio;Una carreggiata a doppio senso;Asciutto;Asfaltata;Verticale ed orizzontale;Sereno;Intenso;Buona;Ore Diurne;0;0;0;3;12,61949;41,86867;-1;1;Autovettura privata;In marcia / fermata / arresto;Hyundai;i 20;Conducente;1954;M;Illeso;0;;Non accertato;Inesploso
3586166;8;05/12/2017 14:00:00;Strada Urbana;VIA GIOVANNI ARTUSI;all'intersezione con;VIA PIETRO SANTO BARTOLI;VIA PIETRO SANTO BARTOLI;;;Scontro laterale fra veicoli in marcia;Incrocio;Una carreggiata a doppio senso;Asciutto;Asfaltata;Verticale ed orizzontale;Sereno;Intenso;Buona;Ore Diurne;0;0;0;3;12,61949;41,86867;-1;1;Autovettura privata;In marcia / fermata / arresto;Hyundai;i 20;Passeggero;1960;M;Illeso;0;;Non accertato;Inesploso
3586166;8;05/12/2017 14:00:00;Strada Urbana;VIA GIOVANNI ARTUSI;all'intersezione con;VIA PIETRO SANTO BARTOLI;VIA PIETRO SANTO BARTOLI;;;Scontro laterale fra veicoli in marcia;Incrocio;Una carreggiata a doppio senso;Asciutto;Asfaltata;Verticale ed orizzontale;Sereno;Intenso;Buona;Ore Diurne;0;0;0;3;12,61949;41,86867;-1;2;Autovettura privata;In marcia / fermata / arresto;Fiat;Panda;Conducente;1977;M;Illeso;0;;Non accertato;Inesploso
3586168;8;05/12/2017 15:50:00;;VIA DI VERMICINO;da specificare;;;;altezza LARGO MONREALE;Scontro laterale fra veicoli in marcia;;;;;;;;;;0;0;0;1;;;0;1;Autovettura privata;In marcia / fermata / arresto;Volkswagen;Golf;Conducente;1990;;Illeso;0;;;
3586176;8;05/12/2017 16:10:00;Strada Urbana;VIA CARLO SARACENI;in corrispondenza;;del civico n.;9;;Scontro laterale fra veicoli in marcia;Rettilineo;Una carreggiata a senso unico di marcia;Asciutto;Asfaltata;Verticale;Sereno;Normale;Buona;Ore Diurne;0;0;0;4;12,62654;41,86717;-1;1;Autovettura privata;In marcia / fermata / arresto;Ford;Fiesta;Conducente;1988;F;Illeso;0;;Non accertato;Inesploso
3586176;8;05/12/2017 16:10:00;Strada Urbana;VIA CARLO SARACENI;in corrispondenza;;del civico n.;9;;Scontro laterale fra veicoli in marcia;Rettilineo;Una carreggiata a senso unico di marcia;Asciutto;Asfaltata;Verticale;Sereno;Normale;Buona;Ore Diurne;0;0;0;4;12,62654;41,86717;-1;2;Autovettura privata;In marcia / fermata / arresto;Opel;Astra;Conducente;1973;F;Illeso;0;;Non accertato;Inesploso
3586176;8;05/12/2017 16:10:00;Strada Urbana;VIA CARLO SARACENI;in corrispondenza;;del civico n.;9;;Scontro laterale fra veicoli in marcia;Rettilineo;Una carreggiata a senso unico di marcia;Asciutto;Asfaltata;Verticale;Sereno;Normale;Buona;Ore Diurne;0;0;0;4;12,62654;41,86717;-1;2;Autovettura privata;In marcia / fermata / arresto;Opel;Astra;Passeggero;2005;F;Illeso;0;;Non accertato;Inesploso
3586176;8;05/12/2017 16:10:00;Strada Urbana;VIA CARLO SARACENI;in corrispondenza;;del civico n.;9;;Scontro laterale fra veicoli in marcia;Rettilineo;Una carreggiata a senso unico di marcia;Asciutto;Asfaltata;Verticale;Sereno;Normale;Buona;Ore Diurne;0;0;0;4;12,62654;41,86717;-1;2;Autovettura privata;In marcia / fermata / arresto;Opel;Astra;Passeggero;2014;F;Illeso;0;;Non accertato;Inesploso
3586186;8;05/12/2017 17:30:00;;VIA DELLA LITE;in corrispondenza;;del civico n.;130;;Scontro laterale fra veicoli in marcia;;;;;;;;;;0;0;0;2;;;0;1;Autovettura privata;In marcia / fermata / arresto;Ford;Focus;Conducente;1994;M;Illeso;0;;;
3586186;8;05/12/2017 17:30:00;;VIA DELLA LITE;in corrispondenza;;del civico n.;130;;Scontro laterale fra veicoli in marcia;;;;;;;;;;0;0;0;2;;;0;1;Autovettura privata;In marcia / fermata / arresto;Ford;Focus;Passeggero;1992;F;Illeso;0;;Non accertato;
3586193;15;05/12/2017 14:00:00;Strada Urbana;VIA DELLA MAGLIANA;all'intersezione semaforizzata con;VIA DELL'IMPRUNETA;VIA DELL'IMPRUNETA;;;Scontro laterale fra veicoli in marcia;Intersezione semaforizzata;Una carreggiata a doppio senso;Asciutto;Asfaltata;Verticale ed orizzontale;Nebbia;Normale;Buona;Ore Diurne;0;0;0;3;12,4243;41,83404;-1;1;Motociclo a solo;In marcia / fermata / arresto;MBK;XCity;Conducente;1971;M;Illeso;0;;Non accertato;
3586193;15;05/12/2017 14:00:00;Strada Urbana;VIA DELLA MAGLIANA;all'intersezione semaforizzata con;VIA DELL'IMPRUNETA;VIA DELL'IMPRUNETA;;;Scontro laterale fra veicoli in marcia;Intersezione semaforizzata;Una carreggiata a doppio senso;Asciutto;Asfaltata;Verticale ed orizzontale;Nebbia;Normale;Buona;Ore Diurne;0;0;0;3;12,4243;41,83404;-1;1;Motociclo a solo;In marcia / fermata / arresto;MBK;XCity;Passeggero;1975;F;Illeso;0;;Non accertato;
3586193;15;05/12/2017 14:00:00;Strada Urbana;VIA DELLA MAGLIANA;all'intersezione semaforizzata con;VIA DELL'IMPRUNETA;VIA DELL'IMPRUNETA;;;Scontro laterale fra veicoli in marcia;Intersezione semaforizzata;Una carreggiata a doppio senso;Asciutto;Asfaltata;Verticale ed orizzontale;Nebbia;Normale;Buona;Ore Diurne;0;0;0;3;12,4243;41,83404;-1;2;Autovettura privata;In marcia / fermata / arresto;Fiat;Panda;Conducente;1983;F;Illeso;0;;Non accertato;Inesploso
3586197;8;05/12/2017 18:40:00;Statale entro l'abitato;VIA CASILINA;in corrispondenza;;del civico n.;1732;;Scontro frontale fra veicoli in marcia;Rettilineo;Una carreggiata a doppio senso;Asciutto;Asfaltata;Orizzontale;Sereno;Intenso;Sufficiente;Sufficiente;1;0;0;1;;;0;1;Motociclo a solo;In marcia / fermata / arresto;Suzuki;SV 650;Conducente;1978;M;Rifiuta cure immediate;0;NON DECEDUTO;Non accertato;
3586197;8;05/12/2017 18:40:00;Statale entro l'abitato;VIA CASILINA;in corrispondenza;;del civico n.;1732;;Scontro frontale fra veicoli in marcia;Rettilineo;Una carreggiata a doppio senso;Asciutto;Asfaltata;Orizzontale;Sereno;Intenso;Sufficiente;Sufficiente;1;0;0;1;;;0;2;Autovettura privata;In marcia / fermata / arresto;Mercedes;Smart Fortwo Coupè;Conducente;1992;M;Illeso;0;;Non accertato;Inesploso
3586201;8;05/12/2017 19:00:00;;VIA DELL'ARCHEOLOGIA;in corrispondenza;;del palo luce n.;20;;Veicolo in marcia contro ostacolo fisso;;;;;;;;;;1;0;0;0;;;0;1;Autovettura privata;In marcia / fermata / arresto;Ford;Fiesta;Conducente;1961;M;Ricoverato;0;NON DECEDUTO;Non accertato;
3586202;5;05/12/2017 15:15:00;;VIA TIBURTINA;in prossimità;;del civico n.;994;;Tamponamento;;;;;;;;;;1;0;0;0;12,57709;41,92888;0;2;Motociclo con passeggero;In marcia / fermata / arresto;(non accertato);(non accertato);Conducente;1992;M;Rimandato;0;NON DECEDUTO;Non accertato;
3586204;13;05/12/2017 09:00:00;;VIA MAIERATO;all'intersezione con;VIA MAIERA';VIA MAIERA';;;Tamponamento;;;;;;;;;;0;0;0;2;;;0;1;Autovettura privata;In marcia / fermata / arresto;Suzuki;Swift;Conducente;1985;M;Illeso;0;;Non accertato;
3586204;13;05/12/2017 09:00:00;;VIA MAIERATO;all'intersezione con;VIA MAIERA';VIA MAIERA';;;Tamponamento;;;;;;;;;;0;0;0;2;;;0;2;Autovettura privata;In marcia / fermata / arresto;Ford;(ignoto);Conducente;1953;F;Illeso;0;;Non accertato;
3586208;13;05/12/2017 12:00:00;Strada Urbana;VIALE VASCO DE GAMA;all'intersezione semaforizzata con;VIALE CAPITAN CONSALVO;VIALE CAPITAN CONSALVO;;;Scontro laterale fra veicoli in marcia;Intersezione semaforizzata;Due carreggiate;Asciutto;Asfaltata;Verticale ed orizzontale;Sereno;Normale;Buona;Ore Diurne;0;0;0;3;12,27897;41,73313;-1;1;Autovettura privata;In marcia / fermata / arresto;Opel;Corsa;Conducente;1956;F;Illeso;0;;Non accertato;Inesploso
3586208;13;05/12/2017 12:00:00;Strada Urbana;VIALE VASCO DE GAMA;all'intersezione semaforizzata con;VIALE CAPITAN CONSALVO;VIALE CAPITAN CONSALVO;;;Scontro laterale fra veicoli in marcia;Intersezione semaforizzata;Due carreggiate;Asciutto;Asfaltata;Verticale ed orizzontale;Sereno;Normale;Buona;Ore Diurne;0;0;0;3;12,27897;41,73313;-1;2;Autovettura privata;In marcia / fermata / arresto;Chevrolet;Aveo;Conducente;1941;M;Illeso;0;;Non accertato;Inesploso
3586208;13;05/12/2017 12:00:00;Strada Urbana;VIALE VASCO DE GAMA;all'intersezione semaforizzata con;VIALE CAPITAN CONSALVO;VIALE CAPITAN CONSALVO;;;Scontro laterale fra veicoli in marcia;Intersezione semaforizzata;Due carreggiate;Asciutto;Asfaltata;Verticale ed orizzontale;Sereno;Normale;Buona;Ore Diurne;0;0;0;3;12,27897;41,73313;-1;2;Autovettura privata;In marcia / fermata / arresto;Chevrolet;Aveo;Passeggero;1941;F;Illeso;0;;Non accertato;Inesploso
3586221;15;05/12/2017 20:05:00;;VIA OSTIENSE;all'intersezione semaforizzata con;LUNGOTEVERE DI S. PAOLO;LUNGOTEVERE DI S. PAOLO;;;Tamponamento;;;;;;;;;;1;0;0;1;12,41094;41,80891;0;1;Autovettura privata;In marcia / fermata / arresto;Mercedes;Smart For Two;Conducente;0;F;Illeso;0;;;
3586221;15;05/12/2017 20:05:00;;VIA OSTIENSE;all'intersezione semaforizzata con;LUNGOTEVERE DI S. PAOLO;LUNGOTEVERE DI S. PAOLO;;;Tamponamento;;;;;;;;;;1;0;0;1;12,41094;41,80891;0;2;Motociclo a solo;In marcia / fermata / arresto;Yamaha;DRAG  STAR;Conducente;0;M;Rifiuta cure immediate;0;NON DECEDUTO;;
3586225;20;05/12/2017 06:45:00;Strada Urbana;VIA FOSSO DEL POGGIO;in prossimità;;del civico n.;27;;Veicolo in marcia contro veicoli in sosta;Rettilineo;Una carreggiata a doppio senso;Asciutto;Asfaltata;Verticale;Sereno;Normale;Buona;Ore Diurne;0;0;0;1;12,4405;41,97403;-1;1;Autovettura privata;In marcia / fermata / arresto;Citroen;C 3;Conducente;1931;M;Illeso;0;;Non accertato;
3586229;11;05/12/2017 08:15:00;Strada Urbana;VIA LORENZO BONINCONTRI;all'intersezione con;VIA ANTONELLO DA MESSINA;VIA ANTONELLO DA MESSINA;;;Tamponamento;Intersezione non regolata/non segnalata;Una carreggiata a senso unico di marcia;Asciutto;Asfaltata;Verticale;Sereno;Scarso;Buona;Ore Diurne;0;0;0;2;12,5059;41,85391;0;1;Autovettura privata;In marcia / fermata / arresto;Volkswagen;Passat;Conducente;1983;M;Illeso;0;;;
3586229;11;05/12/2017 08:15:00;Strada Urbana;VIA LORENZO BONINCONTRI;all'intersezione con;VIA ANTONELLO DA MESSINA;VIA ANTONELLO DA MESSINA;;;Tamponamento;Intersezione non regolata/non segnalata;Una carreggiata a senso unico di marcia;Asciutto;Asfaltata;Verticale;Sereno;Scarso;Buona;Ore Diurne;0;0;0;2;12,5059;41,85391;0;2;Autocarro inferiore 35 q.;In marcia / fermata / arresto;Fiat;Iveco;Conducente;1985;M;Illeso;0;;;
3586233;13;05/12/2017 09:30:00;Strada Urbana;VIA OSTIENSE;da specificare;;;;altezza Stazione Metro Acilia;Scontro laterale fra veicoli in marcia;Rettilineo;Una carreggiata a senso unico di marcia;Asciutto;Asfaltata;Verticale;Sereno;Intenso;Buona;Ore Diurne;0;0;0;2;12,41094;41,80891;-1;1;Autovettura privata;In marcia / fermata / arresto;Ford;C - MAX;Conducente;1972;F;Illeso;0;;Non accertato;Inesploso
3586233;13;05/12/2017 09:30:00;Strada Urbana;VIA OSTIENSE;da specificare;;;;altezza Stazione Metro Acilia;Scontro laterale fra veicoli in marcia;Rettilineo;Una carreggiata a senso unico di marcia;Asciutto;Asfaltata;Verticale;Sereno;Intenso;Buona;Ore Diurne;0;0;0;2;12,41094;41,80891;-1;2;Autovettura privata;In marcia / fermata / arresto;Citroen;AX;Conducente;1935;M;Illeso;0;;Non accertato;Inesploso
3586234;20;05/12/2017 19:00:00;Strada Urbana;VIA DEL FORO ITALICO;da specificare;;;;alt. svincolo C.so Francia dir. Stadio;Infortunio per sola frenata improvvisa;Rettilineo;Due carreggiate;Asciutto;Asfaltata;Verticale ed orizzontale;Sereno;Intenso;Sufficiente;Sufficiente;1;0;0;0;;;0;1;Motociclo a solo;In marcia / fermata / arresto;Peugeot;Tweet;Conducente;1973;M;Rimandato;0;NON DECEDUTO;;
3586250;11;05/12/2017 08:50:00;Strada Urbana;VIA LAURENTINA;all'intersezione semaforizzata con;VIA CRISTOFORO COLOMBO;VIA CRISTOFORO COLOMBO;;;Scontro laterale fra veicoli in marcia;Incrocio;Più di due carreggiate;Asciutto;Asfaltata;Verticale ed orizzontale;Sereno;Normale;Buona;Ore Diurne;0;0;0;3;12,4794;41,84595;-1;1;Autocarro inferiore 35 q.;In marcia / fermata / arresto;Fiat;Fiorino;Conducente;1979;M;Illeso;0;;Non accertato;
3586250;11;05/12/2017 08:50:00;Strada Urbana;VIA LAURENTINA;all'intersezione semaforizzata con;VIA CRISTOFORO COLOMBO;VIA CRISTOFORO COLOMBO;;;Scontro laterale fra veicoli in marcia;Incrocio;Più di due carreggiate;Asciutto;Asfaltata;Verticale ed orizzontale;Sereno;Normale;Buona;Ore Diurne;0;0;0;3;12,4794;41,84595;-1;1;Autocarro inferiore 35 q.;In marcia / fermata / arresto;Fiat;Fiorino;Passeggero;1964;M;Illeso;0;;Non accertato;
3586250;11;05/12/2017 08:50:00;Strada Urbana;VIA LAURENTINA;all'intersezione semaforizzata con;VIA CRISTOFORO COLOMBO;VIA CRISTOFORO COLOMBO;;;Scontro laterale fra veicoli in marcia;Incrocio;Più di due carreggiate;Asciutto;Asfaltata;Verticale ed orizzontale;Sereno;Normale;Buona;Ore Diurne;0;0;0;3;12,4794;41,84595;-1;2;Autovettura privata;In marcia / fermata / arresto;Peugeot;5008;Conducente;1970;M;Illeso;0;;Non accertato;
3586261;15;05/12/2017 17:50:00;Altra strada;VIA MURLO;in corrispondenza;;del civico n.;41;;Veicolo in marcia contro ostacolo fisso;Rettilineo;Una carreggiata a doppio senso;Asciutto;Asfaltata;Assente;Sereno;Normale;Buona;Ore Diurne;0;0;0;2;12,45913;41,84829;0;1;Autovettura privata;In marcia / fermata / arresto;Peugeot;107;Conducente;1972;M;Illeso;0;;Utilizzato;Esploso
3586261;15;05/12/2017 17:50:00;Altra strada;VIA MURLO;in corrispondenza;;del civico n.;41;;Veicolo in marcia contro ostacolo fisso;Rettilineo;Una carreggiata a doppio senso;Asciutto;Asfaltata;Assente;Sereno;Normale;Buona;Ore Diurne;0;0;0;2;12,45913;41,84829;0;1;Autovettura privata;In marcia / fermata / arresto;Peugeot;107;Passeggero;2003;F;Illeso;0;;Utilizzato;Esploso
3586272;17;06/12/2017 05:25:00;Strada Urbana;VIA FABIO MASSIMO;all'intersezione con;VIA DEGLI SCIPIONI;VIA DEGLI SCIPIONI;;;Scontro frontale/laterale SX fra veicoli in marcia;Intersezione stradale segnalata;Una carreggiata a senso unico di marcia;Asciutto;Asfaltata;Verticale ed orizzontale;Sereno;Scarso;Buona;Sufficiente;0;0;0;2;12,46222;41,90883;0;1;Autocarro inferiore 35 q.;In marcia / fermata / arresto;Fiat Iveco;35;Conducente;1963;M;Illeso;0;;;
3586272;17;06/12/2017 05:25:00;Strada Urbana;VIA FABIO MASSIMO;all'intersezione con;VIA DEGLI SCIPIONI;VIA DEGLI SCIPIONI;;;Scontro frontale/laterale SX fra veicoli in marcia;Intersezione stradale segnalata;Una carreggiata a senso unico di marcia;Asciutto;Asfaltata;Verticale ed orizzontale;Sereno;Scarso;Buona;Sufficiente;0;0;0;2;12,46222;41,90883;0;2;Autocarro inferiore 35 q.;In marcia / fermata / arresto;Fiat;Ducato;Conducente;1992;M;Illeso;0;;;
3586274;10;05/12/2017 09:00:00;;VIALE BRUNO RIZZIERI;all'intersezione con;VIA WALTER PROCACCINI;VIA WALTER PROCACCINI;;;Scontro laterale fra veicoli in marcia;;;;;;;;;;1;0;0;3;12,58298;41,85184;0;1;Autovettura privata;In marcia / fermata / arresto;Fiat;600;Conducente;1997;F;Illeso;0;;;
3586274;10;05/12/2017 09:00:00;;VIALE BRUNO RIZZIERI;all'intersezione con;VIA WALTER PROCACCINI;VIA WALTER PROCACCINI;;;Scontro laterale fra veicoli in marcia;;;;;;;;;;1;0;0;3;12,58298;41,85184;0;1;Autovettura privata;In marcia / fermata / arresto;Fiat;600;Passeggero;1969;F;Illeso;0;;;
3586274;10;05/12/2017 09:00:00;;VIALE BRUNO RIZZIERI;all'intersezione con;VIA WALTER PROCACCINI;VIA WALTER PROCACCINI;;;Scontro laterale fra veicoli in marcia;;;;;;;;;;1;0;0;3;12,58298;41,85184;0;1;Autovettura privata;In marcia / fermata / arresto;Fiat;600;Passeggero;1998;F;Rimandato;0;NON DECEDUTO;;
3586274;10;05/12/2017 09:00:00;;VIALE BRUNO RIZZIERI;all'intersezione con;VIA WALTER PROCACCINI;VIA WALTER PROCACCINI;;;Scontro laterale fra veicoli in marcia;;;;;;;;;;1;0;0;3;12,58298;41,85184;0;2;Autovettura privata;In marcia / fermata / arresto;Fiat;Panda;Conducente;1986;F;Illeso;0;;;
3586279;20;05/12/2017 09:30:00;Strada Urbana;VIA BRACCIANENSE;all'intersezione con;VIA ANGUILLARESE;VIA ANGUILLARESE;;;Scontro frontale/laterale DX fra veicoli in marcia;Intersezione stradale segnalata;Una carreggiata a doppio senso;Asciutto;Asfaltata;Verticale;Sereno;Normale;Buona;Ore Diurne;0;0;0;2;12,3112;42,0365;0;1;Autovettura privata;In marcia / fermata / arresto;Volkswagen;UP;Conducente;1942;M;Illeso;0;;Non accertato;
3586279;20;05/12/2017 09:30:00;Strada Urbana;VIA BRACCIANENSE;all'intersezione con;VIA ANGUILLARESE;VIA ANGUILLARESE;;;Scontro frontale/laterale DX fra veicoli in marcia;Intersezione stradale segnalata;Una carreggiata a doppio senso;Asciutto;Asfaltata;Verticale;Sereno;Normale;Buona;Ore Diurne;0;0;0;2;12,3112;42,0365;0;2;Autovettura privata;In marcia / fermata / arresto;Lancia;Y;Conducente;1979;F;Illeso;0;;Non accertato;
3586284;20;05/12/2017 08:40:00;Regionale entro l'abitato;VIA FLAMINIA;da specificare;;;;altezza Sacrofanese direzione Roma;Tamponamento;Rettilineo;Una carreggiata a doppio senso;Asciutto;Asfaltata;Verticale ed orizzontale;Sereno;Normale;Buona;Ore Diurne;0;0;0;2;12,48711;42,05521;-1;1;Autovettura privata;In marcia / fermata / arresto;Fiat;500;Conducente;1994;F;Illeso;0;;Non accertato;
3586284;20;05/12/2017 08:40:00;Regionale entro l'abitato;VIA FLAMINIA;da specificare;;;;altezza Sacrofanese direzione Roma;Tamponamento;Rettilineo;Una carreggiata a doppio senso;Asciutto;Asfaltata;Verticale ed orizzontale;Sereno;Normale;Buona;Ore Diurne;0;0;0;2;12,48711;42,05521;-1;2;Autovettura privata;In marcia / fermata / arresto;Opel;AGILA;Conducente;1974;F;Illeso;0;;Non accertato;
3586287;11;05/12/2017 17:30:00;Strada Urbana;VIALE GUGLIELMO MARCONI;all'intersezione con;LARGO MAESTRI DEL LAVORO;LARGO MAESTRI DEL LAVORO;;;Scontro frontale fra veicoli in marcia;Intersezione stradale segnalata;Due carreggiate;Asciutto;Asfaltata;Verticale ed orizzontale;Sereno;Normale;Buona;Sufficiente;1;0;0;1;12,47452;41,84932;0;1;Autovettura privata;In marcia / fermata / arresto;Smart ;FORTWO;Conducente;1946;M;Illeso;0;;Non accertato;
3586287;11;05/12/2017 17:30:00;Strada Urbana;VIALE GUGLIELMO MARCONI;all'intersezione con;LARGO MAESTRI DEL LAVORO;LARGO MAESTRI DEL LAVORO;;;Scontro frontale fra veicoli in marcia;Intersezione stradale segnalata;Due carreggiate;Asciutto;Asfaltata;Verticale ed orizzontale;Sereno;Normale;Buona;Sufficiente;1;0;0;1;12,47452;41,84932;0;2;Motociclo a solo;In marcia / fermata / arresto;Honda;JF09;Conducente;1997;M;Rimandato;0;NON DECEDUTO;;
3586288;4;05/12/2017 09:30:00;;VIA NOMENTANA;da specificare;;;;prossimità via Val Trompia;Scontro frontale/laterale SX fra veicoli in marcia;;;;;;;;;;1;0;0;1;12,55901;41,9438;0;1;Motociclo a solo;In marcia / fermata / arresto;Yamaha;X-MAX;Conducente;1964;M;Rimandato;0;NON DECEDUTO;;
3586288;4;05/12/2017 09:30:00;;VIA NOMENTANA;da specificare;;;;prossimità via Val Trompia;Scontro frontale/laterale SX fra veicoli in marcia;;;;;;;;;;1;0;0;1;12,55901;41,9438;0;2;Autocarro inferiore 35 q.;In marcia / fermata / arresto;Fiat;Fiorino;Conducente;1995;M;Illeso;0;;;
3586291;11;05/12/2017 09:15:00;Strada Urbana;VIALE DI TOR MARANCIA;all'intersezione con;VIA VALERIA RUFINA;VIA VALERIA RUFINA;;;Scontro laterale fra veicoli in marcia;Incrocio;Due carreggiate;Asciutto;Asfaltata;Verticale ed orizzontale;Sereno;Normale;Buona;Ore Diurne;0;0;0;2;12,49745;41,85521;0;1;Autocarro inferiore 35 q.;In marcia / fermata / arresto;Fiat;Doblò;Conducente;1960;M;Illeso;0;;;
3586291;11;05/12/2017 09:15:00;Strada Urbana;VIALE DI TOR MARANCIA;all'intersezione con;VIA VALERIA RUFINA;VIA VALERIA RUFINA;;;Scontro laterale fra veicoli in marcia;Incrocio;Due carreggiate;Asciutto;Asfaltata;Verticale ed orizzontale;Sereno;Normale;Buona;Ore Diurne;0;0;0;2;12,49745;41,85521;0;2;Autovettura privata;In marcia / fermata / arresto;Ford;KA;Conducente;1993;M;Illeso;0;;;
3586294;11;05/12/2017 19:10:00;Strada Urbana;VIALE GUGLIELMO MARCONI;da specificare;;;;PROSSIMITA' PIAZZALE EDISON;Veicolo in marcia contro veicolo in sosta;Rettilineo;Due carreggiate;Asciutto;Asfaltata;Verticale;Sereno;Intenso;Sufficiente;Sufficiente;1;0;0;1;12,471;41,85856;0;1;Motociclo a solo;In marcia / fermata / arresto;BMW;R 1100 RT;Conducente;1990;M;Rimandato;0;NON DECEDUTO;Non accertato;
3586294;11;05/12/2017 19:10:00;Strada Urbana;VIALE GUGLIELMO MARCONI;da specificare;;;;PROSSIMITA' PIAZZALE EDISON;Veicolo in marcia contro veicolo in sosta;Rettilineo;Due carreggiate;Asciutto;Asfaltata;Verticale;Sereno;Intenso;Sufficiente;Sufficiente;1;0;0;1;12,471;41,85856;0;2;Autovettura privata;In marcia / fermata / arresto;Renault;Modus;Conducente;1947;F;Illeso;0;;Non accertato;
3586298;11;05/12/2017 18:05:00;Strada Urbana;VIALE GUGLIELMO MARCONI;all'intersezione con;VIA TEMISTOCLE CALZECCHI ONESTI;VIA TEMISTOCLE CALZECCHI ONESTI;;;Scontro laterale fra veicoli in marcia;Intersezione semaforizzata;Due carreggiate;Asciutto;Asfaltata;Verticale ed orizzontale;Sereno;Intenso;Sufficiente;Sufficiente;0;0;0;1;;;0;1;Motociclo a solo;In marcia / fermata / arresto;Yamaha;XMax;Conducente;1958;M;Illeso;0;;Non accertato;
3586308;4;05/12/2017 12:30:00;Strada Urbana;VIADOTTO GIUSEPPE SARAGAT;all'intersezione con;VIA AMALIA BETTINI;VIA AMALIA BETTINI;;;Tamponamento;Intersezione stradale segnalata;Due carreggiate;Asciutto;Asfaltata;Verticale ed orizzontale;Sereno;Normale;Buona;Ore Diurne;0;0;0;4;;;0;1;Autovettura privata;In marcia / fermata / arresto;Opel;ADAM;Conducente;1985;F;Illeso;0;;;
3586308;4;05/12/2017 12:30:00;Strada Urbana;VIADOTTO GIUSEPPE SARAGAT;all'intersezione con;VIA AMALIA BETTINI;VIA AMALIA BETTINI;;;Tamponamento;Intersezione stradale segnalata;Due carreggiate;Asciutto;Asfaltata;Verticale ed orizzontale;Sereno;Normale;Buona;Ore Diurne;0;0;0;4;;;0;1;Autovettura privata;In marcia / fermata / arresto;Opel;ADAM;Passeggero;2017;F;Illeso;0;;;
3586308;4;05/12/2017 12:30:00;Strada Urbana;VIADOTTO GIUSEPPE SARAGAT;all'intersezione con;VIA AMALIA BETTINI;VIA AMALIA BETTINI;;;Tamponamento;Intersezione stradale segnalata;Due carreggiate;Asciutto;Asfaltata;Verticale ed orizzontale;Sereno;Normale;Buona;Ore Diurne;0;0;0;4;;;0;2;Autovettura privata;In marcia / fermata / arresto;Hyundai;Atos;Conducente;1965;F;Illeso;0;;;
3586308;4;05/12/2017 12:30:00;Strada Urbana;VIADOTTO GIUSEPPE SARAGAT;all'intersezione con;VIA AMALIA BETTINI;VIA AMALIA BETTINI;;;Tamponamento;Intersezione stradale segnalata;Due carreggiate;Asciutto;Asfaltata;Verticale ed orizzontale;Sereno;Normale;Buona;Ore Diurne;0;0;0;4;;;0;2;Autovettura privata;In marcia / fermata / arresto;Hyundai;Atos;Passeggero;1960;M;Illeso;0;;;
3586321;10;05/12/2017 23:45:00;;VIA QUINTO PUBLICIO;all'intersezione con;VIALE PALMIRO TOGLIATTI;VIALE PALMIRO TOGLIATTI;;;Investimento di pedone;;;;;;;;;;1;0;0;3;;;0;;;;;;Pedone;1971;F;Rimandato;0;NON DECEDUTO;;
3586321;10;05/12/2017 23:45:00;;VIA QUINTO PUBLICIO;all'intersezione con;VIALE PALMIRO TOGLIATTI;VIALE PALMIRO TOGLIATTI;;;Investimento di pedone;;;;;;;;;;1;0;0;3;;;0;;;;;;Pedone;1975;F;Illeso;0;;;
3586321;10;05/12/2017 23:45:00;;VIA QUINTO PUBLICIO;all'intersezione con;VIALE PALMIRO TOGLIATTI;VIALE PALMIRO TOGLIATTI;;;Investimento di pedone;;;;;;;;;;1;0;0;3;;;0;1;Macchina operatrice;In marcia / fermata / arresto;Schmidt;(non accertato);Conducente;1982;F;Illeso;0;;;