Protocollo;Gruppo;DataOraIncidente;Localizzazione1;STRADA1;Localizzazione2;STRADA2;Strada02;Chilometrica;DaSpecificare;NaturaIncidente;particolaritastrade;TipoStrada;FondoStradale;Pavimentazione;Segnaletica;CondizioneAtmosferica;Traffico;Visibilita;Illuminazione;NUM_FERITI;NUM_RISERVATA;NUM_MORTI;NUM_ILLESI;Longitudine;Latitudine;Confermato;Progressivo;TipoVeicolo;StatoVeicolo;Marca;Modello;TipoPersona;AnnoNascita;Sesso;Tipolesione;Deceduto;DecedutoDopo;CinturaCascoUtilizzato;Airbag;
3586776;4;05/12/2017 08:40:00;;VIA FRANCESCO COCCO ORTU;all'intersezione con;VIA GAETANO ZIRARDINI;VIA GAETANO ZIRARDINI;;;Scontro frontale/laterale SX fra veicoli in marcia;;;;;;;;;;0;0;0;2;12,52266;41,96043;0;1;Autovettura privata;In marcia / fermata / arresto;Hyundai;Atos;Conducente;1975;F;Illeso;0;;;
3586776;4;05/12/2017 08:40:00;;VIA FRANCESCO COCCO ORTU;all'intersezione con;VIA GAETANO ZIRARDINI;VIA GAETANO ZIRARDINI;;;Scontro frontale/laterale SX fra veicoli in marcia;;;;;;;;;;0;0;0;2;12,52266;41,96043;0;2;Autovettura privata;In marcia / fermata / arresto;Citroen;C 3;Conducente;1955;M;Illeso;0;;;
3586787;1;05/12/2017 18:20:00;Strada Urbana;VIA VENTI SETTEMBRE;in corrispondenza;;del civico n.;12;;Investimento di pedone;Rettilineo;Una carreggiata a doppio senso;Asciutto;Asfaltata;Verticale ed orizzontale;Sereno;Normale;Sufficiente;Sufficiente;1;0;0;1;;;0;;;;;;Pedone;0;F;Rimandato;0;NON DECEDUTO;;
3586787;1;05/12/2017 18:20:00;Strada Urbana;VIA VENTI SETTEMBRE;in corrispondenza;;del civico n.;12;;Investimento di pedone;Rettilineo;Una carreggiata a doppio senso;Asciutto;Asfaltata;Verticale ed orizzontale;Sereno;Normale;Sufficiente;Sufficiente;1;0;0;1;;;0;1;Motociclo a solo;In marcia / fermata / arresto;Yamaha;X MAX;Conducente;1974;M;Illeso;0;;;
3586819;12;05/12/2017 18:30:00;Strada Urbana;VIA DI PORTA MEDAGLIA;da specificare;;;;600 metri prima di via Ardeatina;Scontro frontale/laterale DX fra veicoli in marcia;Curva a visuale libera;Una carreggiata a doppio senso;Asciutto;Asfaltata;Verticale ed orizzontale;Sereno;Normale;Insufficiente;Inesistente;1;0;0;0;12,55773;41,7571;0;1;Autovettura privata;In marcia / fermata / arresto;Lancia;Y;Conducente;1938;M;Ricoverato;0;NON DECEDUTO;Non utilizzato;Inesistente
3586851;1;05/12/2017 12:37:00;;LUNGOTEVERE TESTACCIO;in corrispondenza;;del civico n.;5;;Tamponamento;;;;;;;;;;0;0;0;2;;;0;1;Autovettura privata;In marcia / fermata / arresto;Fiat;600;Conducente;1959;M;Illeso;0;;;
3586851;1;05/12/2017 12:37:00;;LUNGOTEVERE TESTACCIO;in corrispondenza;;del civico n.;5;;Tamponamento;;;;;;;;;;0;0;0;2;;;0;2;Autovettura privata;In marcia / fermata / arresto;Volvo;(non accertato);Conducente;1968;M;Illeso;0;;;
3586887;12;04/12/2017 20:30:00;Strada Urbana;VIA LAURENTINA;all'intersezione con;VIA DI TOR PAGNOTTA;VIA DI TOR PAGNOTTA;;;Scontro frontale/laterale SX fra veicoli in marcia;Rotatoria;Due carreggiate;Asciutto;Asfaltata;Temporanea di cantiere;Sereno;Normale;Buona;Ore Diurne;0;0;0;7;12,48243;41,80343;0;1;Autovettura privata;In marcia / fermata / arresto;Toyota;Aygo;Conducente;1997;M;Illeso;0;;Non accertato;Inesploso
3586887;12;04/12/2017 20:30:00;Strada Urbana;VIA LAURENTINA;all'intersezione con;VIA DI TOR PAGNOTTA;VIA DI TOR PAGNOTTA;;;Scontro frontale/laterale SX fra veicoli in marcia;Rotatoria;Due carreggiate;Asciutto;Asfaltata;Temporanea di cantiere;Sereno;Normale;Buona;Ore Diurne;0;0;0;7;12,48243;41,80343;0;1;Autovettura privata;In marcia / fermata / arresto;Toyota;Aygo;Passeggero;1997;M;Illeso;0;;Non accertato;Inesploso
3586887;12;04/12/2017 20:30:00;Strada Urbana;VIA LAURENTINA;all'intersezione con;VIA DI TOR PAGNOTTA;VIA DI TOR PAGNOTTA;;;Scontro frontale/laterale SX fra veicoli in marcia;Rotatoria;Due carreggiate;Asciutto;Asfaltata;Temporanea di cantiere;Sereno;Normale;Buona;Ore Diurne;0;0;0;7;12,48243;41,80343;0;2;Autovettura privata;In marcia / fermata / arresto;Ford;Fiesta;Conducente;1987;M;Illeso;0;;Non accertato;Inesploso
3586887;12;04/12/2017 20:30:00;Strada Urbana;VIA LAURENTINA;all'intersezione con;VIA DI TOR PAGNOTTA;VIA DI TOR PAGNOTTA;;;Scontro frontale/laterale SX fra veicoli in marcia;Rotatoria;Due carreggiate;Asciutto;Asfaltata;Temporanea di cantiere;Sereno;Normale;Buona;Ore Diurne;0;0;0;7;12,48243;41,80343;0;2;Autovettura privata;In marcia / fermata / arresto;Ford;Fiesta;Passeggero;1978;M;Illeso;0;;;
3586887;12;04/12/2017 20:30:00;Strada Urbana;VIA LAURENTINA;all'intersezione con;VIA DI TOR PAGNOTTA;VIA DI TOR PAGNOTTA;;;Scontro frontale/laterale SX fra veicoli in marcia;Rotatoria;Due carreggiate;Asciutto;Asfaltata;Temporanea di cantiere;Sereno;Normale;Buona;Ore Diurne;0;0;0;7;12,48243;41,80343;0;2;Autovettura privata;In marcia / fermata / arresto;Ford;Fiesta;Passeggero;1982;M;Illeso;0;;;
3586887;12;04/12/2017 20:30:00;Strada Urbana;VIA LAURENTINA;all'intersezione con;VIA DI TOR PAGNOTTA;VIA DI TOR PAGNOTTA;;;Scontro frontale/laterale SX fra veicoli in marcia;Rotatoria;Due carreggiate;Asciutto;Asfaltata;Temporanea di cantiere;Sereno;Normale;Buona;Ore Diurne;0;0;0;7;12,48243;41,80343;0;2;Autovettura privata;In marcia / fermata / arresto;Ford;Fiesta;Passeggero;1989;M;Illeso;0;;;
3586901;1;04/12/2017 07:20:00;Strada Urbana;PIAZZA DEL COLOSSEO;all'intersezione semaforizzata con;VIA LABICANA;VIA LABICANA;;;Scontro laterale fra veicoli in marcia;Intersezione semaforizzata;Più di due carreggiate;Asciutto;Asfaltata;Verticale ed orizzontale;Sereno;Normale;Buona;Ore Diurne;0;0;0;2;12,49436;41,89039;-1;1;Autovettura privata;In marcia / fermata / arresto;Hyundai;Atos Prime;Conducente;1965;F;Illeso;0;;Non accertato;Inesploso
3586901;1;04/12/2017 07:20:00;Strada Urbana;PIAZZA DEL COLOSSEO;all'intersezione semaforizzata con;VIA LABICANA;VIA LABICANA;;;Scontro laterale fra veicoli in marcia;Intersezione semaforizzata;Più di due carreggiate;Asciutto;Asfaltata;Verticale ed orizzontale;Sereno;Normale;Buona;Ore Diurne;0;0;0;2;12,49436;41,89039;-1;2;Autovettura privata;In marcia / fermata / arresto;Fiat;500 X;Conducente;1983;F;Illeso;0;;Non accertato;Inesploso
3586929;12;02/12/2017 12:45:00;Strada Urbana;VIALE DEI CADUTI NELLA GUERRA DI LIBERAZIONE;da specificare;;;;altezza viale degli eroi della difesa di roma;Scontro laterale fra veicoli in marcia;Rettilineo;Una carreggiata a doppio senso;Asciutto;Asfaltata;Verticale ed orizzontale;Sereno;Normale;Buona;Ore Diurne;0;0;0;3;;;0;1;Autovettura privata;In marcia / fermata / arresto;Fiat;Panda;Conducente;1975;M;Illeso;0;;Utilizzato;Inesploso
3586929;12;02/12/2017 12:45:00;Strada Urbana;VIALE DEI CADUTI NELLA GUERRA DI LIBERAZIONE;da specificare;;;;altezza viale degli eroi della difesa di roma;Scontro laterale fra veicoli in marcia;Rettilineo;Una carreggiata a doppio senso;Asciutto;Asfaltata;Verticale ed orizzontale;Sereno;Normale;Buona;Ore Diurne;0;0;0;3;;;0;1;Autovettura privata;In marcia / fermata / arresto;Fiat;Panda;Passeggero;2003;F;Illeso;0;;Utilizzato;Inesploso
3586929;12;02/12/2017 12:45:00;Strada Urbana;VIALE DEI CADUTI NELLA GUERRA DI LIBERAZIONE;da specificare;;;;altezza viale degli eroi della difesa di roma;Scontro laterale fra veicoli in marcia;Rettilineo;Una carreggiata a doppio senso;Asciutto;Asfaltata;Verticale ed orizzontale;Sereno;Normale;Buona;Ore Diurne;0;0;0;3;;;0;2;Autovettura privata;In marcia / fermata / arresto;Opel;AGILA;Conducente;1956;M;Illeso;0;;Non accertato;Inesploso
3586943;12;04/12/2017 09:50:00;;VIA LAURENTINA;all'intersezione con;VIA DEI CORAZZIERI;VIA DEI CORAZZIERI;;;Investimento di pedone;;;;;;;;;;1;0;0;1;;;0;;;;;;Pedone;0;M;Rimandato;0;NON DECEDUTO;;
3586943;12;04/12/2017 09:50:00;;VIA LAURENTINA;all'intersezione con;VIA DEI CORAZZIERI;VIA DEI CORAZZIERI;;;Investimento di pedone;;;;;;;;;;1;0;0;1;;;0;1;Motociclo con passeggero;In marcia / fermata / arresto;Honda;SH150;Conducente;1975;;Illeso;0;;;
3586993;12;05/12/2017 10:00:00;;VIA PONTINA;in prossimità;;del civico n.;12;;Tamponamento;;;;;;;;;;0;0;0;1;;;0;1;Autovettura privata;In marcia / fermata / arresto;Toyota;Yaris;Conducente;1947;M;Illeso;0;;Non accertato;Inesploso
3587006;1;04/12/2017 11:30:00;Strada Urbana;VIA ARIOSTO;all'intersezione con;VIA GALILEI;VIA GALILEI;;;Scontro frontale/laterale SX fra veicoli in marcia;Incrocio;Una carreggiata a senso unico di marcia;Asciutto;Asfaltata;Verticale ed orizzontale;Sereno;Normale;Buona;Ore Diurne;0;0;0;2;;;0;1;Autovettura privata;In marcia / fermata / arresto;Nissan;QASHQAI;Conducente;1981;M;Illeso;0;;;
3587006;1;04/12/2017 11:30:00;Strada Urbana;VIA ARIOSTO;all'intersezione con;VIA GALILEI;VIA GALILEI;;;Scontro frontale/laterale SX fra veicoli in marcia;Incrocio;Una carreggiata a senso unico di marcia;Asciutto;Asfaltata;Verticale ed orizzontale;Sereno;Normale;Buona;Ore Diurne;0;0;0;2;;;0;2;Autocarro inferiore 35 q.;In marcia / fermata / arresto;Nissan;NV 2000;Conducente;1978;M;Illeso;0;;;
3587018;12;06/12/2017 10:15:00;Strada Urbana;VIALE DELL'OCEANO PACIFICO;all'intersezione con;VIA AUSTRALIA;VIA AUSTRALIA;;;Investimento di pedone;Incrocio;Una carreggiata a doppio senso;Asciutto;Asfaltata;Verticale ed orizzontale;Sereno;Normale;Buona;Ore Diurne;0;1;0;1;;;0;;;;;;Pedone;1968;F;Prognosi riservata;0;NON DECEDUTO;;
3587018;12;06/12/2017 10:15:00;Strada Urbana;VIALE DELL'OCEANO PACIFICO;all'intersezione con;VIA AUSTRALIA;VIA AUSTRALIA;;;Investimento di pedone;Incrocio;Una carreggiata a doppio senso;Asciutto;Asfaltata;Verticale ed orizzontale;Sereno;Normale;Buona;Ore Diurne;0;1;0;1;;;0;1;Autovettura privata;In marcia / fermata / arresto;Chevrolet;spark;Conducente;1989;M;Illeso;0;;Non accertato;Inesploso
3587043;1;04/12/2017 20:25:00;Strada Urbana;VIALE DELLE TERME DI CARACALLA;da specificare;;;;in prossimità ALBERO n.139;Infortunio per sola frenata improvvisa;Rettilineo;Più di due carreggiate;Asciutto;Asfaltata;Assente;Sereno;Scarso;Insufficiente;Insufficiente;1;0;0;1;;;0;;;;;;Pedone;1965;M;Illeso;0;;;
3587043;1;04/12/2017 20:25:00;Strada Urbana;VIALE DELLE TERME DI CARACALLA;da specificare;;;;in prossimità ALBERO n.139;Infortunio per sola frenata improvvisa;Rettilineo;Più di due carreggiate;Asciutto;Asfaltata;Assente;Sereno;Scarso;Insufficiente;Insufficiente;1;0;0;1;;;0;1;Motociclo a solo;In marcia / fermata / arresto;Suzuki;Burgman;Conducente;1978;M;Rifiuta cure immediate;0;NON DECEDUTO;;
3587094;10;06/12/2017 12:45:00;Strada Urbana;VIALE DEI CONSOLI;all'intersezione semaforizzata con;VIA SCRIBONIO CURIONE;VIA SCRIBONIO CURIONE;;;Scontro frontale/laterale SX fra veicoli in marcia;Intersezione semaforizzata;Due carreggiate;Asciutto;Asfaltata;Verticale ed orizzontale;Sereno;Normale;Buona;Ore Diurne;3;0;0;1;;;0;1;Autobus di linea;In marcia / fermata / arresto;Breda;Menarinibus;Conducente;1974;F;Rimandato;0;NON DECEDUTO;Non accertato;Inesploso
3587094;10;06/12/2017 12:45:00;Strada Urbana;VIALE DEI CONSOLI;all'intersezione semaforizzata con;VIA SCRIBONIO CURIONE;VIA SCRIBONIO CURIONE;;;Scontro frontale/laterale SX fra veicoli in marcia;Intersezione semaforizzata;Due carreggiate;Asciutto;Asfaltata;Verticale ed orizzontale;Sereno;Normale;Buona;Ore Diurne;3;0;0;1;;;0;1;Autobus di linea;In marcia / fermata / arresto;Breda;Menarinibus;Passeggero;0;F;Rimandato;0;NON DECEDUTO;Non accertato;Inesistente
3587094;10;06/12/2017 12:45:00;Strada Urbana;VIALE DEI CONSOLI;all'intersezione semaforizzata con;VIA SCRIBONIO CURIONE;VIA SCRIBONIO CURIONE;;;Scontro frontale/laterale SX fra veicoli in marcia;Intersezione semaforizzata;Due carreggiate;Asciutto;Asfaltata;Verticale ed orizzontale;Sereno;Normale;Buona;Ore Diurne;3;0;0;1;;;0;2;Autovettura di polizia;In marcia / fermata / arresto;Renault;Kangoo;Conducente;1965;M;Rimandato;0;NON DECEDUTO;Non accertato;Inesploso
3587094;10;06/12/2017 12:45:00;Strada Urbana;VIALE DEI CONSOLI;all'intersezione semaforizzata con;VIA SCRIBONIO CURIONE;VIA SCRIBONIO CURIONE;;;Scontro frontale/laterale SX fra veicoli in marcia;Intersezione semaforizzata;Due carreggiate;Asciutto;Asfaltata;Verticale ed orizzontale;Sereno;Normale;Buona;Ore Diurne;3;0;0;1;;;0;2;Autovettura di polizia;In marcia / fermata / arresto;Renault;Kangoo;Passeggero;1977;M;Illeso;0;;Non accertato;Inesploso
3587095;1;05/12/2017 11:00:00;Strada Urbana;VIA GIOVANNI GIOLITTI;in corrispondenza;;del civico n.;375;;Scontro laterale fra veicoli in marcia;Rettilineo;Una carreggiata a senso unico di marcia;Asciutto;Asfaltata;Verticale ed orizzontale;Sereno;Normale;Buona;Ore Diurne;0;0;0;2;;;0;1;Autobus urbano;In marcia / fermata / arresto;(non accertato);(non accertato);Conducente;1972;M;Illeso;0;;;
3587095;1;05/12/2017 11:00:00;Strada Urbana;VIA GIOVANNI GIOLITTI;in corrispondenza;;del civico n.;375;;Scontro laterale fra veicoli in marcia;Rettilineo;Una carreggiata a senso unico di marcia;Asciutto;Asfaltata;Verticale ed orizzontale;Sereno;Normale;Buona;Ore Diurne;0;0;0;2;;;0;2;Autovettura privata;In marcia / fermata / arresto;Ford;Fiesta;Conducente;1975;F;Illeso;0;;;
3587118;18;05/12/2017 15:35:00;Strada Urbana;VIA PEVERAGNO;in prossimità;;del civico n.;37;;Scontro laterale fra veicoli in marcia;Rettilineo;Una carreggiata a senso unico di marcia;Asciutto;Asfaltata;Verticale;Sereno;Normale;Sufficiente;Ore Diurne;0;0;0;2;;;0;1;Autovettura privata;In marcia / fermata / arresto;Volkswagen;Polo;Conducente;1956;F;Illeso;0;;Non accertato;Inesploso
3587118;18;05/12/2017 15:35:00;Strada Urbana;VIA PEVERAGNO;in prossimità;;del civico n.;37;;Scontro laterale fra veicoli in marcia;Rettilineo;Una carreggiata a senso unico di marcia;Asciutto;Asfaltata;Verticale;Sereno;Normale;Sufficiente;Ore Diurne;0;0;0;2;;;0;2;Autovettura privata;In marcia / fermata / arresto;Nissan;QASHQAI;Conducente;1965;M;Illeso;0;;Non accertato;Inesploso
3587121;1;06/12/2017 07:10:00;Strada Urbana;VIA APPIA ANTICA;in prossimità;;del civico n.;3;;Scontro laterale fra veicoli in marcia;Rettilineo;Una carreggiata a doppio senso;Asciutto;Acciotolata;Assente;Sereno;Intenso;Buona;Ore Diurne;0;0;0;3;;;0;1;Autovettura pubblica;In marcia / fermata / arresto;Mercedes;(non accertato);Conducente;1969;M;Illeso;0;;;
3587121;1;06/12/2017 07:10:00;Strada Urbana;VIA APPIA ANTICA;in prossimità;;del civico n.;3;;Scontro laterale fra veicoli in marcia;Rettilineo;Una carreggiata a doppio senso;Asciutto;Acciotolata;Assente;Sereno;Intenso;Buona;Ore Diurne;0;0;0;3;;;0;2;Motociclo con passeggero;In marcia / fermata / arresto;Yamaha;(non accertato);Conducente;1956;M;Illeso;0;;;
3587121;1;06/12/2017 07:10:00;Strada Urbana;VIA APPIA ANTICA;in prossimità;;del civico n.;3;;Scontro laterale fra veicoli in marcia;Rettilineo;Una carreggiata a doppio senso;Asciutto;Acciotolata;Assente;Sereno;Intenso;Buona;Ore Diurne;0;0;0;3;;;0;2;Motociclo con passeggero;In marcia / fermata / arresto;Yamaha;(non accertato);Passeggero;1956;M;Illeso;0;;;
3587124;13;06/12/2017 13:30:00;Strada Urbana;VIA COSTANZO CASANA;all'intersezione con;VIA CARLO BOSIO;VIA CARLO BOSIO;;;Scontro frontale/laterale DX fra veicoli in marcia;Incrocio;Una carreggiata a doppio senso;Asciutto;Asfaltata;Verticale ed orizzontale;Sereno;Normale;Buona;Ore Diurne;1;0;0;2;;;0;1;Autovettura privata;In marcia / fermata / arresto;Renault;Clio;Conducente;1977;M;Illeso;0;;Non accertato;Inesploso
3587124;13;06/12/2017 13:30:00;Strada Urbana;VIA COSTANZO CASANA;all'intersezione con;VIA CARLO BOSIO;VIA CARLO BOSIO;;;Scontro frontale/laterale DX fra veicoli in marcia;Incrocio;Una carreggiata a doppio senso;Asciutto;Asfaltata;Verticale ed orizzontale;Sereno;Normale;Buona;Ore Diurne;1;0;0;2;;;0;2;Autovettura privata;In marcia / fermata / arresto;Mazda;3;Conducente;1976;M;Illeso;0;;Non accertato;Inesploso
3587124;13;06/12/2017 13:30:00;Strada Urbana;VIA COSTANZO CASANA;all'intersezione con;VIA CARLO BOSIO;VIA CARLO BOSIO;;;Scontro frontale/laterale DX fra veicoli in marcia;Incrocio;Una carreggiata a doppio senso;Asciutto;Asfaltata;Verticale ed orizzontale;Sereno;Normale;Buona;Ore Diurne;1;0;0;2;;;0;2;Autovettura privata;In marcia / fermata / arresto;Mazda;3;Passeggero;1978;F;Rimandato;0;NON DECEDUTO;Non accertato;Inesploso
3587143;1;06/12/2017 08:35:00;Strada Urbana;VIA GIUSEPPE ZANARDELLI;in prossimità;;del civico n.;25;;Scontro laterale fra veicoli in marcia;Rettilineo;Una carreggiata a doppio senso;Asciutto;Asfaltata;Verticale ed orizzontale;Sereno;Normale;Buona;Ore Diurne;0;0;0;2;12,47245;41,90077;-1;1;Autovettura pubblica;In marcia / fermata / arresto;Mercedes;E200;Conducente;1972;M;Illeso;0;;Utilizzato;Inesploso
3587143;1;06/12/2017 08:35:00;Strada Urbana;VIA GIUSEPPE ZANARDELLI;in prossimità;;del civico n.;25;;Scontro laterale fra veicoli in marcia;Rettilineo;Una carreggiata a doppio senso;Asciutto;Asfaltata;Verticale ed orizzontale;Sereno;Normale;Buona;Ore Diurne;0;0;0;2;12,47245;41,90077;-1;2;Autovettura pubblica;In marcia / fermata / arresto;Toyota;Auris;Conducente;1982;M;Illeso;0;;Utilizzato;Inesploso
3587158;1;06/12/2017 09:30:00;Strada Urbana;VIA NAZIONALE;all'intersezione semaforizzata con;VIA MILANO;VIA MILANO;;;Investimento di pedone;Intersezione semaforizzata;Una carreggiata a doppio senso;Asciutto;Acciotolata;Verticale ed orizzontale;Sereno;Normale;Buona;Ore Diurne;1;0;0;1;12,49045;41,89886;0;;;;;;Pedone;1966;F;Rimandato;0;NON DECEDUTO;;
3587158;1;06/12/2017 09:30:00;Strada Urbana;VIA NAZIONALE;all'intersezione semaforizzata con;VIA MILANO;VIA MILANO;;;Investimento di pedone;Intersezione semaforizzata;Una carreggiata a doppio senso;Asciutto;Acciotolata;Verticale ed orizzontale;Sereno;Normale;Buona;Ore Diurne;1;0;0;1;12,49045;41,89886;0;1;Motociclo a solo;In marcia / fermata / arresto;Kymco;xciting;Conducente;1960;M;Illeso;0;;Utilizzato;
3587163;18;06/12/2017 09:00:00;Strada Urbana;VIA DELLA CELLULOSA;in prossimità;;del civico n.;122;;Scontro laterale fra veicoli in marcia;Rettilineo;Una carreggiata a doppio senso;Asciutto;Asfaltata;Verticale ed orizzontale;Sereno;Normale;Buona;Ore Diurne;0;0;0;3;12,3606;41,91888;0;1;Autovettura privata;In marcia / fermata / arresto;Citroen;C4;Conducente;1982;M;Illeso;0;;;
3587163;18;06/12/2017 09:00:00;Strada Urbana;VIA DELLA CELLULOSA;in prossimità;;del civico n.;122;;Scontro laterale fra veicoli in marcia;Rettilineo;Una carreggiata a doppio senso;Asciutto;Asfaltata;Verticale ed orizzontale;Sereno;Normale;Buona;Ore Diurne;0;0;0;3;12,3606;41,91888;0;1;Autovettura privata;In marcia / fermata / arresto;Citroen;C4;Passeggero;1986;F;Illeso;0;;;
3587163;18;06/12/2017 09:00:00;Strada Urbana;VIA DELLA CELLULOSA;in prossimità;;del civico n.;122;;Scontro laterale fra veicoli in marcia;Rettilineo;Una carreggiata a doppio senso;Asciutto;Asfaltata;Verticale ed orizzontale;Sereno;Normale;Buona;Ore Diurne;0;0;0;3;12,3606;41,91888;0;2;Autovettura privata;In marcia / fermata / arresto;Renault;Megane;Conducente;1957;M;Illeso;0;;;
3587175;1;05/12/2017 13:20:00;Strada Urbana;VIA DEL CASTRO PRETORIO;in corrispondenza;;del palo luce n.;16 C;;Scontro frontale/laterale DX fra veicoli in marcia;Rettilineo;Una carreggiata a doppio senso;Asciutto;Asfaltata;Verticale ed orizzontale;Sereno;Normale;Buona;Ore Diurne;1;0;0;1;;;0;1;Autovettura privata;In marcia / fermata / arresto;Nissan;Micra;Conducente;1942;F;Illeso;0;;;
3587175;1;05/12/2017 13:20:00;Strada Urbana;VIA DEL CASTRO PRETORIO;in corrispondenza;;del palo luce n.;16 C;;Scontro frontale/laterale DX fra veicoli in marcia;Rettilineo;Una carreggiata a doppio senso;Asciutto;Asfaltata;Verticale ed orizzontale;Sereno;Normale;Buona;Ore Diurne;1;0;0;1;;;0;2;Motociclo a solo;In marcia / fermata / arresto;(non accertato);(non accertato);Conducente;1994;M;Rimandato;0;NON DECEDUTO;;
3587209;18;06/12/2017 11:15:00;Strada Urbana;PIAZZA DI VILLA CARPEGNA;all'intersezione con;VIA DELLA MADONNA DEL RIPOSO;VIA DELLA MADONNA DEL RIPOSO;;;Veicolo in marcia contro ostacolo fisso;Intersezione semaforizzata;Più di due carreggiate;Asciutto;Asfaltata;Verticale ed orizzontale;Sereno;Normale;Buona;Ore Diurne;0;0;0;1;;;0;1;Autobus turistico;In marcia / fermata / arresto;XIAMEN;KING LONG;Conducente;1966;M;Illeso;0;;Non accertato;Inesploso
3587253;1;05/12/2017 18:00:00;Strada Urbana;VIA DEL QUIRINALE;all'intersezione semaforizzata con;VIA DELLE QUATTRO FONTANE;VIA DELLE QUATTRO FONTANE;;;Scontro frontale/laterale DX fra veicoli in marcia;Passaggio a livello (incustodito);Una carreggiata a doppio senso;Asciutto;Asfaltata;Verticale ed orizzontale;Sereno;Intenso;Buona;Sufficiente;1;0;0;2;12,4907;41,90199;-1;1;Autovettura privata;In marcia / fermata / arresto;Audi;A 3;Conducente;1993;M;Illeso;0;;Non accertato;
3587253;1;05/12/2017 18:00:00;Strada Urbana;VIA DEL QUIRINALE;all'intersezione semaforizzata con;VIA DELLE QUATTRO FONTANE;VIA DELLE QUATTRO FONTANE;;;Scontro frontale/laterale DX fra veicoli in marcia;Passaggio a livello (incustodito);Una carreggiata a doppio senso;Asciutto;Asfaltata;Verticale ed orizzontale;Sereno;Intenso;Buona;Sufficiente;1;0;0;2;12,4907;41,90199;-1;1;Autovettura privata;In marcia / fermata / arresto;Audi;A 3;Passeggero;1993;M;Illeso;0;;Non accertato;
3587253;1;05/12/2017 18:00:00;Strada Urbana;VIA DEL QUIRINALE;all'intersezione semaforizzata con;VIA DELLE QUATTRO FONTANE;VIA DELLE QUATTRO FONTANE;;;Scontro frontale/laterale DX fra veicoli in marcia;Passaggio a livello (incustodito);Una carreggiata a doppio senso;Asciutto;Asfaltata;Verticale ed orizzontale;Sereno;Intenso;Buona;Sufficiente;1;0;0;2;12,4907;41,90199;-1;2;Motociclo a solo;In marcia / fermata / arresto;Honda;SH 125;Conducente;1991;M;Rifiuta cure immediate;0;NON DECEDUTO;Non accertato;
3587278;12;04/12/2017 12:00:00;Strada Urbana;PIAZZALE LUIGI STURZO;da specificare;;;;all'altezza di Viale Beethoven;Scontro frontale/laterale SX fra veicoli in marcia;Pianeggiante;Due carreggiate;Asciutto;Asfaltata;Verticale ed orizzontale;Sereno;Normale;Buona;Ore Diurne;0;0;0;3;12,46703;41,8347;-1;1;Autovettura privata;In marcia / fermata / arresto;Peugeot;205;Conducente;1942;M;Illeso;0;;Utilizzato;Inesploso
3587278;12;04/12/2017 12:00:00;Strada Urbana;PIAZZALE LUIGI STURZO;da specificare;;;;all'altezza di Viale Beethoven;Scontro frontale/laterale SX fra veicoli in marcia;Pianeggiante;Due carreggiate;Asciutto;Asfaltata;Verticale ed orizzontale;Sereno;Normale;Buona;Ore Diurne;0;0;0;3;12,46703;41,8347;-1;1;Autovettura privata;In marcia / fermata / arresto;Peugeot;205;Passeggero;1951;F;Illeso;0;;Utilizzato;Inesploso
3587278;12;04/12/2017 12:00:00;Strada Urbana;PIAZZALE LUIGI STURZO;da specificare;;;;all'altezza di Viale Beethoven;Scontro frontale/laterale SX fra veicoli in marcia;Pianeggiante;Due carreggiate;Asciutto;Asfaltata;Verticale ed orizzontale;Sereno;Normale;Buona;Ore Diurne;0;0;0;3;12,46703;41,8347;-1;2;Autovettura privata;In marcia / fermata / arresto;Dacia;Duster;Conducente;1967;F;Illeso;0;;Utilizzato;Inesploso
3587296;9;06/12/2017 14:40:00;;VIA APPIA NUOVA;da specificare;;;;prossimità Via Arco del Travertino;Veicolo in marcia contro ostacolo accidentale;;;;;;;;;;0;0;0;2;;;0;1;Autovettura privata;In marcia / fermata / arresto;Honda;Civic;Conducente;1964;M;Illeso;0;;Utilizzato;Inesploso
3587296;9;06/12/2017 14:40:00;;VIA APPIA NUOVA;da specificare;;;;prossimità Via Arco del Travertino;Veicolo in marcia contro ostacolo accidentale;;;;;;;;;;0;0;0;2;;;0;1;Autovettura privata;In marcia / fermata / arresto;Honda;Civic;Passeggero;0;M;Illeso;0;;;
3587412;13;06/12/2017 15:00:00;;VIA DELLA CORAZZATA;in corrispondenza;;del civico n.;45;;Scontro laterale fra veicoli in marcia;;;;;;;;;;0;0;0;1;;;0;1;Autovettura privata;In marcia / fermata / arresto;Nissan;Micra;Conducente;1997;M;Illeso;0;;Non accertato;Inesploso
3587441;12;05/12/2017 12:00:00;Strada Urbana;VIALE PECHINO;in corrispondenza;;del civico n.;7;;Tamponamento;Rettilineo;Due carreggiate;Asciutto;Asfaltata;Verticale ed orizzontale;Sereno;Normale;Buona;Ore Diurne;1;0;0;3;12,4367;41,80327;0;1;Autovettura privata;In marcia / fermata / arresto;Renault;Laguna;Conducente;1984;M;Rimandato;0;NON DECEDUTO;Utilizzato;Inesploso