Protocollo;Gruppo;DataOraIncidente;Localizzazione1;STRADA1;Localizzazione2;STRADA2;Strada02;Chilometrica;DaSpecificare;NaturaIncidente;particolaritastrade;TipoStrada;FondoStradale;Pavimentazione;Segnaletica;CondizioneAtmosferica;Traffico;Visibilita;Illuminazione;NUM_FERITI;NUM_RISERVATA;NUM_MORTI;NUM_ILLESI;Longitudine;Latitudine;Confermato;Progressivo;TipoVeicolo;StatoVeicolo;Marca;Modello;TipoPersona;AnnoNascita;Sesso;Tipolesione;Deceduto;DecedutoDopo;CinturaCascoUtilizzato;Airbag;
3587441;12;05/12/2017 12:00:00;Strada Urbana;VIALE PECHINO;in corrispondenza;;del civico n.;7;;Tamponamento;Rettilineo;Due carreggiate;Asciutto;Asfaltata;Verticale ed orizzontale;Sereno;Normale;Buona;Ore Diurne;1;0;0;3;12,4367;41,80327;0;1;Autovettura privata;In marcia / fermata / arresto;Renault;Laguna;Passeggero;1985;M;Illeso;0;;Utilizzato;Inesploso
3587441;12;05/12/2017 12:00:00;Strada Urbana;VIALE PECHINO;in corrispondenza;;del civico n.;7;;Tamponamento;Rettilineo;Due carreggiate;Asciutto;Asfaltata;Verticale ed orizzontale;Sereno;Normale;Buona;Ore Diurne;1;0;0;3;12,4367;41,80327;0;2;Motociclo con passeggero;In marcia / fermata / arresto;KTM;(non accertato);Conducente;2000;M;Illeso;0;;Utilizzato;
3587441;12;05/12/2017 12:00:00;Strada Urbana;VIALE PECHINO;in corrispondenza;;del civico n.;7;;Tamponamento;Rettilineo;Due carreggiate;Asciutto;Asfaltata;Verticale ed orizzontale;Sereno;Normale;Buona;Ore Diurne;1;0;0;3;12,4367;41,80327;0;2;Motociclo con passeggero;In marcia / fermata / arresto;KTM;(non accertato);Passeggero;2000;F;Illeso;0;;Utilizzato;
3587454;13;04/12/2017 18:00:00;;VIALE VASCO DE GAMA;all'intersezione con;VIA DEI BRAGOZZI;VIA DEI BRAGOZZI;;;Investimento di pedone;;;;;;;;;;1;0;0;1;;;0;;;;;;Pedone;2003;M;Rimandato;0;NON DECEDUTO;;
3587454;13;04/12/2017 18:00:00;;VIALE VASCO DE GAMA;all'intersezione con;VIA DEI BRAGOZZI;VIA DEI BRAGOZZI;;;Investimento di pedone;;;;;;;;;;1;0;0;1;;;0;1;Autovettura privata;In marcia / fermata / arresto;Mercedes;Smart;Conducente;1960;M;Illeso;0;;;
3587457;13;04/12/2017 13:10:00;;VIALE VASCO DE GAMA;all'intersezione con;VIA DELLE BALENIERE;VIA DELLE BALENIERE;;;Investimento di pedone;;;;;;;;;;1;0;0;1;;;0;;;;;;Pedone;1949;M;Rimandato;0;NON DECEDUTO;;
3587457;13;04/12/2017 13:10:00;;VIALE VASCO DE GAMA;all'intersezione con;VIA DELLE BALENIERE;VIA DELLE BALENIERE;;;Investimento di pedone;;;;;;;;;;1;0;0;1;;;0;1;Autovettura privata;In marcia / fermata / arresto;Renault;Twingo;Conducente;1989;M;Illeso;0;;;
3587482;18;06/12/2017 14:35:00;Strada Urbana;VIA MARTINO V;all'intersezione con;VIA PIO IX;VIA PIO IX;;;Scontro frontale/laterale SX fra veicoli in marcia;Intersezione stradale segnalata;Una carreggiata a senso unico di marcia;Asciutto;Asfaltata;Verticale;Sereno;Normale;Buona;Ore Diurne;1;0;0;2;12,42178;41,90544;0;1;Autovettura privata;In marcia / fermata / arresto;Mercedes;B 180;Conducente;1990;F;Rimandato;0;NON DECEDUTO;Non accertato;Inesploso
3587482;18;06/12/2017 14:35:00;Strada Urbana;VIA MARTINO V;all'intersezione con;VIA PIO IX;VIA PIO IX;;;Scontro frontale/laterale SX fra veicoli in marcia;Intersezione stradale segnalata;Una carreggiata a senso unico di marcia;Asciutto;Asfaltata;Verticale;Sereno;Normale;Buona;Ore Diurne;1;0;0;2;12,42178;41,90544;0;1;Autovettura privata;In marcia / fermata / arresto;Mercedes;B 180;Passeggero;2015;F;Illeso;0;;Non accertato;Inesploso
3587482;18;06/12/2017 14:35:00;Strada Urbana;VIA MARTINO V;all'intersezione con;VIA PIO IX;VIA PIO IX;;;Scontro frontale/laterale SX fra veicoli in marcia;Intersezione stradale segnalata;Una carreggiata a senso unico di marcia;Asciutto;Asfaltata;Verticale;Sereno;Normale;Buona;Ore Diurne;1;0;0;2;12,42178;41,90544;0;2;Autovettura privata;In marcia / fermata / arresto;Fiat;Panda;Conducente;1990;F;Illeso;0;;Non accertato;Inesploso
3587498;10;06/12/2017 16:00:00;Strada Urbana;PIAZZA DEI TRIBUNI;all'intersezione con;VIALE DEI CONSOLI;VIALE DEI CONSOLI;;;Scontro frontale/laterale SX fra veicoli in marcia;Intersezione non regolata/non segnalata;Due carreggiate;Asciutto;Asfaltata;Verticale ed orizzontale;Sereno;Normale;Buona;Ore Diurne;0;0;0;3;12,55076;41,8649;-1;1;Autovettura privata;In marcia / fermata / arresto;Fiat;Seicento;Conducente;1981;M;Illeso;0;;Non accertato;Inesploso
3587498;10;06/12/2017 16:00:00;Strada Urbana;PIAZZA DEI TRIBUNI;all'intersezione con;VIALE DEI CONSOLI;VIALE DEI CONSOLI;;;Scontro frontale/laterale SX fra veicoli in marcia;Intersezione non regolata/non segnalata;Due carreggiate;Asciutto;Asfaltata;Verticale ed orizzontale;Sereno;Normale;Buona;Ore Diurne;0;0;0;3;12,55076;41,8649;-1;2;Autovettura privata;In marcia / fermata / arresto;Fiat;Panda;Conducente;1965;F;Illeso;0;;Non accertato;Inesploso
3587498;10;06/12/2017 16:00:00;Strada Urbana;PIAZZA DEI TRIBUNI;all'intersezione con;VIALE DEI CONSOLI;VIALE DEI CONSOLI;;;Scontro frontale/laterale SX fra veicoli in marcia;Intersezione non regolata/non segnalata;Due carreggiate;Asciutto;Asfaltata;Verticale ed orizzontale;Sereno;Normale;Buona;Ore Diurne;0;0;0;3;12,55076;41,8649;-1;2;Autovettura privata;In marcia / fermata / arresto;Fiat;Panda;Passeggero;1980;M;Illeso;0;;Non accertato;Inesploso
3587563;10;06/12/2017 08:40:00;;VIA PAZZANO;da specificare;;;;in prossimita di via della Stazione di Ciampino ;Veicolo in marcia contro ostacolo fisso;;;;;;;;;;0;0;0;1;;;0;1;Autobus di linea;In marcia / fermata / arresto;Irisbus;491E;Conducente;1965;M;Illeso;0;;;
3587575;17;06/12/2017 16:50:00;Strada Urbana;VIA SEBASTIANO VENIERO;in prossimità;;del civico n.;10;;Veicolo in marcia contro ostacolo fisso;Rettilineo;Una carreggiata a senso unico di marcia;Asciutto;Asfaltata;Verticale ed orizzontale;Sereno;Normale;Sufficiente;Sufficiente;0;0;0;4;;;0;1;Autovettura privata;In marcia / fermata / arresto;Smart ;-;Conducente;1960;F;Illeso;0;;;
3587575;17;06/12/2017 16:50:00;Strada Urbana;VIA SEBASTIANO VENIERO;in prossimità;;del civico n.;10;;Veicolo in marcia contro ostacolo fisso;Rettilineo;Una carreggiata a senso unico di marcia;Asciutto;Asfaltata;Verticale ed orizzontale;Sereno;Normale;Sufficiente;Sufficiente;0;0;0;4;;;0;1;Autovettura privata;In marcia / fermata / arresto;Smart ;-;Passeggero;1984;F;Illeso;0;;;
3587575;17;06/12/2017 16:50:00;Strada Urbana;VIA SEBASTIANO VENIERO;in prossimità;;del civico n.;10;;Veicolo in marcia contro ostacolo fisso;Rettilineo;Una carreggiata a senso unico di marcia;Asciutto;Asfaltata;Verticale ed orizzontale;Sereno;Normale;Sufficiente;Sufficiente;0;0;0;4;;;0;1;Autovettura privata;In marcia / fermata / arresto;Smart ;-;Passeggero;2017;F;Illeso;0;;;
3587575;17;06/12/2017 16:50:00;Strada Urbana;VIA SEBASTIANO VENIERO;in prossimità;;del civico n.;10;;Veicolo in marcia contro ostacolo fisso;Rettilineo;Una carreggiata a senso unico di marcia;Asciutto;Asfaltata;Verticale ed orizzontale;Sereno;Normale;Sufficiente;Sufficiente;0;0;0;4;;;0;2;Motociclo a solo;In marcia / fermata / arresto;Yamaha;X MAX;Conducente;1957;M;Illeso;0;;;
3587912;7;06/12/2017 09:25:00;Strada Urbana;VIA ACHILLE VERTUNNI;in corrispondenza;;del civico n.;120;;Scontro frontale/laterale SX fra veicoli in marcia;Rettilineo;Una carreggiata a doppio senso;Asciutto;Asfaltata;Verticale ed orizzontale;Sereno;Scarso;Buona;Ore Diurne;1;0;0;0;12,61234;41,90992;0;1;Autovettura privata;In marcia / fermata / arresto;Fiat;Punto;Conducente;1946;M;Rimandato;0;NON DECEDUTO;Non accertato;Inesploso
3587922;7;06/12/2017 22:00:00;Strada Urbana;VIA PRENESTINA;all'intersezione con;VIA TRANI;VIA TRANI;;;Scontro frontale/laterale DX fra veicoli in marcia;Incrocio;Una carreggiata a doppio senso;Asciutto;Asfaltata;Verticale ed orizzontale;Sereno;Normale;Sufficiente;Sufficiente;1;0;0;1;12,57947;41,89233;0;1;Motociclo a solo;In marcia / fermata / arresto;Honda;SH 300;Conducente;1981;M;Rimandato;0;NON DECEDUTO;Non accertato;
3587922;7;06/12/2017 22:00:00;Strada Urbana;VIA PRENESTINA;all'intersezione con;VIA TRANI;VIA TRANI;;;Scontro frontale/laterale DX fra veicoli in marcia;Incrocio;Una carreggiata a doppio senso;Asciutto;Asfaltata;Verticale ed orizzontale;Sereno;Normale;Sufficiente;Sufficiente;1;0;0;1;12,57947;41,89233;0;2;Autovettura privata;In marcia / fermata / arresto;Ford;Fusion;Conducente;1991;F;Illeso;0;;Non accertato;Inesploso
3587935;7;06/12/2017 15:00:00;Strada Urbana;VIA COLLATINA;in corrispondenza;;del civico n.;331;;Tamponamento;Rettilineo;Una carreggiata a doppio senso;Asciutto;Asfaltata;Verticale ed orizzontale;Sereno;Normale;Buona;Ore Diurne;0;0;0;2;12,58967;41,90413;0;1;Autovettura privata;In marcia / fermata / arresto;Fiat;Punto;Conducente;1978;F;Illeso;0;;;
3587935;7;06/12/2017 15:00:00;Strada Urbana;VIA COLLATINA;in corrispondenza;;del civico n.;331;;Tamponamento;Rettilineo;Una carreggiata a doppio senso;Asciutto;Asfaltata;Verticale ed orizzontale;Sereno;Normale;Buona;Ore Diurne;0;0;0;2;12,58967;41,90413;0;2;Autovettura privata;In marcia / fermata / arresto;Opel;Astra SW;Conducente;1980;M;Illeso;0;;;
3587962;10;06/12/2017 15:20:00;;VIA DEL QUADRARO;all'intersezione con;VIA SELINUNTE;VIA SELINUNTE;;;Scontro laterale fra veicoli in marcia;;;;;;;;;;1;0;0;1;;;0;1;Motociclo con passeggero;In marcia / fermata / arresto;Suzuki;(ignoto);Conducente;1965;M;Rimandato;0;NON DECEDUTO;;
3587962;10;06/12/2017 15:20:00;;VIA DEL QUADRARO;all'intersezione con;VIA SELINUNTE;VIA SELINUNTE;;;Scontro laterale fra veicoli in marcia;;;;;;;;;;1;0;0;1;;;0;2;Autovettura privata;In marcia / fermata / arresto;Opel;Corsa;Conducente;1970;F;Illeso;0;;;
3587972;6;06/12/2017 18:00:00;Strada Urbana;VIA PRENESTINA;all'intersezione con;VIALE PARTENOPE;VIALE PARTENOPE;;;Scontro laterale fra veicoli in marcia;Incrocio;Due carreggiate;Asciutto;Asfaltata;Verticale ed orizzontale;Sereno;Normale;Buona;Sufficiente;0;0;0;3;12,551;41,89366;0;1;Autovettura privata;In marcia / fermata / arresto;Toyota;Yaris;Conducente;1936;M;Illeso;0;;;
3587972;6;06/12/2017 18:00:00;Strada Urbana;VIA PRENESTINA;all'intersezione con;VIALE PARTENOPE;VIALE PARTENOPE;;;Scontro laterale fra veicoli in marcia;Incrocio;Due carreggiate;Asciutto;Asfaltata;Verticale ed orizzontale;Sereno;Normale;Buona;Sufficiente;0;0;0;3;12,551;41,89366;0;1;Autovettura privata;In marcia / fermata / arresto;Toyota;Yaris;Passeggero;1964;F;Illeso;0;;;
3587972;6;06/12/2017 18:00:00;Strada Urbana;VIA PRENESTINA;all'intersezione con;VIALE PARTENOPE;VIALE PARTENOPE;;;Scontro laterale fra veicoli in marcia;Incrocio;Due carreggiate;Asciutto;Asfaltata;Verticale ed orizzontale;Sereno;Normale;Buona;Sufficiente;0;0;0;3;12,551;41,89366;0;2;Autovettura pubblica;In marcia / fermata / arresto;Skoda;Yeti;Conducente;1972;M;Illeso;0;;;
3587976;9;06/12/2017 19:00:00;;VIA ERODE ATTICO;da specificare;;;;PROX 27;Tamponamento;;;;;;;;;;0;0;0;2;;;0;1;Autovettura privata;In marcia / fermata / arresto;Fiat;500;Conducente;1996;;Illeso;0;;;
3587976;9;06/12/2017 19:00:00;;VIA ERODE ATTICO;da specificare;;;;PROX 27;Tamponamento;;;;;;;;;;0;0;0;2;;;0;2;Autovettura privata;In marcia / fermata / arresto;BMW;--;Conducente;1947;M;Illeso;0;;;
3587978;7;06/12/2017 15:15:00;Strada Urbana;VIA PRENESTINA;all'intersezione con;VIA PRENESTINA BIS;VIA PRENESTINA BIS;;;Scontro laterale fra veicoli in marcia;Rotatoria;Una carreggiata a senso unico di marcia;Asciutto;Asfaltata;Orizzontale;Sereno;Normale;Buona;Ore Diurne;0;0;0;2;12,60308;41,89298;-1;1;Autovettura privata;In marcia / fermata / arresto;Jaguar;(non accertato);Conducente;1971;M;Illeso;0;;;
3587978;7;06/12/2017 15:15:00;Strada Urbana;VIA PRENESTINA;all'intersezione con;VIA PRENESTINA BIS;VIA PRENESTINA BIS;;;Scontro laterale fra veicoli in marcia;Rotatoria;Una carreggiata a senso unico di marcia;Asciutto;Asfaltata;Orizzontale;Sereno;Normale;Buona;Ore Diurne;0;0;0;2;12,60308;41,89298;-1;2;Autovettura privata;In marcia / fermata / arresto;Mercedes;Class A;Conducente;1958;M;Illeso;0;;;
3587980;9;06/12/2017 08:30:00;;PIAZZALE LABICANO;da specificare;;;;prossimità Scalo S. Lorenzo;Tamponamento;;;;;;;;;;0;0;0;2;;;0;1;Autovettura privata;In marcia / fermata / arresto;Toyota;AYGO';Conducente;1966;;Illeso;0;;;
3587980;9;06/12/2017 08:30:00;;PIAZZALE LABICANO;da specificare;;;;prossimità Scalo S. Lorenzo;Tamponamento;;;;;;;;;;0;0;0;2;;;0;2;Autovettura privata;In marcia / fermata / arresto;Toyota;Yaris;Conducente;1995;M;Illeso;0;;;
3587985;19;06/12/2017 09:30:00;Strada Urbana;VIA DI SELVA CANDIDA;da specificare;;;;fronte civico 479;Tamponamento Multiplo;Rettilineo;Una carreggiata a doppio senso;Asciutto;Asfaltata;Assente;Sereno;Normale;Buona;Ore Diurne;0;0;0;3;12,37725;41,93438;-1;1;Autovettura privata;In marcia / fermata / arresto;Fiat;500;Conducente;1960;F;Illeso;0;;;
3587985;19;06/12/2017 09:30:00;Strada Urbana;VIA DI SELVA CANDIDA;da specificare;;;;fronte civico 479;Tamponamento Multiplo;Rettilineo;Una carreggiata a doppio senso;Asciutto;Asfaltata;Assente;Sereno;Normale;Buona;Ore Diurne;0;0;0;3;12,37725;41,93438;-1;2;Autovettura privata;In marcia / fermata / arresto;Opel;Corsa;Conducente;1959;F;Illeso;0;;;
3587985;19;06/12/2017 09:30:00;Strada Urbana;VIA DI SELVA CANDIDA;da specificare;;;;fronte civico 479;Tamponamento Multiplo;Rettilineo;Una carreggiata a doppio senso;Asciutto;Asfaltata;Assente;Sereno;Normale;Buona;Ore Diurne;0;0;0;3;12,37725;41,93438;-1;3;Autovettura privata;In marcia / fermata / arresto;Volkswagen;Golf;Conducente;1964;M;Illeso;0;;;
3587987;9;06/12/2017 23:55:00;;VIA QUINTILIO VARO;all'intersezione con;VIA SESTIO CALVINO;VIA SESTIO CALVINO;;;Scontro laterale fra veicoli in marcia;;;;;;;;;;0;0;0;5;;;0;1;Autovettura privata;In marcia / fermata / arresto;Mercedes;Classe A;Conducente;1989;M;Illeso;0;;;
3587987;9;06/12/2017 23:55:00;;VIA QUINTILIO VARO;all'intersezione con;VIA SESTIO CALVINO;VIA SESTIO CALVINO;;;Scontro laterale fra veicoli in marcia;;;;;;;;;;0;0;0;5;;;0;1;Autovettura privata;In marcia / fermata / arresto;Mercedes;Classe A;Passeggero;0;F;Illeso;0;;;
3587987;9;06/12/2017 23:55:00;;VIA QUINTILIO VARO;all'intersezione con;VIA SESTIO CALVINO;VIA SESTIO CALVINO;;;Scontro laterale fra veicoli in marcia;;;;;;;;;;0;0;0;5;;;0;2;Autovettura privata;In marcia / fermata / arresto;Citroen;C 3;Conducente;1992;;Illeso;0;;;
3587996;6;06/12/2017 20:00:00;Strada Urbana;VIA DI TOR PIGNATTARA;in corrispondenza;;del civico n.;21;;Veicolo in marcia contro veicolo fermo;Rettilineo;Una carreggiata a doppio senso;Asciutto;Asfaltata;Orizzontale;Sereno;Normale;Buona;Sufficiente;1;0;0;1;12,54214;41,87962;-1;1;Velocipede;In marcia / fermata / arresto;(ignoto);(ignoto);Conducente;1987;F;Rimandato;0;NON DECEDUTO;Esente;
3587996;6;06/12/2017 20:00:00;Strada Urbana;VIA DI TOR PIGNATTARA;in corrispondenza;;del civico n.;21;;Veicolo in marcia contro veicolo fermo;Rettilineo;Una carreggiata a doppio senso;Asciutto;Asfaltata;Orizzontale;Sereno;Normale;Buona;Sufficiente;1;0;0;1;12,54214;41,87962;-1;2;Autovettura privata;In marcia / fermata / arresto;Volvo;V 40;Conducente;1962;M;Illeso;0;;;
3587997;13;06/12/2017 18:00:00;;VIA DEI PESCATORI;all'intersezione con;VIA MAR DEI CORALLI;VIA MAR DEI CORALLI;;;Tamponamento;;;;;;;;;;1;0;0;3;;;0;1;Autovettura privata;In marcia / fermata / arresto;Fiat;600;Conducente;1974;M;Rimandato;0;NON DECEDUTO;;
3587997;13;06/12/2017 18:00:00;;VIA DEI PESCATORI;all'intersezione con;VIA MAR DEI CORALLI;VIA MAR DEI CORALLI;;;Tamponamento;;;;;;;;;;1;0;0;3;;;0;2;Autovettura privata;In marcia / fermata / arresto;Mercedes;VITO;Conducente;1991;F;Illeso;0;;Non accertato;Inesploso
3587997;13;06/12/2017 18:00:00;;VIA DEI PESCATORI;all'intersezione con;VIA MAR DEI CORALLI;VIA MAR DEI CORALLI;;;Tamponamento;;;;;;;;;;1;0;0;3;;;0;2;Autovettura privata;In marcia / fermata / arresto;Mercedes;VITO;Passeggero;1977;F;Illeso;0;;Non accertato;Inesploso
3587997;13;06/12/2017 18:00:00;;VIA DEI PESCATORI;all'intersezione con;VIA MAR DEI CORALLI;VIA MAR DEI CORALLI;;;Tamponamento;;;;;;;;;;1;0;0;3;;;0;2;Autovettura privata;In marcia / fermata / arresto;Mercedes;VITO;Passeggero;2014;M;Illeso;0;;Non accertato;Inesploso
3588002;15;06/12/2017 08:10:00;Strada Urbana;VIA GUGLIELMO MENGARINI;in prossimità;;del civico n.;17;;Tamponamento;Rettilineo;Una carreggiata a senso unico di marcia;Asciutto;Asfaltata;Assente;Sereno;Scarso;Buona;Ore Diurne;0;0;0;2;12,45683;41,86332;0;1;Autovettura privata;In marcia / fermata / arresto;Fiat;Stilo;Conducente;1976;M;Illeso;0;;Utilizzato;Inesploso
3588002;15;06/12/2017 08:10:00;Strada Urbana;VIA GUGLIELMO MENGARINI;in prossimità;;del civico n.;17;;Tamponamento;Rettilineo;Una carreggiata a senso unico di marcia;Asciutto;Asfaltata;Assente;Sereno;Scarso;Buona;Ore Diurne;0;0;0;2;12,45683;41,86332;0;2;Autovettura privata;In marcia / fermata / arresto;Fiat;Punto;Conducente;1966;M;Illeso;0;;Utilizzato;Inesploso
3588004;20;06/12/2017 14:05:00;Strada Urbana;VIALE DI TOR DI QUINTO;all'intersezione con;VIA PIETRO LUPI;VIA PIETRO LUPI;;;Scontro frontale fra veicoli in marcia;Intersezione stradale segnalata;Una carreggiata a doppio senso;Asciutto;Asfaltata;Verticale ed orizzontale;Sereno;Normale;Buona;Ore Diurne;1;0;0;1;12,47332;41,93727;-1;1;Ciclomotore;In marcia / fermata / arresto;Aprilia;Scarabeo;Conducente;2001;M;Rimandato;0;NON DECEDUTO;;
3588004;20;06/12/2017 14:05:00;Strada Urbana;VIALE DI TOR DI QUINTO;all'intersezione con;VIA PIETRO LUPI;VIA PIETRO LUPI;;;Scontro frontale fra veicoli in marcia;Intersezione stradale segnalata;Una carreggiata a doppio senso;Asciutto;Asfaltata;Verticale ed orizzontale;Sereno;Normale;Buona;Ore Diurne;1;0;0;1;12,47332;41,93727;-1;2;Autovettura privata;In marcia / fermata / arresto;Opel;AGILA;Conducente;1931;M;Illeso;0;;;
3588007;19;06/12/2017 15:00:00;Strada Urbana;VIA PASQUALE II;da specificare;;;;fronte civico 137;Scontro frontale fra veicoli in marcia;Rettilineo;Una carreggiata a doppio senso;Asciutto;Asfaltata;Assente;Sereno;Normale;Buona;Ore Diurne;1;0;0;2;12,41021;41,91097;0;1;Autovettura privata;In marcia / fermata / arresto;BMW;520;Conducente;1973;M;Illeso;0;;Non accertato;Inesploso
3588007;19;06/12/2017 15:00:00;Strada Urbana;VIA PASQUALE II;da specificare;;;;fronte civico 137;Scontro frontale fra veicoli in marcia;Rettilineo;Una carreggiata a doppio senso;Asciutto;Asfaltata;Assente;Sereno;Normale;Buona;Ore Diurne;1;0;0;2;12,41021;41,91097;0;2;Motociclo a solo;In marcia / fermata / arresto;Honda;SH 150;Conducente;1981;F;Rimandato;0;NON DECEDUTO;Non accertato;
3588007;19;06/12/2017 15:00:00;Strada Urbana;VIA PASQUALE II;da specificare;;;;fronte civico 137;Scontro frontale fra veicoli in marcia;Rettilineo;Una carreggiata a doppio senso;Asciutto;Asfaltata;Assente;Sereno;Normale;Buona;Ore Diurne;1;0;0;2;12,41021;41,91097;0;2;Motociclo a solo;In marcia / fermata / arresto;Honda;SH 150;Passeggero;2003;M;Illeso;0;;Non accertato;
3588011;9;06/12/2017 11:30:00;;VIA GALLIA;in corrispondenza;;del civico n.;45/B;;Veicolo in marcia contro veicolo fermo;;;;;;;;;;0;0;0;2;;;0;1;Autocarro inferiore 35 q.;In marcia / fermata / arresto;Iveco;Daily 35.12;Conducente;1964;M;Illeso;0;;;
3588011;9;06/12/2017 11:30:00;;VIA GALLIA;in corrispondenza;;del civico n.;45/B;;Veicolo in marcia contro veicolo fermo;;;;;;;;;;0;0;0;2;;;0;2;Autovettura privata;In marcia / fermata / arresto;Chrysler;Voyager;Conducente;1987;M;Illeso;0;;;
3588017;15;06/12/2017 14:50:00;Strada Urbana;LARGO DI S. SILVIA;all'intersezione con;PIAZZA AUGUSTO LORENZINI;PIAZZA AUGUSTO LORENZINI;;;Tamponamento;Incrocio;Una carreggiata a senso unico di marcia;Asciutto;Asfaltata;Verticale ed orizzontale;Sereno;Normale;Buona;Ore Diurne;0;0;0;2;12,4502;41,85616;0;1;Autovettura privata;In marcia / fermata / arresto;Toyota;Yaris;Conducente;1971;F;Illeso;0;;Non accertato;Inesploso
3588017;15;06/12/2017 14:50:00;Strada Urbana;LARGO DI S. SILVIA;all'intersezione con;PIAZZA AUGUSTO LORENZINI;PIAZZA AUGUSTO LORENZINI;;;Tamponamento;Incrocio;Una carreggiata a senso unico di marcia;Asciutto;Asfaltata;Verticale ed orizzontale;Sereno;Normale;Buona;Ore Diurne;0;0;0;2;12,4502;41,85616;0;2;Autovettura privata;In marcia / fermata / arresto;Ford;Fiesta;Conducente;1985;F;Illeso;0;;Non accertato;Inesploso
3588021;20;06/12/2017 12:50:00;Regionale;VIA FLAMINIA;in prossimità;;della chilometrica;15.9;;Tamponamento;Rettilineo;Una carreggiata a doppio senso;Asciutto;Asfaltata;Orizzontale;Sereno;Normale;Buona;Ore Diurne;1;0;0;2;12,48453;42,03137;-1;1;Autocarro inferiore 35 q.;In marcia / fermata / arresto;Fiat;Ducato;Conducente;1944;M;Illeso;0;;Non accertato;
3588021;20;06/12/2017 12:50:00;Regionale;VIA FLAMINIA;in prossimità;;della chilometrica;15.9;;Tamponamento;Rettilineo;Una carreggiata a doppio senso;Asciutto;Asfaltata;Orizzontale;Sereno;Normale;Buona;Ore Diurne;1;0;0;2;12,48453;42,03137;-1;1;Autocarro inferiore 35 q.;In marcia / fermata / arresto;Fiat;Ducato;Passeggero;1979;M;Illeso;0;;Non accertato;
3588021;20;06/12/2017 12:50:00;Regionale;VIA FLAMINIA;in prossimità;;della chilometrica;15.9;;Tamponamento;Rettilineo;Una carreggiata a doppio senso;Asciutto;Asfaltata;Orizzontale;Sereno;Normale;Buona;Ore Diurne;1;0;0;2;12,48453;42,03137;-1;2;Autovettura privata;In marcia / fermata / arresto;Dacia;Duster;Conducente;1975;M;Rimandato;0;NON DECEDUTO;Non accertato;
3588026;15;06/12/2017 19:00:00;;LARGO DEI DELLA BITTA;in prossimità;;del civico n.;9;;Veicolo in marcia contro veicolo fermo;;;;;;;;;;0;0;0;2;;;0;1;Autovettura privata;In marcia / fermata / arresto;Volkswagen;Golf;Conducente;0;M;Illeso;0;;;
3588026;15;06/12/2017 19:00:00;;LARGO DEI DELLA BITTA;in prossimità;;del civico n.;9;;Veicolo in marcia contro veicolo fermo;;;;;;;;;;0;0;0;2;;;0;1;Autovettura privata;In marcia / fermata / arresto;Volkswagen;Golf;Passeggero;0;F;Illeso;0;;;
3588041;5;06/12/2017 15:40:00;;VIA DEI MONTI TIBURTINI;da specificare;;;;alt. via Feronia dir. Lanciani;Scontro frontale fra veicoli in marcia;;;;;;;;;;1;0;0;0;12,55218;41,91392;0;2;Autovettura privata;In marcia / fermata / arresto;Smart ;ForTwo Coupé;Conducente;0;M;Rimandato;0;NON DECEDUTO;;
3588043;15;06/12/2017 19:55:00;Strada Urbana;VIALE ARTURO MARTINI;da specificare;;;;prossimità Via M. Mazzacurati;Tamponamento;Rettilineo;Una carreggiata a senso unico di marcia;Asciutto;Asfaltata;Verticale ed orizzontale;Nuvoloso;Normale;Sufficiente;Sufficiente;0;0;0;2;;;0;1;Autovettura privata;In marcia / fermata / arresto;Nissan;QASHQAI;Conducente;1965;M;Illeso;0;;Non accertato;Inesploso
3588043;15;06/12/2017 19:55:00;Strada Urbana;VIALE ARTURO MARTINI;da specificare;;;;prossimità Via M. Mazzacurati;Tamponamento;Rettilineo;Una carreggiata a senso unico di marcia;Asciutto;Asfaltata;Verticale ed orizzontale;Nuvoloso;Normale;Sufficiente;Sufficiente;0;0;0;2;;;0;2;Autovettura privata;In marcia / fermata / arresto;Lancia;Thema;Conducente;1981;M;Illeso;0;;Non accertato;Inesploso
3588045;11;06/12/2017 10:15:00;Strada Urbana;VIA CRISTOFORO COLOMBO;in corrispondenza;;del civico n.;454;;Veicolo in marcia contro veicolo fermo;Rettilineo;Più di due carreggiate;Asciutto;Asfaltata;Verticale ed orizzontale;Sereno;Normale;Buona;Ore Diurne;0;0;0;3;12,48463;41,85078;-1;1;Autovettura privata;In marcia / fermata / arresto;Peugeot;3008;Conducente;1988;F;Illeso;0;;Non accertato;
3588045;11;06/12/2017 10:15:00;Strada Urbana;VIA CRISTOFORO COLOMBO;in corrispondenza;;del civico n.;454;;Veicolo in marcia contro veicolo fermo;Rettilineo;Più di due carreggiate;Asciutto;Asfaltata;Verticale ed orizzontale;Sereno;Normale;Buona;Ore Diurne;0;0;0;3;12,48463;41,85078;-1;2;Autovettura privata;In marcia / fermata / arresto;Toyota;Auris;Conducente;1941;M;Illeso;0;;Non accertato;
3588045;11;06/12/2017 10:15:00;Strada Urbana;VIA CRISTOFORO COLOMBO;in corrispondenza;;del civico n.;454;;Veicolo in marcia contro veicolo fermo;Rettilineo;Più di due carreggiate;Asciutto;Asfaltata;Verticale ed orizzontale;Sereno;Normale;Buona;Ore Diurne;0;0;0;3;12,48463;41,85078;-1;2;Autovettura privata;In marcia / fermata / arresto;Toyota;Auris;Passeggero;1943;F;Illeso;0;;Non accertato;
3588049;11;06/12/2017 08:30:00;Strada Urbana;VIA ARDEATINA;in prossimità;;del civico n.;588;;Scontro frontale/laterale DX fra veicoli in marcia;Rettilineo;Due carreggiate;Asciutto;Asfaltata;Verticale;Sereno;Scarso;Buona;Ore Diurne;1;0;0;2;12,51811;41,8261;0;1;Autovettura privata;In marcia / fermata / arresto;Ford;Focus;Conducente;1981;F;Illeso;0;;;