Protocollo;Gruppo;DataOraIncidente;Localizzazione1;STRADA1;Localizzazione2;STRADA2;Strada02;Chilometrica;DaSpecificare;NaturaIncidente;particolaritastrade;TipoStrada;FondoStradale;Pavimentazione;Segnaletica;CondizioneAtmosferica;Traffico;Visibilita;Illuminazione;NUM_FERITI;NUM_RISERVATA;NUM_MORTI;NUM_ILLESI;Longitudine;Latitudine;Confermato;Progressivo;TipoVeicolo;StatoVeicolo;Marca;Modello;TipoPersona;AnnoNascita;Sesso;Tipolesione;Deceduto;DecedutoDopo;CinturaCascoUtilizzato;Airbag;
3588300;8;06/12/2017 15:10:00;Strada Urbana;VIA PIETRO SANTO BARTOLI;all'intersezione con;VIA GIOVANNI ARTUSI;VIA GIOVANNI ARTUSI;;;Scontro frontale/laterale DX fra veicoli in marcia;Incrocio;Una carreggiata a senso unico di marcia;Asciutto;Asfaltata;Verticale ed orizzontale;Sereno;Normale;Buona;Ore Diurne;0;0;0;2;12,61945;41,86868;-1;2;Autovettura privata;In marcia / fermata / arresto;BMW;216 d;Conducente;1965;M;Illeso;0;;Non accertato;Inesploso
3588305;8;06/12/2017 18:30:00;Strada Urbana;VIA MARIO PASTORE;all'intersezione con;VIA DI PASSOLOMBARDO;VIA DI PASSOLOMBARDO;;;Scontro laterale fra veicoli in marcia;Intersezione semaforizzata;Una carreggiata a senso unico di marcia;Asciutto;Asfaltata;Verticale ed orizzontale;Sereno;Normale;Buona;Sufficiente;0;0;0;3;;;0;1;Autovettura privata;In marcia / fermata / arresto;Renault;Clio;Conducente;1942;M;Illeso;0;;Non accertato;Inesploso
3588305;8;06/12/2017 18:30:00;Strada Urbana;VIA MARIO PASTORE;all'intersezione con;VIA DI PASSOLOMBARDO;VIA DI PASSOLOMBARDO;;;Scontro laterale fra veicoli in marcia;Intersezione semaforizzata;Una carreggiata a senso unico di marcia;Asciutto;Asfaltata;Verticale ed orizzontale;Sereno;Normale;Buona;Sufficiente;0;0;0;3;;;0;2;Autoarticolato;In marcia / fermata / arresto;Fiat Iveco;440;Conducente;1964;M;Illeso;0;;Non accertato;Inesploso
3588305;8;06/12/2017 18:30:00;Strada Urbana;VIA MARIO PASTORE;all'intersezione con;VIA DI PASSOLOMBARDO;VIA DI PASSOLOMBARDO;;;Scontro laterale fra veicoli in marcia;Intersezione semaforizzata;Una carreggiata a senso unico di marcia;Asciutto;Asfaltata;Verticale ed orizzontale;Sereno;Normale;Buona;Sufficiente;0;0;0;3;;;0;2;Autoarticolato;In marcia / fermata / arresto;Fiat Iveco;440;Passeggero;1971;M;Illeso;0;;Non accertato;Inesploso
3588306;2;06/12/2017 15:50:00;;VIALE LIEGI;all'intersezione semaforizzata con;VIA SALARIA;VIA SALARIA;;;Scontro laterale fra veicoli in marcia;;;;;;;;;;2;0;0;1;12,49832;41,91951;0;1;Autocarro inferiore 35 q.;In marcia / fermata / arresto;Fiat;Doblo';Conducente;1973;M;Illeso;0;;;
3588306;2;06/12/2017 15:50:00;;VIALE LIEGI;all'intersezione semaforizzata con;VIA SALARIA;VIA SALARIA;;;Scontro laterale fra veicoli in marcia;;;;;;;;;;2;0;0;1;12,49832;41,91951;0;2;Motociclo a solo;In marcia / fermata / arresto;Honda;SH;Conducente;1958;M;Rifiuta cure immediate;0;NON DECEDUTO;;
3588306;2;06/12/2017 15:50:00;;VIALE LIEGI;all'intersezione semaforizzata con;VIA SALARIA;VIA SALARIA;;;Scontro laterale fra veicoli in marcia;;;;;;;;;;2;0;0;1;12,49832;41,91951;0;2;Motociclo a solo;In marcia / fermata / arresto;Honda;SH;Passeggero;1953;F;Rifiuta cure immediate;0;NON DECEDUTO;Utilizzato;
3588307;1;07/12/2017 08:10:00;Strada Urbana;VIALE AVENTINO;in prossimità;;del civico n.;73;;Veicolo in marcia contro ostacolo accidentale;Rettilineo;Più di due carreggiate;Viscido da liquidi oleosi;In cubetti di porfido;Verticale ed orizzontale;Nuvoloso;Normale;Buona;Ore Diurne;0;0;0;1;;;0;1;Motociclo a solo;In marcia / fermata / arresto;Honda;Silver Wing;Conducente;1966;M;Illeso;0;;Utilizzato;
3588317;8;06/12/2017 16:45:00;Statale entro l'abitato;VIA CASILINA;in corrispondenza;;del civico n.;1765;;Scontro laterale fra veicoli in marcia;Rettilineo;Una carreggiata a doppio senso;Asciutto;Asfaltata;Verticale ed orizzontale;Sereno;Normale;Buona;Ore Diurne;0;0;0;3;12,67029;41,86403;-1;1;Autovettura privata;In marcia / fermata / arresto;Ford;Fiesta;Conducente;1969;F;Illeso;0;;Non accertato;Inesploso
3588317;8;06/12/2017 16:45:00;Statale entro l'abitato;VIA CASILINA;in corrispondenza;;del civico n.;1765;;Scontro laterale fra veicoli in marcia;Rettilineo;Una carreggiata a doppio senso;Asciutto;Asfaltata;Verticale ed orizzontale;Sereno;Normale;Buona;Ore Diurne;0;0;0;3;12,67029;41,86403;-1;2;Autovettura privata;In marcia / fermata / arresto;Mercedes;classe A 180 CDI;Conducente;1954;M;Illeso;0;;Non accertato;Inesploso
3588317;8;06/12/2017 16:45:00;Statale entro l'abitato;VIA CASILINA;in corrispondenza;;del civico n.;1765;;Scontro laterale fra veicoli in marcia;Rettilineo;Una carreggiata a doppio senso;Asciutto;Asfaltata;Verticale ed orizzontale;Sereno;Normale;Buona;Ore Diurne;0;0;0;3;12,67029;41,86403;-1;2;Autovettura privata;In marcia / fermata / arresto;Mercedes;classe A 180 CDI;Passeggero;1957;F;Illeso;0;;Non accertato;Inesploso
3588327;23;06/12/2017 12:30:00;;VIA CRISTOFORO COLOMBO;all'intersezione semaforizzata con;VIA DI MALAFEDE;VIA DI MALAFEDE;;;Tamponamento;;;;;;;;;;0;0;0;2;;;0;1;Autocarro inferiore 35 q.;In marcia / fermata / arresto;Fiat;Panda;Conducente;1996;M;Illeso;0;;;
3588327;23;06/12/2017 12:30:00;;VIA CRISTOFORO COLOMBO;all'intersezione semaforizzata con;VIA DI MALAFEDE;VIA DI MALAFEDE;;;Tamponamento;;;;;;;;;;0;0;0;2;;;0;2;Autovettura privata;In marcia / fermata / arresto;Alfa Romeo;Giulietta;Conducente;1992;M;Illeso;0;;;
3588330;8;06/12/2017 08:30:00;Strada Urbana;VIA DI TORRENOVA;da specificare;;;;INV. DI MARCIA FRONTE CIVICO 8;Scontro frontale/laterale SX fra veicoli in marcia;Rettilineo;Una carreggiata a senso unico di marcia;Asciutto;Asfaltata;Verticale ed orizzontale;Sereno;Normale;Buona;Ore Diurne;0;0;0;3;12,61804;41,88314;-1;1;Autovettura privata;In marcia / fermata / arresto;Range Rover;EVOQUE;Conducente;1983;M;Illeso;0;;Non accertato;Inesploso
3588330;8;06/12/2017 08:30:00;Strada Urbana;VIA DI TORRENOVA;da specificare;;;;INV. DI MARCIA FRONTE CIVICO 8;Scontro frontale/laterale SX fra veicoli in marcia;Rettilineo;Una carreggiata a senso unico di marcia;Asciutto;Asfaltata;Verticale ed orizzontale;Sereno;Normale;Buona;Ore Diurne;0;0;0;3;12,61804;41,88314;-1;2;Autovettura privata;In marcia / fermata / arresto;Ford;Focus;Conducente;1965;M;Illeso;0;;Non accertato;Inesploso
3588330;8;06/12/2017 08:30:00;Strada Urbana;VIA DI TORRENOVA;da specificare;;;;INV. DI MARCIA FRONTE CIVICO 8;Scontro frontale/laterale SX fra veicoli in marcia;Rettilineo;Una carreggiata a senso unico di marcia;Asciutto;Asfaltata;Verticale ed orizzontale;Sereno;Normale;Buona;Ore Diurne;0;0;0;3;12,61804;41,88314;-1;2;Autovettura privata;In marcia / fermata / arresto;Ford;Focus;Passeggero;2007;F;Illeso;0;;Non accertato;Inesploso
3588344;23;06/12/2017 18:20:00;;VIA CRISTOFORO COLOMBO;in prossimità;;della chilometrica;18.45;;Tamponamento Multiplo;;;;;;;;;;0;0;0;3;;;0;1;Autovettura privata;In marcia / fermata / arresto;Chrysler;Jeep Wrangler;Conducente;1970;M;Illeso;0;;;
3588344;23;06/12/2017 18:20:00;;VIA CRISTOFORO COLOMBO;in prossimità;;della chilometrica;18.45;;Tamponamento Multiplo;;;;;;;;;;0;0;0;3;;;0;2;Autovettura privata;In marcia / fermata / arresto;Fiat;Panda;Conducente;1966;F;Illeso;0;;;
3588344;23;06/12/2017 18:20:00;;VIA CRISTOFORO COLOMBO;in prossimità;;della chilometrica;18.45;;Tamponamento Multiplo;;;;;;;;;;0;0;0;3;;;0;3;Autovettura privata;In marcia / fermata / arresto;Fiat;Stilo SW;Conducente;1968;M;Illeso;0;;;
3588347;11;07/12/2017 04:00:00;Strada Urbana;VIA CRISTOFORO COLOMBO;all'intersezione con;PIAZZALE DELL'AGRICOLTURA;PIAZZALE DELL'AGRICOLTURA;;;Veicolo in marcia contro ostacolo fisso;Intersezione non regolata/non segnalata;Più di due carreggiate;Asciutto;Asfaltata;Verticale ed orizzontale;Nuvoloso;Scarso;Buona;Sufficiente;1;2;1;0;;;0;1;Autovettura privata;In marcia / fermata / arresto;Peugeot;307;Conducente;1995;M;Deceduto sul posto;-1;;Non accertato;
3588347;11;07/12/2017 04:00:00;Strada Urbana;VIA CRISTOFORO COLOMBO;all'intersezione con;PIAZZALE DELL'AGRICOLTURA;PIAZZALE DELL'AGRICOLTURA;;;Veicolo in marcia contro ostacolo fisso;Intersezione non regolata/non segnalata;Più di due carreggiate;Asciutto;Asfaltata;Verticale ed orizzontale;Nuvoloso;Scarso;Buona;Sufficiente;1;2;1;0;;;0;1;Autovettura privata;In marcia / fermata / arresto;Peugeot;307;Passeggero;1993;F;Ricoverato;0;NON DECEDUTO;Non accertato;
3588347;11;07/12/2017 04:00:00;Strada Urbana;VIA CRISTOFORO COLOMBO;all'intersezione con;PIAZZALE DELL'AGRICOLTURA;PIAZZALE DELL'AGRICOLTURA;;;Veicolo in marcia contro ostacolo fisso;Intersezione non regolata/non segnalata;Più di due carreggiate;Asciutto;Asfaltata;Verticale ed orizzontale;Nuvoloso;Scarso;Buona;Sufficiente;1;2;1;0;;;0;1;Autovettura privata;In marcia / fermata / arresto;Peugeot;307;Passeggero;1999;F;Prognosi riservata;0;NON DECEDUTO;Non accertato;
3588360;8;06/12/2017 07:00:00;Regionale entro l'abitato;VIA AMICO ASPERTINI;in prossimità;;del civico n.;101;;Scontro laterale fra veicoli in marcia;Rettilineo;Una carreggiata a doppio senso;Asciutto;Asfaltata;Verticale ed orizzontale;Sereno;Scarso;Buona;Ore Diurne;1;0;0;1;12,62746;41,87576;0;1;Autovettura privata;In marcia / fermata / arresto;Opel;AGILA;Conducente;1969;M;Illeso;0;;Non accertato;Inesploso
3588360;8;06/12/2017 07:00:00;Regionale entro l'abitato;VIA AMICO ASPERTINI;in prossimità;;del civico n.;101;;Scontro laterale fra veicoli in marcia;Rettilineo;Una carreggiata a doppio senso;Asciutto;Asfaltata;Verticale ed orizzontale;Sereno;Scarso;Buona;Ore Diurne;1;0;0;1;12,62746;41,87576;0;2;Motociclo a solo;In marcia / fermata / arresto;Aprilia;Atlantic;Conducente;1964;M;Rifiuta cure immediate;0;NON DECEDUTO;Non accertato;
3588362;13;06/12/2017 18:05:00;;VIALE CAPITAN CONSALVO;in corrispondenza;;del civico n.;22;;Investimento di pedone;;;;;;;;;;0;0;0;2;;;0;;;;;;Pedone;1974;F;Illeso;0;;;
3588362;13;06/12/2017 18:05:00;;VIALE CAPITAN CONSALVO;in corrispondenza;;del civico n.;22;;Investimento di pedone;;;;;;;;;;0;0;0;2;;;0;1;Autovettura privata;In marcia / fermata / arresto;Alfa Romeo;159;Conducente;1952;M;Illeso;0;;Non accertato;Inesploso
3588372;8;06/12/2017 15:30:00;;VIA CASILINA;in prossimità;;del civico n.;1920/A;;Scontro frontale/laterale DX fra veicoli in marcia;;;;;;;;;;1;0;0;1;;;0;1;Autovettura privata;In marcia / fermata / arresto;Fiat;Punto;Conducente;1933;M;Illeso;0;;;
3588372;8;06/12/2017 15:30:00;;VIA CASILINA;in prossimità;;del civico n.;1920/A;;Scontro frontale/laterale DX fra veicoli in marcia;;;;;;;;;;1;0;0;1;;;0;2;Motociclo a solo;In marcia / fermata / arresto;Suzuki;65 X;Conducente;1995;M;Rimandato;0;NON DECEDUTO;;
3588428;7;06/12/2017 19:40:00;Strada Urbana;VIALE PALMIRO TOGLIATTI;in corrispondenza;;del civico n.;908;;Scontro laterale fra veicoli in marcia;Rettilineo;Due carreggiate;Asciutto;Asfaltata;Verticale ed orizzontale;Sereno;Intenso;Buona;Sufficiente;0;0;0;1;12,57455;41,89056;0;1;Autovettura privata;In marcia / fermata / arresto;Opel;Corsa;Conducente;1990;M;Illeso;0;;Non accertato;Inesploso
3588429;18;07/12/2017 11:00:00;Strada Urbana;PIAZZA PIO XI;da specificare;;;;all'altzza del civico 11;Veicolo in marcia contro veicolo fermo;Curva a visuale libera;Una carreggiata a senso unico di marcia;Asciutto;Asfaltata;Assente;Sereno;Normale;Buona;Ore Diurne;0;0;0;2;12,43866;41,89461;0;1;Autovettura privata;In marcia / fermata / arresto;Fiat;Panda;Conducente;1964;M;Illeso;0;;Non accertato;Inesploso
3588429;18;07/12/2017 11:00:00;Strada Urbana;PIAZZA PIO XI;da specificare;;;;all'altzza del civico 11;Veicolo in marcia contro veicolo fermo;Curva a visuale libera;Una carreggiata a senso unico di marcia;Asciutto;Asfaltata;Assente;Sereno;Normale;Buona;Ore Diurne;0;0;0;2;12,43866;41,89461;0;2;Autovettura privata;In marcia / fermata / arresto;Fiat-Lancia;YPSILON;Conducente;1996;F;Illeso;0;;Non accertato;Inesploso
3588517;1;07/12/2017 08:30:00;Strada Urbana;VIA VENTI SETTEMBRE;all'intersezione con;VIA DI S. NICOLA DA TOLENTINO;VIA DI S. NICOLA DA TOLENTINO;;;Scontro laterale fra veicoli in marcia;Incrocio;Una carreggiata a doppio senso;Asciutto;Asfaltata;Verticale ed orizzontale;Nuvoloso;Normale;Buona;Ore Diurne;1;0;0;1;;;0;1;Autovettura privata;In marcia / fermata / arresto;Opel;KARL;Conducente;1964;F;Illeso;0;;Utilizzato;Inesploso
3588517;1;07/12/2017 08:30:00;Strada Urbana;VIA VENTI SETTEMBRE;all'intersezione con;VIA DI S. NICOLA DA TOLENTINO;VIA DI S. NICOLA DA TOLENTINO;;;Scontro laterale fra veicoli in marcia;Incrocio;Una carreggiata a doppio senso;Asciutto;Asfaltata;Verticale ed orizzontale;Nuvoloso;Normale;Buona;Ore Diurne;1;0;0;1;;;0;2;Motociclo a solo;In marcia / fermata / arresto;Honda;SH;Conducente;1986;M;Rimandato;0;NON DECEDUTO;Utilizzato;
3588589;20;07/12/2017 12:00:00;Regionale entro l'abitato;VIA BRACCIANENSE;all'intersezione con;VIA ANGUILLARESE;VIA ANGUILLARESE;;;Scontro frontale/laterale SX fra veicoli in marcia;Incrocio;Una carreggiata a doppio senso;Asciutto;Asfaltata;Verticale ed orizzontale;Nuvoloso;Scarso;Buona;Ore Diurne;0;0;0;3;12,3112;42,03657;-1;1;Autocarro inferiore 35 q.;In marcia / fermata / arresto;Ford;Ranger;Conducente;1961;M;Illeso;0;;Non accertato;Inesploso
3588589;20;07/12/2017 12:00:00;Regionale entro l'abitato;VIA BRACCIANENSE;all'intersezione con;VIA ANGUILLARESE;VIA ANGUILLARESE;;;Scontro frontale/laterale SX fra veicoli in marcia;Incrocio;Una carreggiata a doppio senso;Asciutto;Asfaltata;Verticale ed orizzontale;Nuvoloso;Scarso;Buona;Ore Diurne;0;0;0;3;12,3112;42,03657;-1;1;Autocarro inferiore 35 q.;In marcia / fermata / arresto;Ford;Ranger;Passeggero;1959;F;Illeso;0;;Non accertato;Inesploso
3588589;20;07/12/2017 12:00:00;Regionale entro l'abitato;VIA BRACCIANENSE;all'intersezione con;VIA ANGUILLARESE;VIA ANGUILLARESE;;;Scontro frontale/laterale SX fra veicoli in marcia;Incrocio;Una carreggiata a doppio senso;Asciutto;Asfaltata;Verticale ed orizzontale;Nuvoloso;Scarso;Buona;Ore Diurne;0;0;0;3;12,3112;42,03657;-1;2;Autocarro inferiore 35 q.;In marcia / fermata / arresto;Fiat;Panda;Conducente;1987;M;Illeso;0;;;
3588784;13;07/12/2017 15:00:00;Strada Urbana;VIA DELLE BALENIERE;all'intersezione con;VIADOTTO ATTICO TABACCHI;VIADOTTO ATTICO TABACCHI;;;Investimento di pedone;Incrocio;Una carreggiata a doppio senso;Asciutto;Asfaltata;Verticale ed orizzontale;Nuvoloso;Normale;Buona;Ore Diurne;1;0;0;2;12,27952;41,73826;0;;;;;;Pedone;1987;F;Rimandato;0;NON DECEDUTO;;
3588784;13;07/12/2017 15:00:00;Strada Urbana;VIA DELLE BALENIERE;all'intersezione con;VIADOTTO ATTICO TABACCHI;VIADOTTO ATTICO TABACCHI;;;Investimento di pedone;Incrocio;Una carreggiata a doppio senso;Asciutto;Asfaltata;Verticale ed orizzontale;Nuvoloso;Normale;Buona;Ore Diurne;1;0;0;2;12,27952;41,73826;0;;;;;;Pedone;2016;F;Illeso;0;;;
3588784;13;07/12/2017 15:00:00;Strada Urbana;VIA DELLE BALENIERE;all'intersezione con;VIADOTTO ATTICO TABACCHI;VIADOTTO ATTICO TABACCHI;;;Investimento di pedone;Incrocio;Una carreggiata a doppio senso;Asciutto;Asfaltata;Verticale ed orizzontale;Nuvoloso;Normale;Buona;Ore Diurne;1;0;0;2;12,27952;41,73826;0;1;Autovettura privata;In marcia / fermata / arresto;Fiat;Grande Punto;Conducente;1958;F;Illeso;0;;Non accertato;Inesploso
3588787;20;07/12/2017 15:25:00;Strada Urbana;VIA FRANCESCO SAVERIO NITTI;in corrispondenza;;del civico n.;32;;Scontro frontale/laterale DX fra veicoli in marcia;Rettilineo;Una carreggiata a doppio senso;Asciutto;Asfaltata;Orizzontale;Nuvoloso;Normale;Buona;Ore Diurne;0;0;0;2;12,47202;41,94684;-1;1;Autovettura privata;In marcia / fermata / arresto;Chrysler;Daimler Jepp TD;Conducente;1971;M;Illeso;0;;Non accertato;Inesploso
3588787;20;07/12/2017 15:25:00;Strada Urbana;VIA FRANCESCO SAVERIO NITTI;in corrispondenza;;del civico n.;32;;Scontro frontale/laterale DX fra veicoli in marcia;Rettilineo;Una carreggiata a doppio senso;Asciutto;Asfaltata;Orizzontale;Nuvoloso;Normale;Buona;Ore Diurne;0;0;0;2;12,47202;41,94684;-1;2;Autovettura privata;In marcia / fermata / arresto;Mercedes;A 160;Conducente;1963;M;Illeso;0;;Non accertato;Inesploso
3588945;17;07/12/2017 13:20:00;Strada Urbana;LUNGOTEVERE DELLE ARMI;in prossimità;;del civico n.;20;;Scontro laterale fra veicoli in marcia;Rettilineo;Una carreggiata a senso unico di marcia;Asciutto;Asfaltata;Verticale ed orizzontale;Sereno;Normale;Buona;Ore Diurne;0;0;0;2;12,46949;41,91582;0;1;Autovettura privata;In marcia / fermata / arresto;Toyota;Auris;Conducente;1973;M;Illeso;0;;;
3588945;17;07/12/2017 13:20:00;Strada Urbana;LUNGOTEVERE DELLE ARMI;in prossimità;;del civico n.;20;;Scontro laterale fra veicoli in marcia;Rettilineo;Una carreggiata a senso unico di marcia;Asciutto;Asfaltata;Verticale ed orizzontale;Sereno;Normale;Buona;Ore Diurne;0;0;0;2;12,46949;41,91582;0;2;Motociclo a solo;In marcia / fermata / arresto;Triumph;Bonneville;Conducente;1979;M;Illeso;0;;;
3588998;18;07/12/2017 15:10:00;Strada Urbana;VIA GIAMBATTISTA PAGANO;in corrispondenza;;del civico n.;45;;Veicolo in marcia contro veicolo in sosta;Rettilineo;Una carreggiata a senso unico di marcia;Asciutto;Asfaltata;Verticale ed orizzontale;Sereno;Normale;Buona;Ore Diurne;0;0;0;1;12,42352;41,90091;0;1;Autocarro inferiore 35 q.;In marcia / fermata / arresto;Nissan;CabStar;Conducente;1971;M;Illeso;0;;Non accertato;Inesploso
3589002;13;07/12/2017 15:50:00;Strada Urbana;VIALE CARDINAL GINNASI;in corrispondenza;;del civico n.;28;;Scontro laterale fra veicoli in marcia;Rettilineo;Una carreggiata a doppio senso;Asciutto;Asfaltata;Verticale ed orizzontale;Nuvoloso;Normale;Buona;Ore Diurne;0;0;0;3;12,28135;41,73256;0;1;Autovettura privata;In marcia / fermata / arresto;Renault;Clio;Conducente;1986;M;Illeso;0;;Non accertato;Inesploso
3589002;13;07/12/2017 15:50:00;Strada Urbana;VIALE CARDINAL GINNASI;in corrispondenza;;del civico n.;28;;Scontro laterale fra veicoli in marcia;Rettilineo;Una carreggiata a doppio senso;Asciutto;Asfaltata;Verticale ed orizzontale;Nuvoloso;Normale;Buona;Ore Diurne;0;0;0;3;12,28135;41,73256;0;2;Autocarro inferiore 35 q.;In marcia / fermata / arresto;Hyundai;Santafè;Conducente;1949;M;Illeso;0;;Non accertato;Inesploso
3589002;13;07/12/2017 15:50:00;Strada Urbana;VIALE CARDINAL GINNASI;in corrispondenza;;del civico n.;28;;Scontro laterale fra veicoli in marcia;Rettilineo;Una carreggiata a doppio senso;Asciutto;Asfaltata;Verticale ed orizzontale;Nuvoloso;Normale;Buona;Ore Diurne;0;0;0;3;12,28135;41,73256;0;2;Autocarro inferiore 35 q.;In marcia / fermata / arresto;Hyundai;Santafè;Passeggero;1957;F;Illeso;0;;Non accertato;Inesploso
3589008;18;07/12/2017 15:50:00;Strada Urbana;VIA LEONE XIII;in corrispondenza;;del civico n.;459;;Scontro laterale fra veicoli in marcia;Rettilineo;Due carreggiate;Asciutto;Asfaltata;Verticale ed orizzontale;Sereno;Normale;Buona;Ore Diurne;0;0;0;2;12,43798;41,89227;-1;1;Motociclo a solo;In marcia / fermata / arresto;Yamaha;X - MAX;Conducente;1976;M;Illeso;0;;Non accertato;
3589008;18;07/12/2017 15:50:00;Strada Urbana;VIA LEONE XIII;in corrispondenza;;del civico n.;459;;Scontro laterale fra veicoli in marcia;Rettilineo;Due carreggiate;Asciutto;Asfaltata;Verticale ed orizzontale;Sereno;Normale;Buona;Ore Diurne;0;0;0;2;12,43798;41,89227;-1;2;Autovettura privata;In marcia / fermata / arresto;Citroen;DS3;Conducente;1988;M;Illeso;0;;Non accertato;Inesploso
3589057;10;07/12/2017 17:50:00;Strada Urbana;VIA ANAGNINA;in prossimità;;del civico n.;470;;Tamponamento;Rettilineo;Una carreggiata a senso unico di marcia;Asciutto;Asfaltata;Orizzontale;Nuvoloso;Intenso;Buona;Sufficiente;0;0;0;3;;;0;1;Autovettura privata;In marcia / fermata / arresto;Toyota;Rav 4;Conducente;1950;M;Illeso;0;;Non accertato;Inesploso
3589057;10;07/12/2017 17:50:00;Strada Urbana;VIA ANAGNINA;in prossimità;;del civico n.;470;;Tamponamento;Rettilineo;Una carreggiata a senso unico di marcia;Asciutto;Asfaltata;Orizzontale;Nuvoloso;Intenso;Buona;Sufficiente;0;0;0;3;;;0;1;Autovettura privata;In marcia / fermata / arresto;Toyota;Rav 4;Passeggero;1958;F;Illeso;0;;Non accertato;Inesploso
3589057;10;07/12/2017 17:50:00;Strada Urbana;VIA ANAGNINA;in prossimità;;del civico n.;470;;Tamponamento;Rettilineo;Una carreggiata a senso unico di marcia;Asciutto;Asfaltata;Orizzontale;Nuvoloso;Intenso;Buona;Sufficiente;0;0;0;3;;;0;2;Autovettura privata;In marcia / fermata / arresto;Mini;Countryman;Conducente;1963;M;Illeso;0;;Non accertato;Inesploso
3589074;2;07/12/2017 15:55:00;;VIA TANARO;all'intersezione con;VIA ARNO;VIA ARNO;;;Scontro frontale/laterale SX fra veicoli in marcia;;;;;;;;;;0;0;0;2;;;0;1;Autovettura privata;In marcia / fermata / arresto;Fiat;Panda;Conducente;1940;F;Illeso;0;;;
3589074;2;07/12/2017 15:55:00;;VIA TANARO;all'intersezione con;VIA ARNO;VIA ARNO;;;Scontro frontale/laterale SX fra veicoli in marcia;;;;;;;;;;0;0;0;2;;;0;2;Autovettura privata;In marcia / fermata / arresto;Fiat;500 L;Conducente;1986;M;Illeso;0;;;
3589079;13;07/12/2017 15:55:00;Strada Urbana;VIALE DELLA PINETA DI OSTIA;all'intersezione con;VIA S. QUIRIACO;VIA S. QUIRIACO;;;Scontro frontale/laterale DX fra veicoli in marcia;Incrocio;Una carreggiata a doppio senso;Asciutto;Asfaltata;Verticale ed orizzontale;Nuvoloso;Normale;Buona;Ore Diurne;0;0;0;2;12,28331;41,72861;-1;1;Autocarro inferiore 35 q.;In marcia / fermata / arresto;Fiat;Ducato;Conducente;1994;M;Illeso;0;;Non accertato;Inesploso
3589079;13;07/12/2017 15:55:00;Strada Urbana;VIALE DELLA PINETA DI OSTIA;all'intersezione con;VIA S. QUIRIACO;VIA S. QUIRIACO;;;Scontro frontale/laterale DX fra veicoli in marcia;Incrocio;Una carreggiata a doppio senso;Asciutto;Asfaltata;Verticale ed orizzontale;Nuvoloso;Normale;Buona;Ore Diurne;0;0;0;2;12,28331;41,72861;-1;2;Autovettura privata;In marcia / fermata / arresto;Citroen;(ignoto);Conducente;1978;M;Illeso;0;;Non accertato;Inesploso
3589082;9;07/12/2017 07:50:00;;VIA VETURIA;all'intersezione con;VIA TARQUINIO PRISCO;VIA TARQUINIO PRISCO;;;Scontro frontale/laterale SX fra veicoli in marcia;;;;;;;;;;1;0;0;2;12,52339;41,87756;0;1;Autovettura privata;In marcia / fermata / arresto;Renault;Megane;Conducente;1970;M;Illeso;0;;Non accertato;Inesploso
3589082;9;07/12/2017 07:50:00;;VIA VETURIA;all'intersezione con;VIA TARQUINIO PRISCO;VIA TARQUINIO PRISCO;;;Scontro frontale/laterale SX fra veicoli in marcia;;;;;;;;;;1;0;0;2;12,52339;41,87756;0;1;Autovettura privata;In marcia / fermata / arresto;Renault;Megane;Passeggero;1971;F;Illeso;0;;Non accertato;Inesploso
3589082;9;07/12/2017 07:50:00;;VIA VETURIA;all'intersezione con;VIA TARQUINIO PRISCO;VIA TARQUINIO PRISCO;;;Scontro frontale/laterale SX fra veicoli in marcia;;;;;;;;;;1;0;0;2;12,52339;41,87756;0;2;Motociclo a solo;In marcia / fermata / arresto;Suzuki;Burgman;Conducente;1965;M;Rimandato;0;NON DECEDUTO;Non accertato;
3589084;9;07/12/2017 12:30:00;;VIA TUSCOLANA;da specificare;;;;fronte civico 692;Scontro laterale fra veicoli in marcia;;;;;;;;;;1;0;0;0;12,54222;41,86605;0;2;Motociclo a solo;In marcia / fermata / arresto;Honda;SH 150;Conducente;1974;M;Rimandato;0;NON DECEDUTO;Non accertato;
3589087;7;07/12/2017 17:10:00;Strada Urbana;VIALE GIORGIO DE CHIRICO;in prossimità;;del palo luce n.;14;;Scontro laterale fra veicoli in marcia;Rettilineo;Due carreggiate;Asciutto;Asfaltata;Verticale ed orizzontale;Nuvoloso;Normale;Buona;Ore Diurne;5;0;0;0;12,5874;41,89873;-1;1;Autovettura privata;In marcia / fermata / arresto;Fiat;Punto;Conducente;1997;M;Rimandato;0;NON DECEDUTO;Non accertato;Esploso
3589087;7;07/12/2017 17:10:00;Strada Urbana;VIALE GIORGIO DE CHIRICO;in prossimità;;del palo luce n.;14;;Scontro laterale fra veicoli in marcia;Rettilineo;Due carreggiate;Asciutto;Asfaltata;Verticale ed orizzontale;Nuvoloso;Normale;Buona;Ore Diurne;5;0;0;0;12,5874;41,89873;-1;2;Autovettura privata;In marcia / fermata / arresto;Fiat;500;Conducente;1994;M;Rimandato;0;NON DECEDUTO;Non accertato;Inesploso