Protocollo;Gruppo;DataOraIncidente;Localizzazione1;STRADA1;Localizzazione2;STRADA2;Strada02;Chilometrica;DaSpecificare;NaturaIncidente;particolaritastrade;TipoStrada;FondoStradale;Pavimentazione;Segnaletica;CondizioneAtmosferica;Traffico;Visibilita;Illuminazione;NUM_FERITI;NUM_RISERVATA;NUM_MORTI;NUM_ILLESI;Longitudine;Latitudine;Confermato;Progressivo;TipoVeicolo;StatoVeicolo;Marca;Modello;TipoPersona;AnnoNascita;Sesso;Tipolesione;Deceduto;DecedutoDopo;CinturaCascoUtilizzato;Airbag;
3589087;7;07/12/2017 17:10:00;Strada Urbana;VIALE GIORGIO DE CHIRICO;in prossimità;;del palo luce n.;14;;Scontro laterale fra veicoli in marcia;Rettilineo;Due carreggiate;Asciutto;Asfaltata;Verticale ed orizzontale;Nuvoloso;Normale;Buona;Ore Diurne;5;0;0;0;12,5874;41,89873;-1;2;Autovettura privata;In marcia / fermata / arresto;Fiat;500;Passeggero;1993;F;Rimandato;0;NON DECEDUTO;;
3589087;7;07/12/2017 17:10:00;Strada Urbana;VIALE GIORGIO DE CHIRICO;in prossimità;;del palo luce n.;14;;Scontro laterale fra veicoli in marcia;Rettilineo;Due carreggiate;Asciutto;Asfaltata;Verticale ed orizzontale;Nuvoloso;Normale;Buona;Ore Diurne;5;0;0;0;12,5874;41,89873;-1;2;Autovettura privata;In marcia / fermata / arresto;Fiat;500;Passeggero;1997;F;Rimandato;0;NON DECEDUTO;;
3589087;7;07/12/2017 17:10:00;Strada Urbana;VIALE GIORGIO DE CHIRICO;in prossimità;;del palo luce n.;14;;Scontro laterale fra veicoli in marcia;Rettilineo;Due carreggiate;Asciutto;Asfaltata;Verticale ed orizzontale;Nuvoloso;Normale;Buona;Ore Diurne;5;0;0;0;12,5874;41,89873;-1;2;Autovettura privata;In marcia / fermata / arresto;Fiat;500;Passeggero;2016;F;Rimandato;0;NON DECEDUTO;;
3589575;19;07/12/2017 17:45:00;Strada Urbana;VIA DEI BRUNO;da specificare;;;;alt. civ. 3;Investimento di pedone;Rettilineo;Una carreggiata a senso unico di marcia;Asciutto;Asfaltata;Verticale;Sereno;Normale;Buona;Sufficiente;1;0;1;1;12,41458;41,92914;-1;;;;;;Pedone;1939;F;Deceduto durante prime cure;-1;;;
3589575;19;07/12/2017 17:45:00;Strada Urbana;VIA DEI BRUNO;da specificare;;;;alt. civ. 3;Investimento di pedone;Rettilineo;Una carreggiata a senso unico di marcia;Asciutto;Asfaltata;Verticale;Sereno;Normale;Buona;Sufficiente;1;0;1;1;12,41458;41,92914;-1;;;;;;Pedone;1945;F;Rimandato;0;NON DECEDUTO;;
3589575;19;07/12/2017 17:45:00;Strada Urbana;VIA DEI BRUNO;da specificare;;;;alt. civ. 3;Investimento di pedone;Rettilineo;Una carreggiata a senso unico di marcia;Asciutto;Asfaltata;Verticale;Sereno;Normale;Buona;Sufficiente;1;0;1;1;12,41458;41,92914;-1;1;Autovettura privata;In marcia / fermata / arresto;Porsche;cayenne;Conducente;1968;M;Illeso;0;;Non accertato;
3589699;23;08/12/2017 01:00:00;Strada Urbana;VIA PINDARO;in prossimità;;del civico n.;38;;Scontro laterale fra veicoli in marcia;Pianeggiante;Una carreggiata a doppio senso;Asciutto;Asfaltata;Assente;Nuvoloso;Scarso;Sufficiente;Sufficiente;0;0;0;6;12,36644;41,75731;-1;1;Autovettura privata;In marcia / fermata / arresto;Toyota;Yaris;Conducente;1996;M;Illeso;0;;Non accertato;Inesploso
3589699;23;08/12/2017 01:00:00;Strada Urbana;VIA PINDARO;in prossimità;;del civico n.;38;;Scontro laterale fra veicoli in marcia;Pianeggiante;Una carreggiata a doppio senso;Asciutto;Asfaltata;Assente;Nuvoloso;Scarso;Sufficiente;Sufficiente;0;0;0;6;12,36644;41,75731;-1;1;Autovettura privata;In marcia / fermata / arresto;Toyota;Yaris;Passeggero;1998;F;Illeso;0;;Non accertato;Inesploso
3589699;23;08/12/2017 01:00:00;Strada Urbana;VIA PINDARO;in prossimità;;del civico n.;38;;Scontro laterale fra veicoli in marcia;Pianeggiante;Una carreggiata a doppio senso;Asciutto;Asfaltata;Assente;Nuvoloso;Scarso;Sufficiente;Sufficiente;0;0;0;6;12,36644;41,75731;-1;1;Autovettura privata;In marcia / fermata / arresto;Toyota;Yaris;Passeggero;1998;M;Illeso;0;;Non accertato;Inesploso
3589699;23;08/12/2017 01:00:00;Strada Urbana;VIA PINDARO;in prossimità;;del civico n.;38;;Scontro laterale fra veicoli in marcia;Pianeggiante;Una carreggiata a doppio senso;Asciutto;Asfaltata;Assente;Nuvoloso;Scarso;Sufficiente;Sufficiente;0;0;0;6;12,36644;41,75731;-1;2;Autovettura privata;In marcia / fermata / arresto;Alfa Lancia;Y;Conducente;1962;F;Illeso;0;;Non accertato;Inesploso
3589729;23;07/12/2017 14:50:00;Strada Urbana;VIALE AVENTINO;all'intersezione semaforizzata con;VIA DI S. PRISCA;VIA DI S. PRISCA;;;Scontro frontale/laterale DX fra veicoli in marcia;Intersezione semaforizzata;Più di due carreggiate;Asciutto;Asfaltata;Verticale ed orizzontale;Sereno;Normale;Buona;Ore Diurne;0;0;0;2;12,48681;41,88242;0;1;Autovettura privata;In marcia / fermata / arresto;Smart ;-;Conducente;1953;F;Illeso;0;;Non accertato;Inesploso
3589729;23;07/12/2017 14:50:00;Strada Urbana;VIALE AVENTINO;all'intersezione semaforizzata con;VIA DI S. PRISCA;VIA DI S. PRISCA;;;Scontro frontale/laterale DX fra veicoli in marcia;Intersezione semaforizzata;Più di due carreggiate;Asciutto;Asfaltata;Verticale ed orizzontale;Sereno;Normale;Buona;Ore Diurne;0;0;0;2;12,48681;41,88242;0;2;Ciclomotore;In marcia / fermata / arresto;Piaggio;Liberty;Conducente;1992;M;Illeso;0;;Non accertato;
3589741;1;06/12/2017 19:40:00;Strada Urbana;VIA ANTONIO PACINOTTI;da specificare;;;;altezza piazzale della Radio;Investimento di pedone;Rettilineo;Una carreggiata a doppio senso;Asciutto;Asfaltata;Verticale ed orizzontale;Sereno;Normale;Sufficiente;Sufficiente;1;0;0;1;;;0;;;;;;Pedone;1958;F;Ricoverato;0;NON DECEDUTO;;
3589741;1;06/12/2017 19:40:00;Strada Urbana;VIA ANTONIO PACINOTTI;da specificare;;;;altezza piazzale della Radio;Investimento di pedone;Rettilineo;Una carreggiata a doppio senso;Asciutto;Asfaltata;Verticale ed orizzontale;Sereno;Normale;Sufficiente;Sufficiente;1;0;0;1;;;0;1;Motociclo a solo;In marcia / fermata / arresto;Honda;SH 150;Conducente;1980;M;Illeso;0;;Non accertato;
3589743;23;07/12/2017 18:40:00;Comunale extraurbana;VIA CRISTOFORO COLOMBO;all'intersezione semaforizzata con;VIA DEL CANALE DELLA LINGUA;VIA DEL CANALE DELLA LINGUA;;;Scontro frontale/laterale DX fra veicoli in marcia;Intersezione semaforizzata;Più di due carreggiate;Asciutto;Asfaltata;Verticale ed orizzontale;Sereno;Scarso;Buona;Sufficiente;1;0;0;3;12,34548;41,73659;0;1;Autovettura privata;In marcia / fermata / arresto;Fiat;Punto;Conducente;1980;M;Illeso;0;;Non accertato;Esploso
3589743;23;07/12/2017 18:40:00;Comunale extraurbana;VIA CRISTOFORO COLOMBO;all'intersezione semaforizzata con;VIA DEL CANALE DELLA LINGUA;VIA DEL CANALE DELLA LINGUA;;;Scontro frontale/laterale DX fra veicoli in marcia;Intersezione semaforizzata;Più di due carreggiate;Asciutto;Asfaltata;Verticale ed orizzontale;Sereno;Scarso;Buona;Sufficiente;1;0;0;3;12,34548;41,73659;0;2;Autovettura privata;In marcia / fermata / arresto;Fiat-Lancia;YPSILON;Conducente;1946;F;Illeso;0;;Non accertato;Esploso
3589743;23;07/12/2017 18:40:00;Comunale extraurbana;VIA CRISTOFORO COLOMBO;all'intersezione semaforizzata con;VIA DEL CANALE DELLA LINGUA;VIA DEL CANALE DELLA LINGUA;;;Scontro frontale/laterale DX fra veicoli in marcia;Intersezione semaforizzata;Più di due carreggiate;Asciutto;Asfaltata;Verticale ed orizzontale;Sereno;Scarso;Buona;Sufficiente;1;0;0;3;12,34548;41,73659;0;2;Autovettura privata;In marcia / fermata / arresto;Fiat-Lancia;YPSILON;Passeggero;2005;M;Illeso;0;;Non accertato;
3589743;23;07/12/2017 18:40:00;Comunale extraurbana;VIA CRISTOFORO COLOMBO;all'intersezione semaforizzata con;VIA DEL CANALE DELLA LINGUA;VIA DEL CANALE DELLA LINGUA;;;Scontro frontale/laterale DX fra veicoli in marcia;Intersezione semaforizzata;Più di due carreggiate;Asciutto;Asfaltata;Verticale ed orizzontale;Sereno;Scarso;Buona;Sufficiente;1;0;0;3;12,34548;41,73659;0;2;Autovettura privata;In marcia / fermata / arresto;Fiat-Lancia;YPSILON;Passeggero;2006;M;Rifiuta cure immediate;0;NON DECEDUTO;Non accertato;
3589852;2;08/12/2017 08:00:00;Strada Urbana;VIA NOMENTANA;all'intersezione semaforizzata con;VIA ASMARA;VIA ASMARA;;;Scontro frontale/laterale DX fra veicoli in marcia;Intersezione semaforizzata;Più di due carreggiate;Asciutto;Asfaltata;Verticale ed orizzontale;Nuvoloso;Scarso;Buona;Ore Diurne;1;0;0;1;12,52197;41,92525;0;1;Motociclo a solo;In marcia / fermata / arresto;Piaggio;Beverly;Conducente;1985;F;Rimandato;0;NON DECEDUTO;Non accertato;
3589852;2;08/12/2017 08:00:00;Strada Urbana;VIA NOMENTANA;all'intersezione semaforizzata con;VIA ASMARA;VIA ASMARA;;;Scontro frontale/laterale DX fra veicoli in marcia;Intersezione semaforizzata;Più di due carreggiate;Asciutto;Asfaltata;Verticale ed orizzontale;Nuvoloso;Scarso;Buona;Ore Diurne;1;0;0;1;12,52197;41,92525;0;2;Autovettura privata;In marcia / fermata / arresto;Citroen;Xsara;Conducente;1933;F;Illeso;0;;Non accertato;
3589928;15;08/12/2017 13:00:00;Strada Urbana;VIA DEL TRULLO;all'intersezione con;VIA DI VIGNA CONSORTI;VIA DI VIGNA CONSORTI;;;Scontro frontale/laterale SX fra veicoli in marcia;Incrocio;Due carreggiate;Asciutto;Asfaltata;Verticale;Nuvoloso;Scarso;Buona;Ore Diurne;1;0;0;1;;;0;1;Autovettura privata;In marcia / fermata / arresto;Fiat;600;Conducente;1965;M;Illeso;0;;Non accertato;Inesploso
3589928;15;08/12/2017 13:00:00;Strada Urbana;VIA DEL TRULLO;all'intersezione con;VIA DI VIGNA CONSORTI;VIA DI VIGNA CONSORTI;;;Scontro frontale/laterale SX fra veicoli in marcia;Incrocio;Due carreggiate;Asciutto;Asfaltata;Verticale;Nuvoloso;Scarso;Buona;Ore Diurne;1;0;0;1;;;0;2;Motociclo a solo;In marcia / fermata / arresto;Honda;CBR 600;Conducente;1996;M;Rimandato;0;NON DECEDUTO;Non accertato;
3590226;2;08/12/2017 16:00:00;Strada Urbana;VIA DEL FORO ITALICO;in prossimità;;del palo luce n.;310;;Scontro laterale fra veicoli in marcia;Rettilineo;Due carreggiate;Asciutto;Asfaltata;Verticale ed orizzontale;Nuvoloso;Normale;Buona;Ore Diurne;3;0;0;2;12,49945;41,94054;0;1;Autovettura privata;In marcia / fermata / arresto;Alfa Romeo;147;Conducente;1963;M;Illeso;0;;Non accertato;Esploso
3590226;2;08/12/2017 16:00:00;Strada Urbana;VIA DEL FORO ITALICO;in prossimità;;del palo luce n.;310;;Scontro laterale fra veicoli in marcia;Rettilineo;Due carreggiate;Asciutto;Asfaltata;Verticale ed orizzontale;Nuvoloso;Normale;Buona;Ore Diurne;3;0;0;2;12,49945;41,94054;0;2;Autovettura privata;In marcia / fermata / arresto;Smart ;-;Conducente;1943;F;Rifiuta cure immediate;0;NON DECEDUTO;Non accertato;
3590226;2;08/12/2017 16:00:00;Strada Urbana;VIA DEL FORO ITALICO;in prossimità;;del palo luce n.;310;;Scontro laterale fra veicoli in marcia;Rettilineo;Due carreggiate;Asciutto;Asfaltata;Verticale ed orizzontale;Nuvoloso;Normale;Buona;Ore Diurne;3;0;0;2;12,49945;41,94054;0;3;Autovettura privata;In marcia / fermata / arresto;Toyota;Aygo;Conducente;1981;F;Rifiuta cure immediate;0;NON DECEDUTO;Non accertato;
3590226;2;08/12/2017 16:00:00;Strada Urbana;VIA DEL FORO ITALICO;in prossimità;;del palo luce n.;310;;Scontro laterale fra veicoli in marcia;Rettilineo;Due carreggiate;Asciutto;Asfaltata;Verticale ed orizzontale;Nuvoloso;Normale;Buona;Ore Diurne;3;0;0;2;12,49945;41,94054;0;4;Autovettura privata;In marcia / fermata / arresto;Fiat;Seicento;Conducente;1990;M;Rifiuta cure immediate;0;NON DECEDUTO;;Esploso
3590226;2;08/12/2017 16:00:00;Strada Urbana;VIA DEL FORO ITALICO;in prossimità;;del palo luce n.;310;;Scontro laterale fra veicoli in marcia;Rettilineo;Due carreggiate;Asciutto;Asfaltata;Verticale ed orizzontale;Nuvoloso;Normale;Buona;Ore Diurne;3;0;0;2;12,49945;41,94054;0;5;Autovettura privata;In marcia / fermata / arresto;Fiat;500 L;Conducente;1968;M;Illeso;0;;Non accertato;Inesploso
3590263;9;07/12/2017 17:35:00;;VIA ASTURA;all'intersezione con;VIA ETRURIA;VIA ETRURIA;;;Scontro laterale fra veicoli in marcia;;;;;;;;;;0;0;0;3;12,50955;41,87979;0;1;Autovettura privata;In marcia / fermata / arresto;Mini;clubman;Conducente;1991;M;Illeso;0;;;
3590263;9;07/12/2017 17:35:00;;VIA ASTURA;all'intersezione con;VIA ETRURIA;VIA ETRURIA;;;Scontro laterale fra veicoli in marcia;;;;;;;;;;0;0;0;3;12,50955;41,87979;0;1;Autovettura privata;In marcia / fermata / arresto;Mini;clubman;Passeggero;0;M;Illeso;0;;;
3590263;9;07/12/2017 17:35:00;;VIA ASTURA;all'intersezione con;VIA ETRURIA;VIA ETRURIA;;;Scontro laterale fra veicoli in marcia;;;;;;;;;;0;0;0;3;12,50955;41,87979;0;2;Motociclo a solo;In marcia / fermata / arresto;Suzuki;Burgman;Conducente;1977;M;Illeso;0;;;
3590266;9;08/12/2017 07:45:00;;VIA SALUZZO;in prossimità;;del civico n.;32;;Veicolo in marcia contro veicolo in sosta;;;;;;;;;;0;0;0;1;;;0;1;Autovettura privata;In marcia / fermata / arresto;Citroen;C 3 Picasso;Conducente;1981;M;Illeso;0;;;
3590272;9;08/12/2017 12:00:00;;VIA TUSCOLANA;in corrispondenza;;del civico n.;306;;Scontro laterale fra veicoli in marcia;;;;;;;;;;1;0;0;3;;;0;1;Autocarro inferiore 35 q.;In marcia / fermata / arresto;Volkswagen;Crafter;Conducente;0;M;Illeso;0;;;
3590272;9;08/12/2017 12:00:00;;VIA TUSCOLANA;in corrispondenza;;del civico n.;306;;Scontro laterale fra veicoli in marcia;;;;;;;;;;1;0;0;3;;;0;1;Autocarro inferiore 35 q.;In marcia / fermata / arresto;Volkswagen;Crafter;Passeggero;0;M;Illeso;0;;;
3590272;9;08/12/2017 12:00:00;;VIA TUSCOLANA;in corrispondenza;;del civico n.;306;;Scontro laterale fra veicoli in marcia;;;;;;;;;;1;0;0;3;;;0;2;Motociclo a solo;In marcia / fermata / arresto;Suzuki;Epicuro;Conducente;1989;M;Rimandato;0;NON DECEDUTO;;
3590279;9;08/12/2017 15:30:00;;VIA TERNI;all'intersezione con;VIA ORVIETO;VIA ORVIETO;;;Scontro frontale/laterale SX fra veicoli in marcia;;;;;;;;;;0;0;0;2;;;0;1;Autovettura privata;In marcia / fermata / arresto;Ford;Focus SW;Conducente;1979;M;Illeso;0;;;
3590279;9;08/12/2017 15:30:00;;VIA TERNI;all'intersezione con;VIA ORVIETO;VIA ORVIETO;;;Scontro frontale/laterale SX fra veicoli in marcia;;;;;;;;;;0;0;0;2;;;0;2;Autovettura privata;In marcia / fermata / arresto;Lancia;Y;Conducente;1992;M;Illeso;0;;;
3590556;11;07/12/2017 09:10:00;Strada Urbana;VIA AUGUSTO VERA;in prossimità;;del civico n.;24;;Veicolo in marcia contro veicolo arresto;Rettilineo;Due carreggiate;Asciutto;Asfaltata;Verticale ed orizzontale;Sereno;Normale;Buona;Ore Diurne;1;0;0;1;12,48722;41,84514;-1;1;Motociclo a solo;In marcia / fermata / arresto;Honda;SH 150;Conducente;1982;M;Rifiuta cure immediate;0;NON DECEDUTO;Non accertato;
3590556;11;07/12/2017 09:10:00;Strada Urbana;VIA AUGUSTO VERA;in prossimità;;del civico n.;24;;Veicolo in marcia contro veicolo arresto;Rettilineo;Due carreggiate;Asciutto;Asfaltata;Verticale ed orizzontale;Sereno;Normale;Buona;Ore Diurne;1;0;0;1;12,48722;41,84514;-1;2;Autovettura privata;In marcia / fermata / arresto;Fiat;Punto;Conducente;1973;F;Illeso;0;;Non accertato;
3590557;11;07/12/2017 12:40:00;Strada Urbana;PIAZZALE DEI CADUTI DELLA MONTAGNOLA;all'intersezione semaforizzata con;VIA BALDASSARRE CASTIGLIONE;VIA BALDASSARRE CASTIGLIONE;;;Scontro frontale/laterale DX fra veicoli in marcia;Intersezione semaforizzata;Due carreggiate;Asciutto;Asfaltata;Verticale ed orizzontale;Nuvoloso;Normale;Buona;Ore Diurne;0;0;0;3;12,48353;41,8453;-1;1;Autovettura privata;In marcia / fermata / arresto;Opel;AGILA;Conducente;1950;F;Illeso;0;;Non accertato;
3590557;11;07/12/2017 12:40:00;Strada Urbana;PIAZZALE DEI CADUTI DELLA MONTAGNOLA;all'intersezione semaforizzata con;VIA BALDASSARRE CASTIGLIONE;VIA BALDASSARRE CASTIGLIONE;;;Scontro frontale/laterale DX fra veicoli in marcia;Intersezione semaforizzata;Due carreggiate;Asciutto;Asfaltata;Verticale ed orizzontale;Nuvoloso;Normale;Buona;Ore Diurne;0;0;0;3;12,48353;41,8453;-1;1;Autovettura privata;In marcia / fermata / arresto;Opel;AGILA;Passeggero;1949;M;Illeso;0;;Non accertato;
3590557;11;07/12/2017 12:40:00;Strada Urbana;PIAZZALE DEI CADUTI DELLA MONTAGNOLA;all'intersezione semaforizzata con;VIA BALDASSARRE CASTIGLIONE;VIA BALDASSARRE CASTIGLIONE;;;Scontro frontale/laterale DX fra veicoli in marcia;Intersezione semaforizzata;Due carreggiate;Asciutto;Asfaltata;Verticale ed orizzontale;Nuvoloso;Normale;Buona;Ore Diurne;0;0;0;3;12,48353;41,8453;-1;2;Autovettura privata;In marcia / fermata / arresto;Volkswagen;Caravelle;Conducente;1955;M;Illeso;0;;Non accertato;
3590566;11;07/12/2017 10:00:00;Strada Urbana;VIALE LEONARDO DA VINCI;in prossimità;;del civico n.;98;;Scontro frontale/laterale SX fra veicoli in marcia;Rettilineo;Due carreggiate;Asciutto;Asfaltata;Verticale ed orizzontale;Nuvoloso;Scarso;Buona;Ore Diurne;0;0;0;3;12,48064;41,85831;0;1;Autovettura privata;In marcia / fermata / arresto;Toyota;Avensis;Conducente;1953;F;Illeso;0;;Non accertato;Inesploso
3590566;11;07/12/2017 10:00:00;Strada Urbana;VIALE LEONARDO DA VINCI;in prossimità;;del civico n.;98;;Scontro frontale/laterale SX fra veicoli in marcia;Rettilineo;Due carreggiate;Asciutto;Asfaltata;Verticale ed orizzontale;Nuvoloso;Scarso;Buona;Ore Diurne;0;0;0;3;12,48064;41,85831;0;2;Autovettura privata;In marcia / fermata / arresto;Citroen;Berlingo;Conducente;1944;M;Illeso;0;;Non accertato;Inesploso
3590566;11;07/12/2017 10:00:00;Strada Urbana;VIALE LEONARDO DA VINCI;in prossimità;;del civico n.;98;;Scontro frontale/laterale SX fra veicoli in marcia;Rettilineo;Due carreggiate;Asciutto;Asfaltata;Verticale ed orizzontale;Nuvoloso;Scarso;Buona;Ore Diurne;0;0;0;3;12,48064;41,85831;0;2;Autovettura privata;In marcia / fermata / arresto;Citroen;Berlingo;Passeggero;1950;F;Illeso;0;;Non accertato;Inesploso
3590569;11;07/12/2017 16:20:00;Strada Urbana;VIALE GIUSTINIANO IMPERATORE;da specificare;;;;fronte Via G. GOZZI;Scontro frontale fra veicoli in marcia;Rettilineo;Una carreggiata a doppio senso;Asciutto;Asfaltata;Verticale ed orizzontale;Sereno;Normale;Buona;Ore Diurne;0;0;0;2;12,47879;41,85667;-1;1;Autovettura privata;In marcia / fermata / arresto;Toyota;Yaris;Conducente;1963;F;Illeso;0;;Non accertato;
3590569;11;07/12/2017 16:20:00;Strada Urbana;VIALE GIUSTINIANO IMPERATORE;da specificare;;;;fronte Via G. GOZZI;Scontro frontale fra veicoli in marcia;Rettilineo;Una carreggiata a doppio senso;Asciutto;Asfaltata;Verticale ed orizzontale;Sereno;Normale;Buona;Ore Diurne;0;0;0;2;12,47879;41,85667;-1;2;Autovettura privata;In marcia / fermata / arresto;Fiat;500 X;Conducente;1982;M;Illeso;0;;Non accertato;
3590576;11;08/12/2017 05:30:00;Strada Urbana;VIA PORTUENSE;in corrispondenza;;del civico n.;95e;;Scontro frontale fra veicoli in marcia;Rettilineo;Più di due carreggiate;Bagnato (umidità in atto);Asfaltata;Verticale ed orizzontale;Nuvoloso;Scarso;Sufficiente;Sufficiente;0;0;0;1;12,46821;41,8778;0;1;Autovettura privata;In marcia / fermata / arresto;Toyota;Yaris;Conducente;1988;M;Illeso;0;;;
3590586;11;09/12/2017 00:10:00;Strada Urbana;VIA CRISTOFORO COLOMBO;da specificare;;;;prossimità pino 2501;Tamponamento;Rettilineo;Più di due carreggiate;Bagnato (umidità in atto);Asfaltata;Verticale ed orizzontale;Nuvoloso;Scarso;Insufficiente;Inesistente;3;0;0;0;12,3834;41,7651;0;1;Autovettura privata;In marcia / fermata / arresto;Ford;Fiesta;Conducente;1976;F;Rifiuta cure immediate;0;NON DECEDUTO;Non accertato;
3590586;11;09/12/2017 00:10:00;Strada Urbana;VIA CRISTOFORO COLOMBO;da specificare;;;;prossimità pino 2501;Tamponamento;Rettilineo;Più di due carreggiate;Bagnato (umidità in atto);Asfaltata;Verticale ed orizzontale;Nuvoloso;Scarso;Insufficiente;Inesistente;3;0;0;0;12,3834;41,7651;0;2;Autovettura privata;In marcia / fermata / arresto;Nissan;Note;Conducente;1984;M;Rimandato;0;NON DECEDUTO;Non accertato;
3590586;11;09/12/2017 00:10:00;Strada Urbana;VIA CRISTOFORO COLOMBO;da specificare;;;;prossimità pino 2501;Tamponamento;Rettilineo;Più di due carreggiate;Bagnato (umidità in atto);Asfaltata;Verticale ed orizzontale;Nuvoloso;Scarso;Insufficiente;Inesistente;3;0;0;0;12,3834;41,7651;0;2;Autovettura privata;In marcia / fermata / arresto;Nissan;Note;Passeggero;1990;F;Rimandato;0;NON DECEDUTO;Non accertato;
3590590;11;09/12/2017 03:30:00;Strada Urbana;VIA DEL COMMERCIO;in corrispondenza;;del civico n.;42;;Veicolo in marcia contro veicoli in sosta;Rettilineo;Una carreggiata a doppio senso;Asciutto;Asfaltata;Verticale ed orizzontale;Sereno;Scarso;Sufficiente;Sufficiente;0;0;0;1;;;0;3;Autovettura privata;In marcia / fermata / arresto;Smart ;-;Conducente;1996;M;Illeso;0;;;
3590604;13;07/12/2017 19:30:00;;VIA ERNESTO BOEZI;all'intersezione con;VIA LEOPOLDO MUGNONE;VIA LEOPOLDO MUGNONE;;;Veicolo in marcia contro ostacolo accidentale;;;;;;;;;;0;0;0;1;12,36782;41,73847;0;1;Autovettura privata;In marcia / fermata / arresto;Ford;Fiesta;Conducente;1969;M;Illeso;0;;;
3590608;13;09/12/2017 17:30:00;;LUNGOMARE PAOLO TOSCANELLI;in corrispondenza;;del civico n.;15;;Investimento di pedone;;;;;;;;;;1;0;0;1;;;0;;;;;;Pedone;1958;M;Rimandato;0;NON DECEDUTO;;
3590608;13;09/12/2017 17:30:00;;LUNGOMARE PAOLO TOSCANELLI;in corrispondenza;;del civico n.;15;;Investimento di pedone;;;;;;;;;;1;0;0;1;;;0;1;Autovettura privata;In marcia / fermata / arresto;Mercedes;C220;Conducente;1960;M;Illeso;0;;;
3590612;13;07/12/2017 09:00:00;Strada Urbana;VIA CARLO BELLOSIO;all'intersezione con;VIA GIUSEPPE BONITO;VIA GIUSEPPE BONITO;;;Scontro frontale/laterale SX fra veicoli in marcia;Incrocio;Una carreggiata a doppio senso;Asciutto;Asfaltata;Assente;Nuvoloso;Scarso;Insufficiente;Ore Diurne;0;0;0;2;12,34032;41,77042;-1;1;Autovettura privata;In marcia / fermata / arresto;Fiat;Panda;Conducente;1985;F;Illeso;0;;Non accertato;Esploso
3590612;13;07/12/2017 09:00:00;Strada Urbana;VIA CARLO BELLOSIO;all'intersezione con;VIA GIUSEPPE BONITO;VIA GIUSEPPE BONITO;;;Scontro frontale/laterale SX fra veicoli in marcia;Incrocio;Una carreggiata a doppio senso;Asciutto;Asfaltata;Assente;Nuvoloso;Scarso;Insufficiente;Ore Diurne;0;0;0;2;12,34032;41,77042;-1;2;Autovettura privata;In marcia / fermata / arresto;Fiat;Punto;Conducente;1942;M;Illeso;0;;Non accertato;Inesploso
3590614;13;08/12/2017 21:25:00;;VIA DELL'APPAGLIATORE;all'intersezione con;VIA DELLE EBRIDI;VIA DELLE EBRIDI;;;Scontro frontale/laterale DX fra veicoli in marcia;;;;;;;;;;2;0;0;1;12,2643;41,73954;0;1;Autovettura privata;In marcia / fermata / arresto;Chevrolet;Kalos;Conducente;1998;M;Illeso;0;;;
3590614;13;08/12/2017 21:25:00;;VIA DELL'APPAGLIATORE;all'intersezione con;VIA DELLE EBRIDI;VIA DELLE EBRIDI;;;Scontro frontale/laterale DX fra veicoli in marcia;;;;;;;;;;2;0;0;1;12,2643;41,73954;0;2;Autovettura privata;In marcia / fermata / arresto;Ford;Fiesta;Conducente;1997;M;Rimandato;0;NON DECEDUTO;;
3590614;13;08/12/2017 21:25:00;;VIA DELL'APPAGLIATORE;all'intersezione con;VIA DELLE EBRIDI;VIA DELLE EBRIDI;;;Scontro frontale/laterale DX fra veicoli in marcia;;;;;;;;;;2;0;0;1;12,2643;41,73954;0;2;Autovettura privata;In marcia / fermata / arresto;Ford;Fiesta;Passeggero;0;M;Rimandato;0;NON DECEDUTO;;
3590617;13;08/12/2017 21:00:00;;VIALE FRA' ANDREA DI GIOVANNI;all'intersezione con;VIA MADRE COLOMBA GABRIEL;VIA MADRE COLOMBA GABRIEL;;;Scontro frontale/laterale SX fra veicoli in marcia;;;;;;;;;;2;0;0;0;12,34496;41,78027;0;1;Autovettura privata;In marcia / fermata / arresto;Renault;Captur;Conducente;1974;M;Rimandato;0;NON DECEDUTO;;
3590617;13;08/12/2017 21:00:00;;VIALE FRA' ANDREA DI GIOVANNI;all'intersezione con;VIA MADRE COLOMBA GABRIEL;VIA MADRE COLOMBA GABRIEL;;;Scontro frontale/laterale SX fra veicoli in marcia;;;;;;;;;;2;0;0;0;12,34496;41,78027;0;2;Autocarro inferiore 35 q.;In marcia / fermata / arresto;Fiat;Doblo';Conducente;1989;M;Rimandato;0;NON DECEDUTO;;
3590619;13;08/12/2017 13:30:00;Strada Urbana;VIA DI CASTEL FUSANO;all'intersezione semaforizzata con;VIA OSTIENSE;VIA OSTIENSE;;;Scontro laterale fra veicoli in marcia;Intersezione semaforizzata;Una carreggiata a doppio senso;Asciutto;Asfaltata;Verticale ed orizzontale;Sereno;Normale;Buona;Ore Diurne;0;0;0;3;12,30481;41,75856;-1;1;Autovettura privata;In marcia / fermata / arresto;Volkswagen;Lupo;Conducente;1994;M;Illeso;0;;Non accertato;Inesploso
3590619;13;08/12/2017 13:30:00;Strada Urbana;VIA DI CASTEL FUSANO;all'intersezione semaforizzata con;VIA OSTIENSE;VIA OSTIENSE;;;Scontro laterale fra veicoli in marcia;Intersezione semaforizzata;Una carreggiata a doppio senso;Asciutto;Asfaltata;Verticale ed orizzontale;Sereno;Normale;Buona;Ore Diurne;0;0;0;3;12,30481;41,75856;-1;1;Autovettura privata;In marcia / fermata / arresto;Volkswagen;Lupo;Passeggero;1995;F;Illeso;0;;;