Protocollo;Gruppo;DataOraIncidente;Localizzazione1;STRADA1;Localizzazione2;STRADA2;Strada02;Chilometrica;DaSpecificare;NaturaIncidente;particolaritastrade;TipoStrada;FondoStradale;Pavimentazione;Segnaletica;CondizioneAtmosferica;Traffico;Visibilita;Illuminazione;NUM_FERITI;NUM_RISERVATA;NUM_MORTI;NUM_ILLESI;Longitudine;Latitudine;Confermato;Progressivo;TipoVeicolo;StatoVeicolo;Marca;Modello;TipoPersona;AnnoNascita;Sesso;Tipolesione;Deceduto;DecedutoDopo;CinturaCascoUtilizzato;Airbag;
3590619;13;08/12/2017 13:30:00;Strada Urbana;VIA DI CASTEL FUSANO;all'intersezione semaforizzata con;VIA OSTIENSE;VIA OSTIENSE;;;Scontro laterale fra veicoli in marcia;Intersezione semaforizzata;Una carreggiata a doppio senso;Asciutto;Asfaltata;Verticale ed orizzontale;Sereno;Normale;Buona;Ore Diurne;0;0;0;3;12,30481;41,75856;-1;2;Autovettura privata;In marcia / fermata / arresto;BMW;X 1;Conducente;1979;M;Illeso;0;;Non accertato;Inesploso
3590622;20;07/12/2017 19:10:00;Strada Urbana;VIALE PAOLO BOSELLI;da specificare;;;;altezza palo ACEA n.9;Veicolo in marcia contro ostacolo fisso;Rettilineo;Due carreggiate;Asciutto;Asfaltata;Verticale ed orizzontale;Sereno;Normale;Sufficiente;Sufficiente;1;0;0;0;12,45844;41,9346;0;1;Motociclo a solo;In marcia / fermata / arresto;Honda;SH;Conducente;1957;M;Ricoverato;0;NON DECEDUTO;Non accertato;
3590629;13;08/12/2017 15:15:00;;VIA DELLA PARANZELLA;in corrispondenza;;del civico n.;59;;Veicolo in marcia contro veicolo in sosta;;;;;;;;;;0;0;0;2;12,27439;41,73353;0;1;Autovettura privata;In marcia / fermata / arresto;Fiat;500;Conducente;1960;M;Illeso;0;;;
3590629;13;08/12/2017 15:15:00;;VIA DELLA PARANZELLA;in corrispondenza;;del civico n.;59;;Veicolo in marcia contro veicolo in sosta;;;;;;;;;;0;0;0;2;12,27439;41,73353;0;2;Autocarro inferiore 35 q.;In marcia / fermata / arresto;Fiat;Doblo;Conducente;1967;M;Illeso;0;;;
3590632;13;08/12/2017 17:00:00;;VIA PIETRO ROMANI;in corrispondenza;;del civico n.;108;;Veicolo in marcia contro veicolo in sosta;;;;;;;;;;0;0;0;2;12,37087;41,74731;0;1;Autovettura privata;In marcia / fermata / arresto;Volkswagen;Golf;Conducente;1971;M;Illeso;0;;;
3590632;13;08/12/2017 17:00:00;;VIA PIETRO ROMANI;in corrispondenza;;del civico n.;108;;Veicolo in marcia contro veicolo in sosta;;;;;;;;;;0;0;0;2;12,37087;41,74731;0;2;Autovettura privata;Sosta;Audi;A4;Passeggero;1966;M;Illeso;0;;;
3590633;20;07/12/2017 09:15:00;Strada Urbana;VIA DELLA CAMILLUCCIA;da specificare;;;;fronte civico 623;Veicolo in marcia contro ostacolo fisso;Rettilineo;Una carreggiata a doppio senso;Asciutto;Asfaltata;Orizzontale;Sereno;Normale;Buona;Ore Diurne;0;0;0;1;12,4486;41,94284;-1;1;Autovettura privata;In marcia / fermata / arresto;Ford;KA;Conducente;1949;F;Illeso;0;;Non accertato;
3590634;13;08/12/2017 17:40:00;;VIA DI DRAGONE;in corrispondenza;;del civico n.;390;;Veicolo in marcia contro ostacolo accidentale;;;;;;;;;;0;0;0;3;12,33079;41,78586;0;1;Autovettura privata;In marcia / fermata / arresto;Honda;Civic;Conducente;1994;M;Illeso;0;;;
3590634;13;08/12/2017 17:40:00;;VIA DI DRAGONE;in corrispondenza;;del civico n.;390;;Veicolo in marcia contro ostacolo accidentale;;;;;;;;;;0;0;0;3;12,33079;41,78586;0;1;Autovettura privata;In marcia / fermata / arresto;Honda;Civic;Passeggero;1993;F;Illeso;0;;;
3590634;13;08/12/2017 17:40:00;;VIA DI DRAGONE;in corrispondenza;;del civico n.;390;;Veicolo in marcia contro ostacolo accidentale;;;;;;;;;;0;0;0;3;12,33079;41,78586;0;1;Autovettura privata;In marcia / fermata / arresto;Honda;Civic;Passeggero;1994;M;Illeso;0;;;
3590636;13;08/12/2017 08:30:00;Strada Urbana;PIAZZA TOLOSETTO FARINATA DEGLI UBERTI;da specificare;;;;nella rotatoria;Veicolo in marcia contro ostacolo fisso;Rotatoria;Due carreggiate;Bagnato (umidità in atto);Asfaltata;Verticale ed orizzontale;Nuvoloso;Scarso;Buona;Ore Diurne;0;0;0;1;12,29157;41,73518;-1;1;Autovettura privata;In marcia / fermata / arresto;Ford;Fiesta;Conducente;1984;M;Illeso;0;;Non accertato;Inesploso
3590641;20;08/12/2017 14:45:00;Strada Urbana;VIA MELEGNANO;in corrispondenza;;del civico n.;72;;Scontro frontale/laterale SX fra veicoli in marcia;Rettilineo;Una carreggiata a doppio senso;Asciutto;Asfaltata;Assente;Nuvoloso;Scarso;Buona;Ore Diurne;0;0;0;2;12,47901;42,00274;-1;1;Autovettura privata;In marcia / fermata / arresto;Fiat;Punto;Conducente;1998;M;Illeso;0;;Non accertato;Inesploso
3590641;20;08/12/2017 14:45:00;Strada Urbana;VIA MELEGNANO;in corrispondenza;;del civico n.;72;;Scontro frontale/laterale SX fra veicoli in marcia;Rettilineo;Una carreggiata a doppio senso;Asciutto;Asfaltata;Assente;Nuvoloso;Scarso;Buona;Ore Diurne;0;0;0;2;12,47901;42,00274;-1;2;Autovettura privata;In marcia / fermata / arresto;Peugeot;206;Conducente;1955;F;Illeso;0;;Non accertato;Inesploso
3590669;20;07/12/2017 12:00:00;Strada Urbana;GALLERIA GIOVANNI XXIII;da specificare;;;;prossimità svincolo Trionfale;Tamponamento;Galleria illuminata;Una carreggiata a senso unico di marcia;Asciutto;Asfaltata;Verticale ed orizzontale;Sereno;Intenso;Sufficiente;Ore Diurne;1;0;0;1;12,44128;41,94052;0;1;Motociclo a solo;In marcia / fermata / arresto;Moto Morini;(non accertato);Conducente;1971;M;Ricoverato;0;NON DECEDUTO;;
3590669;20;07/12/2017 12:00:00;Strada Urbana;GALLERIA GIOVANNI XXIII;da specificare;;;;prossimità svincolo Trionfale;Tamponamento;Galleria illuminata;Una carreggiata a senso unico di marcia;Asciutto;Asfaltata;Verticale ed orizzontale;Sereno;Intenso;Sufficiente;Ore Diurne;1;0;0;1;12,44128;41,94052;0;2;Autovettura privata;In marcia / fermata / arresto;Fiat-Lancia;Y;Conducente;1969;M;Illeso;0;;Non accertato;
3590680;13;08/12/2017 01:00:00;Strada Urbana;VIA DI ACILIA;all'intersezione con;VIA POSIDIPPO;VIA POSIDIPPO;;;Scontro frontale/laterale SX fra veicoli in marcia;Incrocio;Una carreggiata a doppio senso;Asciutto;Asfaltata;Verticale ed orizzontale;Sereno;Scarso;Sufficiente;Sufficiente;0;0;0;2;12,37452;41,76991;0;1;Autovettura privata;In marcia / fermata / arresto;Opel;Astra;Conducente;1991;M;Illeso;0;;Non accertato;Inesploso
3590680;13;08/12/2017 01:00:00;Strada Urbana;VIA DI ACILIA;all'intersezione con;VIA POSIDIPPO;VIA POSIDIPPO;;;Scontro frontale/laterale SX fra veicoli in marcia;Incrocio;Una carreggiata a doppio senso;Asciutto;Asfaltata;Verticale ed orizzontale;Sereno;Scarso;Sufficiente;Sufficiente;0;0;0;2;12,37452;41,76991;0;2;Autovettura privata;In marcia / fermata / arresto;Hyundai;i 10;Conducente;1964;M;Illeso;0;;Non accertato;Inesploso
3590699;15;07/12/2017 14:35:00;Strada Urbana;VIA PORTUENSE;in prossimità;;del civico n.;708;;Scontro laterale fra veicoli in marcia;Rettilineo;Una carreggiata a doppio senso;Asciutto;Asfaltata;Verticale ed orizzontale;Nuvoloso;Intenso;Buona;Ore Diurne;0;0;0;3;12,43492;41,85197;0;1;Autovettura privata;In marcia / fermata / arresto;Ford;C Max;Conducente;1971;M;Illeso;0;;Non accertato;Esploso
3590699;15;07/12/2017 14:35:00;Strada Urbana;VIA PORTUENSE;in prossimità;;del civico n.;708;;Scontro laterale fra veicoli in marcia;Rettilineo;Una carreggiata a doppio senso;Asciutto;Asfaltata;Verticale ed orizzontale;Nuvoloso;Intenso;Buona;Ore Diurne;0;0;0;3;12,43492;41,85197;0;1;Autovettura privata;In marcia / fermata / arresto;Ford;C Max;Passeggero;2006;M;Illeso;0;;Non accertato;Inesploso
3590699;15;07/12/2017 14:35:00;Strada Urbana;VIA PORTUENSE;in prossimità;;del civico n.;708;;Scontro laterale fra veicoli in marcia;Rettilineo;Una carreggiata a doppio senso;Asciutto;Asfaltata;Verticale ed orizzontale;Nuvoloso;Intenso;Buona;Ore Diurne;0;0;0;3;12,43492;41,85197;0;2;Autovettura privata;In marcia / fermata / arresto;Ford;Focus SW;Conducente;1964;M;Illeso;0;;Non accertato;Inesploso
3590701;17;07/12/2017 07:50:00;Strada Urbana;VIA ANASTASIO II;da specificare;;;;ALTEZZA FORNICI;Investimento di pedone;Rettilineo;Due carreggiate;Asciutto;Asfaltata;Verticale ed orizzontale;Nuvoloso;Intenso;Sufficiente;Ore Diurne;0;0;0;3;;;0;;;;;;Pedone;1980;M;Illeso;0;;;
3590701;17;07/12/2017 07:50:00;Strada Urbana;VIA ANASTASIO II;da specificare;;;;ALTEZZA FORNICI;Investimento di pedone;Rettilineo;Due carreggiate;Asciutto;Asfaltata;Verticale ed orizzontale;Nuvoloso;Intenso;Sufficiente;Ore Diurne;0;0;0;3;;;0;1;Autovettura privata;In marcia / fermata / arresto;Hyundai; ix35;Conducente;1981;M;Illeso;0;;;
3590701;17;07/12/2017 07:50:00;Strada Urbana;VIA ANASTASIO II;da specificare;;;;ALTEZZA FORNICI;Investimento di pedone;Rettilineo;Due carreggiate;Asciutto;Asfaltata;Verticale ed orizzontale;Nuvoloso;Intenso;Sufficiente;Ore Diurne;0;0;0;3;;;0;2;Motociclo a solo;In marcia / fermata / arresto;Honda;SH;Conducente;1972;M;Illeso;0;;;
3590703;15;07/12/2017 19:00:00;Strada Urbana;VIA ODERISI DA GUBBIO;in corrispondenza;;del civico n.;284;;Scontro laterale fra veicoli in marcia;Rettilineo;Una carreggiata a senso unico di marcia;Asciutto;Asfaltata;Verticale;Nuvoloso;Intenso;Buona;Sufficiente;0;0;0;3;12,46375;41,86258;0;1;Autovettura privata;In marcia / fermata / arresto;Fiat;600;Conducente;1992;M;Illeso;0;;Utilizzato;Inesploso
3590703;15;07/12/2017 19:00:00;Strada Urbana;VIA ODERISI DA GUBBIO;in corrispondenza;;del civico n.;284;;Scontro laterale fra veicoli in marcia;Rettilineo;Una carreggiata a senso unico di marcia;Asciutto;Asfaltata;Verticale;Nuvoloso;Intenso;Buona;Sufficiente;0;0;0;3;12,46375;41,86258;0;1;Autovettura privata;In marcia / fermata / arresto;Fiat;600;Passeggero;1990;M;Illeso;0;;Utilizzato;Inesploso
3590703;15;07/12/2017 19:00:00;Strada Urbana;VIA ODERISI DA GUBBIO;in corrispondenza;;del civico n.;284;;Scontro laterale fra veicoli in marcia;Rettilineo;Una carreggiata a senso unico di marcia;Asciutto;Asfaltata;Verticale;Nuvoloso;Intenso;Buona;Sufficiente;0;0;0;3;12,46375;41,86258;0;2;Autobus urbano;In marcia / fermata / arresto;Evobus;Setra;Conducente;1968;M;Illeso;0;;Utilizzato;Inesploso
3590705;15;07/12/2017 18:05:00;Strada Urbana;LUNGOTEVERE DEGLI INVENTORI;da specificare;;;;prox. f.n.c. 114;Tamponamento;Rettilineo;Una carreggiata a doppio senso;Asciutto;Asfaltata;Orizzontale;Sereno;Intenso;Buona;Sufficiente;0;0;0;2;12,46713;41,8611;0;1;Autovettura privata;In marcia / fermata / arresto;Daewoo;Matiz;Conducente;1983;F;Illeso;0;;Non accertato;Inesploso
3590705;15;07/12/2017 18:05:00;Strada Urbana;LUNGOTEVERE DEGLI INVENTORI;da specificare;;;;prox. f.n.c. 114;Tamponamento;Rettilineo;Una carreggiata a doppio senso;Asciutto;Asfaltata;Orizzontale;Sereno;Intenso;Buona;Sufficiente;0;0;0;2;12,46713;41,8611;0;2;Autovettura privata;In marcia / fermata / arresto;Ford;EcoSport;Conducente;1989;M;Illeso;0;;Non accertato;Inesploso
3590710;15;08/12/2017 18:40:00;Strada Urbana;PIAZZA AUGUSTO LORENZINI;all'intersezione con;VIALE PROSPERO COLONNA;VIALE PROSPERO COLONNA;;;Scontro frontale/laterale SX fra veicoli in marcia;Intersezione non regolata/non segnalata;Due carreggiate;Asciutto;Asfaltata;Verticale ed orizzontale;Nuvoloso;Normale;Buona;Sufficiente;0;0;0;5;12,45043;41,85543;0;1;Autovettura privata;In marcia / fermata / arresto;Volkswagen;UP;Conducente;1998;M;Illeso;0;;Utilizzato;
3590710;15;08/12/2017 18:40:00;Strada Urbana;PIAZZA AUGUSTO LORENZINI;all'intersezione con;VIALE PROSPERO COLONNA;VIALE PROSPERO COLONNA;;;Scontro frontale/laterale SX fra veicoli in marcia;Intersezione non regolata/non segnalata;Due carreggiate;Asciutto;Asfaltata;Verticale ed orizzontale;Nuvoloso;Normale;Buona;Sufficiente;0;0;0;5;12,45043;41,85543;0;1;Autovettura privata;In marcia / fermata / arresto;Volkswagen;UP;Passeggero;1998;F;Illeso;0;;Utilizzato;
3590710;15;08/12/2017 18:40:00;Strada Urbana;PIAZZA AUGUSTO LORENZINI;all'intersezione con;VIALE PROSPERO COLONNA;VIALE PROSPERO COLONNA;;;Scontro frontale/laterale SX fra veicoli in marcia;Intersezione non regolata/non segnalata;Due carreggiate;Asciutto;Asfaltata;Verticale ed orizzontale;Nuvoloso;Normale;Buona;Sufficiente;0;0;0;5;12,45043;41,85543;0;2;Autovettura privata;In marcia / fermata / arresto;Citroen;C 3;Conducente;1971;F;Illeso;0;;Utilizzato;
3590710;15;08/12/2017 18:40:00;Strada Urbana;PIAZZA AUGUSTO LORENZINI;all'intersezione con;VIALE PROSPERO COLONNA;VIALE PROSPERO COLONNA;;;Scontro frontale/laterale SX fra veicoli in marcia;Intersezione non regolata/non segnalata;Due carreggiate;Asciutto;Asfaltata;Verticale ed orizzontale;Nuvoloso;Normale;Buona;Sufficiente;0;0;0;5;12,45043;41,85543;0;2;Autovettura privata;In marcia / fermata / arresto;Citroen;C 3;Passeggero;1968;F;Illeso;0;;Utilizzato;
3590752;8;07/12/2017 09:00:00;;VIA CASILINA;all'intersezione con;VIA DELLE DUE TORRI;VIA DELLE DUE TORRI;;;Scontro laterale fra veicoli in marcia;;;;;;;;;;0;0;0;2;;;0;1;Autovettura privata;In marcia / fermata / arresto;Chevrolet;Matiz;Conducente;1946;F;Illeso;0;;Non accertato;Inesploso
3590752;8;07/12/2017 09:00:00;;VIA CASILINA;all'intersezione con;VIA DELLE DUE TORRI;VIA DELLE DUE TORRI;;;Scontro laterale fra veicoli in marcia;;;;;;;;;;0;0;0;2;;;0;2;Motociclo a solo;In marcia / fermata / arresto;Piaggio;Liberty;Conducente;1973;M;Illeso;0;;Non accertato;
3590756;8;07/12/2017 14:40:00;Statale entro l'abitato;VIA CASILINA;all'intersezione con;VIA GRAMMICHELE;VIA GRAMMICHELE;;;Scontro frontale/laterale DX fra veicoli in marcia;Incrocio;Una carreggiata a doppio senso;Asciutto;Asfaltata;Orizzontale;Nuvoloso;Intenso;Buona;Ore Diurne;0;0;0;5;12,6505;41,86334;0;1;Autovettura privata;In marcia / fermata / arresto;Nissan;QASHQAI;Conducente;1978;M;Illeso;0;;Non accertato;Inesploso
3590756;8;07/12/2017 14:40:00;Statale entro l'abitato;VIA CASILINA;all'intersezione con;VIA GRAMMICHELE;VIA GRAMMICHELE;;;Scontro frontale/laterale DX fra veicoli in marcia;Incrocio;Una carreggiata a doppio senso;Asciutto;Asfaltata;Orizzontale;Nuvoloso;Intenso;Buona;Ore Diurne;0;0;0;5;12,6505;41,86334;0;1;Autovettura privata;In marcia / fermata / arresto;Nissan;QASHQAI;Passeggero;1977;M;Illeso;0;;Non accertato;Inesploso
3590756;8;07/12/2017 14:40:00;Statale entro l'abitato;VIA CASILINA;all'intersezione con;VIA GRAMMICHELE;VIA GRAMMICHELE;;;Scontro frontale/laterale DX fra veicoli in marcia;Incrocio;Una carreggiata a doppio senso;Asciutto;Asfaltata;Orizzontale;Nuvoloso;Intenso;Buona;Ore Diurne;0;0;0;5;12,6505;41,86334;0;1;Autovettura privata;In marcia / fermata / arresto;Nissan;QASHQAI;Passeggero;1978;M;Illeso;0;;Non accertato;Inesploso
3590756;8;07/12/2017 14:40:00;Statale entro l'abitato;VIA CASILINA;all'intersezione con;VIA GRAMMICHELE;VIA GRAMMICHELE;;;Scontro frontale/laterale DX fra veicoli in marcia;Incrocio;Una carreggiata a doppio senso;Asciutto;Asfaltata;Orizzontale;Nuvoloso;Intenso;Buona;Ore Diurne;0;0;0;5;12,6505;41,86334;0;2;Autovettura privata;In marcia / fermata / arresto;Mercedes;Smart Fortwo;Conducente;1995;F;Illeso;0;;Non accertato;Inesploso
3590756;8;07/12/2017 14:40:00;Statale entro l'abitato;VIA CASILINA;all'intersezione con;VIA GRAMMICHELE;VIA GRAMMICHELE;;;Scontro frontale/laterale DX fra veicoli in marcia;Incrocio;Una carreggiata a doppio senso;Asciutto;Asfaltata;Orizzontale;Nuvoloso;Intenso;Buona;Ore Diurne;0;0;0;5;12,6505;41,86334;0;2;Autovettura privata;In marcia / fermata / arresto;Mercedes;Smart Fortwo;Passeggero;1996;F;Illeso;0;;Non utilizzato;Inesploso
3590763;2;09/12/2017 08:50:00;Strada Urbana;VIA NEMORENSE;in prossimità;;del civico n.;23 A;;Veicolo in marcia contro ostacolo accidentale;Rettilineo;Una carreggiata a doppio senso;Bagnato (pioggia);Asfaltata;Verticale ed orizzontale;Pioggia in atto;Normale;Buona;Ore Diurne;0;0;0;1;;;0;1;Motociclo a solo;In marcia / fermata / arresto;Honda;@ 150;Conducente;1988;F;Illeso;0;;Non accertato;
3590764;8;07/12/2017 15:30:00;Strada Urbana;VIA DELL'AIRONE;in prossimità;;del civico n.;42;;Scontro frontale/laterale DX fra veicoli in marcia;Rettilineo;Una carreggiata a doppio senso;Asciutto;Asfaltata;Assente;Sereno;Scarso;Buona;Ore Diurne;0;0;0;2;12,59343;41,86637;-1;1;Autovettura privata;In marcia / fermata / arresto;Toyota;Yaris;Conducente;1996;M;Illeso;0;;Non accertato;Inesploso
3590764;8;07/12/2017 15:30:00;Strada Urbana;VIA DELL'AIRONE;in prossimità;;del civico n.;42;;Scontro frontale/laterale DX fra veicoli in marcia;Rettilineo;Una carreggiata a doppio senso;Asciutto;Asfaltata;Assente;Sereno;Scarso;Buona;Ore Diurne;0;0;0;2;12,59343;41,86637;-1;2;Autovettura privata;In marcia / fermata / arresto;Mazda;MX-5;Conducente;1958;M;Illeso;0;;Non accertato;Inesploso
3590768;8;07/12/2017 16:00:00;Statale entro l'abitato;VIA CASILINA;in prossimità;;del civico n.;1752;;Tamponamento;Rettilineo;Una carreggiata a doppio senso;Asciutto;Asfaltata;Verticale ed orizzontale;Nuvoloso;Intenso;Buona;Ore Diurne;2;0;0;1;12,66782;41,86412;0;1;Autovettura privata;In marcia / fermata / arresto;Renault;Megane;Conducente;1972;F;Illeso;0;;Non accertato;Inesploso
3590768;8;07/12/2017 16:00:00;Statale entro l'abitato;VIA CASILINA;in prossimità;;del civico n.;1752;;Tamponamento;Rettilineo;Una carreggiata a doppio senso;Asciutto;Asfaltata;Verticale ed orizzontale;Nuvoloso;Intenso;Buona;Ore Diurne;2;0;0;1;12,66782;41,86412;0;1;Autovettura privata;In marcia / fermata / arresto;Renault;Megane;Passeggero;1992;F;Rimandato;0;NON DECEDUTO;Non accertato;Inesploso
3590768;8;07/12/2017 16:00:00;Statale entro l'abitato;VIA CASILINA;in prossimità;;del civico n.;1752;;Tamponamento;Rettilineo;Una carreggiata a doppio senso;Asciutto;Asfaltata;Verticale ed orizzontale;Nuvoloso;Intenso;Buona;Ore Diurne;2;0;0;1;12,66782;41,86412;0;2;Autovettura privata;In marcia / fermata / arresto;Ford;KA;Conducente;1982;F;Rimandato;0;NON DECEDUTO;Non accertato;Inesploso
3590771;8;07/12/2017 20:20:00;Strada Urbana;VIA BELMONTE IN SABINA;da specificare;;;;direz fuori Roma 1° inversione di marcia dopo GRA;Tamponamento;Curva a visuale libera;Una carreggiata a senso unico di marcia;Asciutto;Asfaltata;Verticale ed orizzontale;Sereno;Scarso;Sufficiente;Sufficiente;0;0;0;4;;;0;1;Autovettura privata;In marcia / fermata / arresto;Nissan;(non accertato);Conducente;1975;M;Illeso;0;;Non accertato;Inesploso
3590771;8;07/12/2017 20:20:00;Strada Urbana;VIA BELMONTE IN SABINA;da specificare;;;;direz fuori Roma 1° inversione di marcia dopo GRA;Tamponamento;Curva a visuale libera;Una carreggiata a senso unico di marcia;Asciutto;Asfaltata;Verticale ed orizzontale;Sereno;Scarso;Sufficiente;Sufficiente;0;0;0;4;;;0;1;Autovettura privata;In marcia / fermata / arresto;Nissan;(non accertato);Passeggero;1976;M;Illeso;0;;Non accertato;Inesploso
3590771;8;07/12/2017 20:20:00;Strada Urbana;VIA BELMONTE IN SABINA;da specificare;;;;direz fuori Roma 1° inversione di marcia dopo GRA;Tamponamento;Curva a visuale libera;Una carreggiata a senso unico di marcia;Asciutto;Asfaltata;Verticale ed orizzontale;Sereno;Scarso;Sufficiente;Sufficiente;0;0;0;4;;;0;1;Autovettura privata;In marcia / fermata / arresto;Nissan;(non accertato);Passeggero;1998;M;Illeso;0;;Non accertato;Inesploso
3590771;8;07/12/2017 20:20:00;Strada Urbana;VIA BELMONTE IN SABINA;da specificare;;;;direz fuori Roma 1° inversione di marcia dopo GRA;Tamponamento;Curva a visuale libera;Una carreggiata a senso unico di marcia;Asciutto;Asfaltata;Verticale ed orizzontale;Sereno;Scarso;Sufficiente;Sufficiente;0;0;0;4;;;0;2;Autovettura privata;In marcia / fermata / arresto;Renault;Modus;Conducente;1993;M;Illeso;0;;Non accertato;Inesploso
3590776;8;08/12/2017 09:45:00;;VIALE GUIDO CARLI;all'intersezione con;VIA DEL FOSSO DEL CAVALIERE;VIA DEL FOSSO DEL CAVALIERE;;;Scontro laterale fra veicoli in marcia;;;;;;;;;;1;0;0;1;;;0;1;Autovettura privata;In marcia / fermata / arresto;Fiat;Punto;Conducente;0;F;Illeso;0;;;
3590776;8;08/12/2017 09:45:00;;VIALE GUIDO CARLI;all'intersezione con;VIA DEL FOSSO DEL CAVALIERE;VIA DEL FOSSO DEL CAVALIERE;;;Scontro laterale fra veicoli in marcia;;;;;;;;;;1;0;0;1;;;0;2;Velocipede;In marcia / fermata / arresto;Bortolotto;(non accertato);Conducente;1939;M;Ricoverato;0;NON DECEDUTO;Esente;
3590778;8;08/12/2017 19:50:00;Provinciale entro l'abitato;VIA GALLICANENSE;da specificare;;;;1 KM PRIMA DI VIA DELLE PICOZZE DIREZ. GALLICANO;Ribaltamento senza urto contro ostacolo fisso;Curva senza visuale libera;Una carreggiata a doppio senso;Bagnato (pioggia);Asfaltata;Orizzontale;Pioggia in atto;Scarso;Insufficiente;Inesistente;1;0;0;0;12,8339;41,87654;0;1;Autovettura privata;In marcia / fermata / arresto;Opel;Zafira;Conducente;1997;M;Rimandato;0;NON DECEDUTO;Non accertato;Inesploso
3590782;8;08/12/2017 22:30:00;;VIA DI TOR VERGATA;all'intersezione con;VIA MARCELLO ALESSIO;VIA MARCELLO ALESSIO;;;Scontro frontale/laterale SX fra veicoli in marcia;;;;;;;;;;1;0;0;3;;;0;1;Autovettura privata;In marcia / fermata / arresto;Ford;Focus SW;Conducente;1994;M;Illeso;0;;Non accertato;Inesploso
3590782;8;08/12/2017 22:30:00;;VIA DI TOR VERGATA;all'intersezione con;VIA MARCELLO ALESSIO;VIA MARCELLO ALESSIO;;;Scontro frontale/laterale SX fra veicoli in marcia;;;;;;;;;;1;0;0;3;;;0;1;Autovettura privata;In marcia / fermata / arresto;Ford;Focus SW;Passeggero;1995;F;Illeso;0;;Non accertato;Inesploso
3590782;8;08/12/2017 22:30:00;;VIA DI TOR VERGATA;all'intersezione con;VIA MARCELLO ALESSIO;VIA MARCELLO ALESSIO;;;Scontro frontale/laterale SX fra veicoli in marcia;;;;;;;;;;1;0;0;3;;;0;2;Autovettura privata;In marcia / fermata / arresto;Fiat;Punto;Conducente;1990;M;Ricoverato;0;NON DECEDUTO;Non accertato;Esploso
3590782;8;08/12/2017 22:30:00;;VIA DI TOR VERGATA;all'intersezione con;VIA MARCELLO ALESSIO;VIA MARCELLO ALESSIO;;;Scontro frontale/laterale SX fra veicoli in marcia;;;;;;;;;;1;0;0;3;;;0;2;Autovettura privata;In marcia / fermata / arresto;Fiat;Punto;Passeggero;1994;M;Illeso;0;;Non accertato;Esploso
3590783;8;09/12/2017 00:20:00;;VIA COLLATINA;in prossimità;;del palo luce n.;596;;Veicolo in marcia contro ostacolo accidentale;;;;;;;;;;0;0;0;1;;;0;1;Autovettura privata;In marcia / fermata / arresto;Alfa Lancia;Y;Conducente;1975;M;Illeso;0;;Non accertato;Inesploso
3590784;8;09/12/2017 00:15:00;;VIA COLLATINA;in prossimità;;del palo luce n.;596;;Veicolo in marcia contro ostacolo accidentale;;;;;;;;;;0;0;0;1;;;0;1;Autovettura privata;In marcia / fermata / arresto;Ford;Fiesta;Conducente;1968;M;Illeso;0;;Non accertato;Inesploso
3590785;8;09/12/2017 00:30:00;Strada Urbana;VIA COLLATINA;in prossimità;;del palo luce n.;596;;Veicolo in marcia contro ostacolo accidentale;Curva a visuale libera;Una carreggiata a doppio senso;Bagnato (pioggia);Asfaltata;Verticale ed orizzontale;Pioggia in atto;Scarso;Sufficiente;Sufficiente;0;0;0;1;12,66611;41,92234;-1;1;Autovettura privata;In marcia / fermata / arresto;Mercedes;Class A;Conducente;1980;M;Illeso;0;;Non accertato;Inesploso
3590788;17;09/12/2017 09:20:00;Strada Urbana;VIA ATTILIO REGOLO;all'intersezione semaforizzata con;VIA COLA DI RIENZO;VIA COLA DI RIENZO;;;Scontro laterale fra veicoli in marcia;Intersezione semaforizzata;Una carreggiata a senso unico di marcia;Asciutto;Asfaltata;Verticale ed orizzontale;Nuvoloso;Normale;Buona;Ore Diurne;0;0;0;2;;;0;1;Autovettura privata;In marcia / fermata / arresto;Ford;Fiesta;Conducente;1975;M;Illeso;0;;;
3590788;17;09/12/2017 09:20:00;Strada Urbana;VIA ATTILIO REGOLO;all'intersezione semaforizzata con;VIA COLA DI RIENZO;VIA COLA DI RIENZO;;;Scontro laterale fra veicoli in marcia;Intersezione semaforizzata;Una carreggiata a senso unico di marcia;Asciutto;Asfaltata;Verticale ed orizzontale;Nuvoloso;Normale;Buona;Ore Diurne;0;0;0;2;;;0;2;Autovettura privata;In marcia / fermata / arresto;Audi;Q 5;Conducente;1951;M;Illeso;0;;;
3590789;1;09/12/2017 04:50:00;Strada Urbana;VIA MERULANA;all'intersezione semaforizzata con;VIA LABICANA;VIA LABICANA;;;Tamponamento;Intersezione semaforizzata;Una carreggiata a doppio senso;Asciutto;Asfaltata;Verticale ed orizzontale;Nuvoloso;Scarso;Buona;Sufficiente;0;0;0;1;;;0;1;Quadriciclo leggero;In marcia / fermata / arresto;XINDAYANG;ZHIDOU (ZD) - ICARO;Conducente;1959;M;Illeso;0;;;
3590804;19;09/12/2017 08:00:00;Strada Urbana;VIA DELLA STORTA;da specificare;;;;prossimità 352 palo 203 acea;Veicolo in marcia contro ostacolo fisso;Rettilineo;Una carreggiata a doppio senso;Bagnato (brina);Asfaltata;Orizzontale;Nuvoloso;Scarso;Buona;Ore Diurne;1;0;0;0;12,36674;41,97126;-1;1;Autovettura privata;In marcia / fermata / arresto;Peugeot;206;Conducente;1972;M;Rimandato;0;NON DECEDUTO;Non accertato;Inesploso