Protocollo;Gruppo;DataOraIncidente;Localizzazione1;STRADA1;Localizzazione2;STRADA2;Strada02;Chilometrica;DaSpecificare;NaturaIncidente;particolaritastrade;TipoStrada;FondoStradale;Pavimentazione;Segnaletica;CondizioneAtmosferica;Traffico;Visibilita;Illuminazione;NUM_FERITI;NUM_RISERVATA;NUM_MORTI;NUM_ILLESI;Longitudine;Latitudine;Confermato;Progressivo;TipoVeicolo;StatoVeicolo;Marca;Modello;TipoPersona;AnnoNascita;Sesso;Tipolesione;Deceduto;DecedutoDopo;CinturaCascoUtilizzato;Airbag;
3590884;17;07/12/2017 10:20:00;Strada Urbana;VIALE ANGELICO;in prossimità;;del civico n.;237;;Veicolo in marcia contro veicolo fermo;Rettilineo;Più di due carreggiate;Asciutto;Asfaltata;Verticale ed orizzontale;Nuvoloso;Intenso;Sufficiente;Ore Diurne;0;0;0;2;12,45849;41,92133;0;1;Autovettura privata;In marcia / fermata / arresto;Seat;Marbella;Conducente;1927;M;Illeso;0;;;
3590884;17;07/12/2017 10:20:00;Strada Urbana;VIALE ANGELICO;in prossimità;;del civico n.;237;;Veicolo in marcia contro veicolo fermo;Rettilineo;Più di due carreggiate;Asciutto;Asfaltata;Verticale ed orizzontale;Nuvoloso;Intenso;Sufficiente;Ore Diurne;0;0;0;2;12,45849;41,92133;0;2;Autovettura privata;In marcia / fermata / arresto;Renault;Clio;Conducente;1996;F;Illeso;0;;;
3590903;19;07/12/2017 00:30:00;Strada Urbana;VIALE DI TOR DI QUINTO;in prossimità;;del civico n.;37;;Veicolo in marcia contro ostacolo accidentale;Rettilineo;Una carreggiata a doppio senso;Asciutto;Asfaltata;Assente;Sereno;Scarso;Buona;Sufficiente;0;0;0;2;12,47306;41,93745;-1;1;Autovettura privata;In marcia / fermata / arresto;Volkswagen;Lupo;Conducente;1950;M;Illeso;0;;;
3590903;19;07/12/2017 00:30:00;Strada Urbana;VIALE DI TOR DI QUINTO;in prossimità;;del civico n.;37;;Veicolo in marcia contro ostacolo accidentale;Rettilineo;Una carreggiata a doppio senso;Asciutto;Asfaltata;Assente;Sereno;Scarso;Buona;Sufficiente;0;0;0;2;12,47306;41,93745;-1;1;Autovettura privata;In marcia / fermata / arresto;Volkswagen;Lupo;Passeggero;1972;M;Illeso;0;;Non accertato;Inesploso
3590938;1;07/12/2017 13:00:00;Strada Urbana;LUNGOTEVERE DEGLI ANGUILLARA;in prossimità;;del civico n.;12;;Scontro laterale fra veicoli in marcia;Rettilineo;Una carreggiata a senso unico di marcia;Asciutto;Asfaltata;Verticale ed orizzontale;Sereno;Normale;Buona;Ore Diurne;1;0;0;1;;;0;1;Autovettura privata;In marcia / fermata / arresto;Mercedes;C 220;Conducente;1981;M;Illeso;0;;Non accertato;Inesploso
3590938;1;07/12/2017 13:00:00;Strada Urbana;LUNGOTEVERE DEGLI ANGUILLARA;in prossimità;;del civico n.;12;;Scontro laterale fra veicoli in marcia;Rettilineo;Una carreggiata a senso unico di marcia;Asciutto;Asfaltata;Verticale ed orizzontale;Sereno;Normale;Buona;Ore Diurne;1;0;0;1;;;0;2;Motociclo a solo;In marcia / fermata / arresto;Piaggio;Liberty;Conducente;1977;F;Rimandato;0;NON DECEDUTO;Non accertato;
3590962;17;08/12/2017 13:10:00;Strada Urbana;VIA POMPEO MAGNO;in prossimità;;del civico n.;20;;Scontro laterale fra veicoli in marcia;Rettilineo;Una carreggiata a senso unico di marcia;Asciutto;Asfaltata;Verticale ed orizzontale;Nuvoloso;Normale;Buona;Ore Diurne;0;0;0;3;12,46785;41,91012;0;1;Autovettura privata;In marcia / fermata / arresto;Audi;A 3;Conducente;1986;M;Illeso;0;;;
3590962;17;08/12/2017 13:10:00;Strada Urbana;VIA POMPEO MAGNO;in prossimità;;del civico n.;20;;Scontro laterale fra veicoli in marcia;Rettilineo;Una carreggiata a senso unico di marcia;Asciutto;Asfaltata;Verticale ed orizzontale;Nuvoloso;Normale;Buona;Ore Diurne;0;0;0;3;12,46785;41,91012;0;1;Autovettura privata;In marcia / fermata / arresto;Audi;A 3;Passeggero;1987;F;Illeso;0;;;
3590962;17;08/12/2017 13:10:00;Strada Urbana;VIA POMPEO MAGNO;in prossimità;;del civico n.;20;;Scontro laterale fra veicoli in marcia;Rettilineo;Una carreggiata a senso unico di marcia;Asciutto;Asfaltata;Verticale ed orizzontale;Nuvoloso;Normale;Buona;Ore Diurne;0;0;0;3;12,46785;41,91012;0;2;Autovettura privata;In marcia / fermata / arresto;Volkswagen;Polo;Conducente;1979;M;Illeso;0;;;
3590971;1;07/12/2017 16:00:00;Strada Urbana;VIA BONCOMPAGNI;all'intersezione semaforizzata con;VIA VITTORIO VENETO;VIA VITTORIO VENETO;;;Scontro frontale/laterale DX fra veicoli in marcia;Incrocio;Una carreggiata a doppio senso;Asciutto;Asfaltata;Verticale ed orizzontale;Sereno;Normale;Buona;Ore Diurne;0;0;0;2;;;0;1;Autovettura privata;In marcia / fermata / arresto;Toyota;Aygo;Conducente;1964;M;Illeso;0;;;
3590971;1;07/12/2017 16:00:00;Strada Urbana;VIA BONCOMPAGNI;all'intersezione semaforizzata con;VIA VITTORIO VENETO;VIA VITTORIO VENETO;;;Scontro frontale/laterale DX fra veicoli in marcia;Incrocio;Una carreggiata a doppio senso;Asciutto;Asfaltata;Verticale ed orizzontale;Sereno;Normale;Buona;Ore Diurne;0;0;0;2;;;0;2;Autovettura pubblica;In marcia / fermata / arresto;Dacia;Sandero;Conducente;1993;M;Illeso;0;;;
3590980;3;07/12/2017 12:50:00;Strada Urbana;PIAZZALE ALDO MORO;in prossimità;;del civico n.;5;;Scontro laterale fra veicoli in marcia;Rettilineo;Due carreggiate;Asciutto;Asfaltata;Verticale ed orizzontale;Nuvoloso;Normale;Buona;Ore Diurne;0;0;0;5;12,51232;41,90146;0;1;Autovettura privata;In marcia / fermata / arresto;Dacia;Duster;Conducente;1942;M;Illeso;0;;Non accertato;
3590980;3;07/12/2017 12:50:00;Strada Urbana;PIAZZALE ALDO MORO;in prossimità;;del civico n.;5;;Scontro laterale fra veicoli in marcia;Rettilineo;Due carreggiate;Asciutto;Asfaltata;Verticale ed orizzontale;Nuvoloso;Normale;Buona;Ore Diurne;0;0;0;5;12,51232;41,90146;0;1;Autovettura privata;In marcia / fermata / arresto;Dacia;Duster;Passeggero;1956;F;Illeso;0;;Non accertato;
3590980;3;07/12/2017 12:50:00;Strada Urbana;PIAZZALE ALDO MORO;in prossimità;;del civico n.;5;;Scontro laterale fra veicoli in marcia;Rettilineo;Due carreggiate;Asciutto;Asfaltata;Verticale ed orizzontale;Nuvoloso;Normale;Buona;Ore Diurne;0;0;0;5;12,51232;41,90146;0;1;Autovettura privata;In marcia / fermata / arresto;Dacia;Duster;Passeggero;1974;F;Illeso;0;;Non accertato;
3590980;3;07/12/2017 12:50:00;Strada Urbana;PIAZZALE ALDO MORO;in prossimità;;del civico n.;5;;Scontro laterale fra veicoli in marcia;Rettilineo;Due carreggiate;Asciutto;Asfaltata;Verticale ed orizzontale;Nuvoloso;Normale;Buona;Ore Diurne;0;0;0;5;12,51232;41,90146;0;2;Autovettura privata;In marcia / fermata / arresto;Fiat;Punto;Conducente;1983;F;Illeso;0;;Non accertato;
3590980;3;07/12/2017 12:50:00;Strada Urbana;PIAZZALE ALDO MORO;in prossimità;;del civico n.;5;;Scontro laterale fra veicoli in marcia;Rettilineo;Due carreggiate;Asciutto;Asfaltata;Verticale ed orizzontale;Nuvoloso;Normale;Buona;Ore Diurne;0;0;0;5;12,51232;41,90146;0;2;Autovettura privata;In marcia / fermata / arresto;Fiat;Punto;Passeggero;1953;M;Illeso;0;;Non accertato;
3590988;1;08/12/2017 21:25:00;Strada Urbana;LARGO GIOVANNI BATTISTA MARZI;in prossimità;;del civico n.;82;;Investimento di pedone;Rettilineo;Una carreggiata a doppio senso;Bagnato (pioggia);Asfaltata;Verticale ed orizzontale;Pioggia in atto;Normale;Insufficiente;Insufficiente;1;0;0;1;12,47103;41,87642;0;;;;;;Pedone;1991;M;Rimandato;0;NON DECEDUTO;;
3590988;1;08/12/2017 21:25:00;Strada Urbana;LARGO GIOVANNI BATTISTA MARZI;in prossimità;;del civico n.;82;;Investimento di pedone;Rettilineo;Una carreggiata a doppio senso;Bagnato (pioggia);Asfaltata;Verticale ed orizzontale;Pioggia in atto;Normale;Insufficiente;Insufficiente;1;0;0;1;12,47103;41,87642;0;1;Autovettura privata;In marcia / fermata / arresto;Kia;Rio;Conducente;1967;M;Illeso;0;;Utilizzato;Inesploso
3590994;1;07/12/2017 18:30:00;Strada Urbana;LARGO DELL'AMBA ARADAM;all'intersezione con;VIA DELLA FERRATELLA IN LATERANO;VIA DELLA FERRATELLA IN LATERANO;;;Scontro laterale fra veicoli in marcia;;Due carreggiate;Asciutto;Asfaltata;Verticale ed orizzontale;Sereno;Intenso;Buona;Sufficiente;0;0;0;2;;;0;1;Autovettura privata;In marcia / fermata / arresto;Fiat;500;Conducente;1983;M;Illeso;0;;;
3590994;1;07/12/2017 18:30:00;Strada Urbana;LARGO DELL'AMBA ARADAM;all'intersezione con;VIA DELLA FERRATELLA IN LATERANO;VIA DELLA FERRATELLA IN LATERANO;;;Scontro laterale fra veicoli in marcia;;Due carreggiate;Asciutto;Asfaltata;Verticale ed orizzontale;Sereno;Intenso;Buona;Sufficiente;0;0;0;2;;;0;2;Autobus urbano;In marcia / fermata / arresto;Fiat;Iveco;Conducente;1972;M;Illeso;0;;;
3591040;3;07/12/2017 14:15:00;Strada Urbana;VIALE REGINA ELENA;in prossimità;;del civico n.;287b;;Scontro frontale fra veicoli in marcia;Rettilineo;Una carreggiata a doppio senso;Asciutto;Asfaltata;Verticale ed orizzontale;Nuvoloso;Normale;Buona;Ore Diurne;0;0;0;3;12,51276;41,90823;0;1;Autovettura privata;In marcia / fermata / arresto;Opel;Meriva;Conducente;1979;M;Illeso;0;;Non accertato;
3591040;3;07/12/2017 14:15:00;Strada Urbana;VIALE REGINA ELENA;in prossimità;;del civico n.;287b;;Scontro frontale fra veicoli in marcia;Rettilineo;Una carreggiata a doppio senso;Asciutto;Asfaltata;Verticale ed orizzontale;Nuvoloso;Normale;Buona;Ore Diurne;0;0;0;3;12,51276;41,90823;0;2;Autovettura privata;In marcia / fermata / arresto;BMW;--;Conducente;1948;M;Illeso;0;;Non accertato;
3591040;3;07/12/2017 14:15:00;Strada Urbana;VIALE REGINA ELENA;in prossimità;;del civico n.;287b;;Scontro frontale fra veicoli in marcia;Rettilineo;Una carreggiata a doppio senso;Asciutto;Asfaltata;Verticale ed orizzontale;Nuvoloso;Normale;Buona;Ore Diurne;0;0;0;3;12,51276;41,90823;0;2;Autovettura privata;In marcia / fermata / arresto;BMW;--;Passeggero;1986;F;Illeso;0;;Non accertato;
3591041;1;07/12/2017 22:25:00;Strada Urbana;VIA DEL TEATRO DI MARCELLO;in prossimità;;del civico n.;2;;Scontro laterale fra veicoli in marcia;Curva a visuale libera;Una carreggiata a doppio senso;Asciutto;Acciotolata;Verticale ed orizzontale;Sereno;Scarso;Buona;Sufficiente;0;0;0;2;;;0;1;Autovettura privata;In marcia / fermata / arresto;Toyota;Yaris;Conducente;1928;M;Illeso;0;;Non accertato;Inesploso
3591041;1;07/12/2017 22:25:00;Strada Urbana;VIA DEL TEATRO DI MARCELLO;in prossimità;;del civico n.;2;;Scontro laterale fra veicoli in marcia;Curva a visuale libera;Una carreggiata a doppio senso;Asciutto;Acciotolata;Verticale ed orizzontale;Sereno;Scarso;Buona;Sufficiente;0;0;0;2;;;0;2;Autovettura privata;In marcia / fermata / arresto;Toyota;Yaris;Conducente;1986;M;Illeso;0;;Non accertato;
3591044;1;08/12/2017 20:25:00;Strada Urbana;PIAZZA DI S. CHIARA;all'intersezione con;VIA DI S. CHIARA;VIA DI S. CHIARA;;;Scontro frontale/laterale DX fra veicoli in marcia;Incrocio;Una carreggiata a senso unico di marcia;Bagnato (pioggia);In cubetti di porfido;Verticale ed orizzontale;Pioggia in atto;Normale;Buona;Sufficiente;0;0;0;4;12,47642;41,89766;-1;1;Autovettura privata;In marcia / fermata / arresto;Daewoo;Matiz;Conducente;1993;M;Illeso;0;;Utilizzato;Inesploso
3591044;1;08/12/2017 20:25:00;Strada Urbana;PIAZZA DI S. CHIARA;all'intersezione con;VIA DI S. CHIARA;VIA DI S. CHIARA;;;Scontro frontale/laterale DX fra veicoli in marcia;Incrocio;Una carreggiata a senso unico di marcia;Bagnato (pioggia);In cubetti di porfido;Verticale ed orizzontale;Pioggia in atto;Normale;Buona;Sufficiente;0;0;0;4;12,47642;41,89766;-1;1;Autovettura privata;In marcia / fermata / arresto;Daewoo;Matiz;Passeggero;1991;F;Illeso;0;;Utilizzato;Inesploso
3591044;1;08/12/2017 20:25:00;Strada Urbana;PIAZZA DI S. CHIARA;all'intersezione con;VIA DI S. CHIARA;VIA DI S. CHIARA;;;Scontro frontale/laterale DX fra veicoli in marcia;Incrocio;Una carreggiata a senso unico di marcia;Bagnato (pioggia);In cubetti di porfido;Verticale ed orizzontale;Pioggia in atto;Normale;Buona;Sufficiente;0;0;0;4;12,47642;41,89766;-1;2;Autovettura privata;In marcia / fermata / arresto;Toyota;Rav 4;Conducente;1972;M;Illeso;0;;Utilizzato;Inesploso
3591044;1;08/12/2017 20:25:00;Strada Urbana;PIAZZA DI S. CHIARA;all'intersezione con;VIA DI S. CHIARA;VIA DI S. CHIARA;;;Scontro frontale/laterale DX fra veicoli in marcia;Incrocio;Una carreggiata a senso unico di marcia;Bagnato (pioggia);In cubetti di porfido;Verticale ed orizzontale;Pioggia in atto;Normale;Buona;Sufficiente;0;0;0;4;12,47642;41,89766;-1;2;Autovettura privata;In marcia / fermata / arresto;Toyota;Rav 4;Passeggero;1979;F;Illeso;0;;Utilizzato;Inesploso
3591058;20;09/12/2017 13:15:00;Strada Urbana;VIALE DI TOR DI QUINTO;in prossimità;;del civico n.;151;;Tamponamento Multiplo;Rettilineo;Due carreggiate;Asciutto;Asfaltata;Verticale ed orizzontale;Sereno;Normale;Buona;Ore Diurne;1;0;0;2;;;0;1;Autovettura privata;In marcia / fermata / arresto;Ford;S - MAX;Conducente;1979;M;Rimandato;0;NON DECEDUTO;Non accertato;Inesploso
3591058;20;09/12/2017 13:15:00;Strada Urbana;VIALE DI TOR DI QUINTO;in prossimità;;del civico n.;151;;Tamponamento Multiplo;Rettilineo;Due carreggiate;Asciutto;Asfaltata;Verticale ed orizzontale;Sereno;Normale;Buona;Ore Diurne;1;0;0;2;;;0;2;Quadriciclo;In marcia / fermata / arresto;AIXAM;SV 43 AF;Conducente;1999;F;Illeso;0;;Non accertato;Inesploso
3591058;20;09/12/2017 13:15:00;Strada Urbana;VIALE DI TOR DI QUINTO;in prossimità;;del civico n.;151;;Tamponamento Multiplo;Rettilineo;Due carreggiate;Asciutto;Asfaltata;Verticale ed orizzontale;Sereno;Normale;Buona;Ore Diurne;1;0;0;2;;;0;3;Autovettura privata;In marcia / fermata / arresto;Mercedes;Smart Fortwo;Conducente;1998;M;Illeso;0;;Non accertato;Inesploso
3591065;1;08/12/2017 15:45:00;Strada Urbana;VIA LEOPARDI;in corrispondenza;;del civico n.;32;;Veicolo in marcia contro veicolo in sosta;Rettilineo;Una carreggiata a senso unico di marcia;Asciutto;Asfaltata;Verticale ed orizzontale;Nuvoloso;Normale;Buona;Ore Diurne;0;0;0;4;12,50182;41,89431;0;1;Autovettura privata;In marcia / fermata / arresto;Toyota;Rav 4;Conducente;1969;M;Illeso;0;;Utilizzato;Inesploso
3591065;1;08/12/2017 15:45:00;Strada Urbana;VIA LEOPARDI;in corrispondenza;;del civico n.;32;;Veicolo in marcia contro veicolo in sosta;Rettilineo;Una carreggiata a senso unico di marcia;Asciutto;Asfaltata;Verticale ed orizzontale;Nuvoloso;Normale;Buona;Ore Diurne;0;0;0;4;12,50182;41,89431;0;2;Autovettura privata;In marcia / fermata / arresto;Volkswagen;Polo;Conducente;1974;M;Illeso;0;;Utilizzato;Inesploso
3591065;1;08/12/2017 15:45:00;Strada Urbana;VIA LEOPARDI;in corrispondenza;;del civico n.;32;;Veicolo in marcia contro veicolo in sosta;Rettilineo;Una carreggiata a senso unico di marcia;Asciutto;Asfaltata;Verticale ed orizzontale;Nuvoloso;Normale;Buona;Ore Diurne;0;0;0;4;12,50182;41,89431;0;2;Autovettura privata;In marcia / fermata / arresto;Volkswagen;Polo;Passeggero;1981;M;Illeso;0;;Utilizzato;Inesploso
3591065;1;08/12/2017 15:45:00;Strada Urbana;VIA LEOPARDI;in corrispondenza;;del civico n.;32;;Veicolo in marcia contro veicolo in sosta;Rettilineo;Una carreggiata a senso unico di marcia;Asciutto;Asfaltata;Verticale ed orizzontale;Nuvoloso;Normale;Buona;Ore Diurne;0;0;0;4;12,50182;41,89431;0;2;Autovettura privata;In marcia / fermata / arresto;Volkswagen;Polo;Passeggero;2009;M;Illeso;0;;Non accertato;Inesistente
3591077;1;08/12/2017 08:55:00;Strada Urbana;PIAZZA DEI CINQUECENTO;da specificare;;;;.;Investimento di pedone;Rettilineo;Una carreggiata a senso unico di marcia;Asciutto;Asfaltata;Verticale ed orizzontale;Nuvoloso;Scarso;Buona;Ore Diurne;1;0;0;1;;;0;;;;;;Pedone;1964;M;Rimandato;0;NON DECEDUTO;;
3591077;1;08/12/2017 08:55:00;Strada Urbana;PIAZZA DEI CINQUECENTO;da specificare;;;;.;Investimento di pedone;Rettilineo;Una carreggiata a senso unico di marcia;Asciutto;Asfaltata;Verticale ed orizzontale;Nuvoloso;Scarso;Buona;Ore Diurne;1;0;0;1;;;0;1;Autovettura privata;In marcia / fermata / arresto;Toyota;prius;Conducente;1966;M;Illeso;0;;Utilizzato;
3591079;2;09/12/2017 12:35:00;;VIA DEL FORO ITALICO;all'intersezione con;VIA DELLA FOCE DELL'ANIENE;VIA DELLA FOCE DELL'ANIENE;;;Infortunio per sola frenata improvvisa;;;;;;;;;;1;0;0;1;;;0;1;Motociclo a solo;In marcia / fermata / arresto;Piaggio;Liberty 150;Conducente;1963;M;Rimandato;0;NON DECEDUTO;;
3591079;2;09/12/2017 12:35:00;;VIA DEL FORO ITALICO;all'intersezione con;VIA DELLA FOCE DELL'ANIENE;VIA DELLA FOCE DELL'ANIENE;;;Infortunio per sola frenata improvvisa;;;;;;;;;;1;0;0;1;;;0;2;Autocarro inferiore 35 q.;In marcia / fermata / arresto;Nissan;Atleon;Conducente;1963;M;Illeso;0;;;
3591084;1;07/12/2017 22:25:00;Strada Urbana;PIAZZALE NUMA POMPILIO;all'intersezione semaforizzata con;VIALE DELLE TERME DI CARACALLA;VIALE DELLE TERME DI CARACALLA;;;Scontro frontale/laterale DX fra veicoli in marcia;Intersezione semaforizzata;;Asciutto;Asfaltata;Verticale ed orizzontale;Sereno;Normale;Sufficiente;Sufficiente;0;0;0;2;;;0;1;Autovettura privata;In marcia / fermata / arresto;Mercedes;B180;Conducente;1967;M;Illeso;0;;;
3591084;1;07/12/2017 22:25:00;Strada Urbana;PIAZZALE NUMA POMPILIO;all'intersezione semaforizzata con;VIALE DELLE TERME DI CARACALLA;VIALE DELLE TERME DI CARACALLA;;;Scontro frontale/laterale DX fra veicoli in marcia;Intersezione semaforizzata;;Asciutto;Asfaltata;Verticale ed orizzontale;Sereno;Normale;Sufficiente;Sufficiente;0;0;0;2;;;0;1;Autovettura privata;In marcia / fermata / arresto;Mercedes;B180;Passeggero;1960;F;Illeso;0;;;
3591112;1;08/12/2017 06:45:00;Strada Urbana;VIALE LUIGI EINAUDI;da specificare;;;;pressi intersezione con P.zza della Repubblica;Tamponamento;Rettilineo;Una carreggiata a senso unico di marcia;Bagnato (pioggia);Acciotolata;Verticale ed orizzontale;Nuvoloso;Scarso;Sufficiente;Sufficiente;0;0;0;6;;;0;1;Altro;In marcia / fermata / arresto;Land Rover;Defender;Conducente;1988;M;Illeso;0;;Esente;Inesploso
3591112;1;08/12/2017 06:45:00;Strada Urbana;VIALE LUIGI EINAUDI;da specificare;;;;pressi intersezione con P.zza della Repubblica;Tamponamento;Rettilineo;Una carreggiata a senso unico di marcia;Bagnato (pioggia);Acciotolata;Verticale ed orizzontale;Nuvoloso;Scarso;Sufficiente;Sufficiente;0;0;0;6;;;0;1;Altro;In marcia / fermata / arresto;Land Rover;Defender;Passeggero;1990;M;Illeso;0;;Esente;Inesploso
3591112;1;08/12/2017 06:45:00;Strada Urbana;VIALE LUIGI EINAUDI;da specificare;;;;pressi intersezione con P.zza della Repubblica;Tamponamento;Rettilineo;Una carreggiata a senso unico di marcia;Bagnato (pioggia);Acciotolata;Verticale ed orizzontale;Nuvoloso;Scarso;Sufficiente;Sufficiente;0;0;0;6;;;0;1;Altro;In marcia / fermata / arresto;Land Rover;Defender;Passeggero;1995;M;Illeso;0;;Esente;Inesistente
3591112;1;08/12/2017 06:45:00;Strada Urbana;VIALE LUIGI EINAUDI;da specificare;;;;pressi intersezione con P.zza della Repubblica;Tamponamento;Rettilineo;Una carreggiata a senso unico di marcia;Bagnato (pioggia);Acciotolata;Verticale ed orizzontale;Nuvoloso;Scarso;Sufficiente;Sufficiente;0;0;0;6;;;0;1;Altro;In marcia / fermata / arresto;Land Rover;Defender;Passeggero;1997;M;Illeso;0;;Esente;Inesistente
3591112;1;08/12/2017 06:45:00;Strada Urbana;VIALE LUIGI EINAUDI;da specificare;;;;pressi intersezione con P.zza della Repubblica;Tamponamento;Rettilineo;Una carreggiata a senso unico di marcia;Bagnato (pioggia);Acciotolata;Verticale ed orizzontale;Nuvoloso;Scarso;Sufficiente;Sufficiente;0;0;0;6;;;0;2;Autovettura privata;In marcia / fermata / arresto;Hyundai;i20;Conducente;1978;M;Illeso;0;;Utilizzato;Inesploso
3591112;1;08/12/2017 06:45:00;Strada Urbana;VIALE LUIGI EINAUDI;da specificare;;;;pressi intersezione con P.zza della Repubblica;Tamponamento;Rettilineo;Una carreggiata a senso unico di marcia;Bagnato (pioggia);Acciotolata;Verticale ed orizzontale;Nuvoloso;Scarso;Sufficiente;Sufficiente;0;0;0;6;;;0;2;Autovettura privata;In marcia / fermata / arresto;Hyundai;i20;Passeggero;1969;M;Illeso;0;;Utilizzato;Inesploso
3591125;1;08/12/2017 01:10:00;Strada Urbana;LUNGOTEVERE RAFFAELLO SANZIO;in prossimità;;del civico n.;8 C;;Scontro frontale/laterale SX fra veicoli in marcia;;Una carreggiata a senso unico di marcia;Asciutto;Asfaltata;Verticale ed orizzontale;Sereno;Normale;Sufficiente;Sufficiente;1;0;0;2;;;0;1;Autovettura privata;In marcia / fermata / arresto;Smart ;Fortwo Coupe;Conducente;1991;M;Illeso;0;;;
3591125;1;08/12/2017 01:10:00;Strada Urbana;LUNGOTEVERE RAFFAELLO SANZIO;in prossimità;;del civico n.;8 C;;Scontro frontale/laterale SX fra veicoli in marcia;;Una carreggiata a senso unico di marcia;Asciutto;Asfaltata;Verticale ed orizzontale;Sereno;Normale;Sufficiente;Sufficiente;1;0;0;2;;;0;1;Autovettura privata;In marcia / fermata / arresto;Smart ;Fortwo Coupe;Passeggero;1991;M;Illeso;0;;;
3591125;1;08/12/2017 01:10:00;Strada Urbana;LUNGOTEVERE RAFFAELLO SANZIO;in prossimità;;del civico n.;8 C;;Scontro frontale/laterale SX fra veicoli in marcia;;Una carreggiata a senso unico di marcia;Asciutto;Asfaltata;Verticale ed orizzontale;Sereno;Normale;Sufficiente;Sufficiente;1;0;0;2;;;0;2;Motociclo a solo;In marcia / fermata / arresto;Piaggio;Liberty;Conducente;1995;M;Rimandato;0;NON DECEDUTO;;
3591131;23;08/12/2017 20:00:00;Strada Urbana;VIA CRISTOFORO COLOMBO;in corrispondenza;;del civico n.;1897;;Veicolo in marcia contro ostacolo fisso;Curva a visuale libera;Una carreggiata a senso unico di marcia;Bagnato (pioggia);Asfaltata;Assente;Pioggia in atto;Scarso;Sufficiente;Sufficiente;0;0;0;1;12,4982;41,86362;-1;1;Autovettura privata;In marcia / fermata / arresto;Fiat;500;Conducente;1996;M;Illeso;0;;Non accertato;Inesploso
3591146;10;09/12/2017 03:31:00;;VIA TUSCOLANA;da specificare;;;;carr. di. rm altezza via petrocelli;Investimento di pedone;;;;;;;;;;0;0;1;1;;;0;;;;;;Pedone;1980;F;Deceduto sul posto;-1;;;
3591146;10;09/12/2017 03:31:00;;VIA TUSCOLANA;da specificare;;;;carr. di. rm altezza via petrocelli;Investimento di pedone;;;;;;;;;;0;0;1;1;;;0;1;Autocarro inferiore 35 q.;In marcia / fermata / arresto;Fiat;Doblo';Conducente;1972;M;Illeso;0;;;
3591155;1;09/12/2017 10:30:00;Strada Urbana;VIA DELLE QUATTRO FONTANE;all'intersezione semaforizzata con;VIA NAZIONALE;VIA NAZIONALE;;;Veicolo in marcia contro ostacolo accidentale;Intersezione semaforizzata;Una carreggiata a senso unico di marcia;Viscido da liquidi oleosi;In cubetti di porfido;Verticale ed orizzontale;Nuvoloso;Normale;Buona;Ore Diurne;0;0;0;1;;;0;1;Motociclo con passeggero;In marcia / fermata / arresto;Peugeot;GEOPOLIS;Conducente;1968;M;Illeso;0;;;
3591179;23;08/12/2017 21:00:00;Strada Urbana;VIA DI MACCHIA PALOCCO;all'intersezione con;VIA DEL FOSSO DI DRAGONCELLO;VIA DEL FOSSO DI DRAGONCELLO;;;Scontro frontale/laterale SX fra veicoli in marcia;Incrocio;Una carreggiata a doppio senso;Asciutto;Asfaltata;Verticale;Nuvoloso;Scarso;Sufficiente;Sufficiente;0;0;0;6;12,32917;41,7612;0;1;Autovettura privata;In marcia / fermata / arresto;Honda;Civic;Conducente;1985;M;Illeso;0;;Non accertato;Inesploso
3591179;23;08/12/2017 21:00:00;Strada Urbana;VIA DI MACCHIA PALOCCO;all'intersezione con;VIA DEL FOSSO DI DRAGONCELLO;VIA DEL FOSSO DI DRAGONCELLO;;;Scontro frontale/laterale SX fra veicoli in marcia;Incrocio;Una carreggiata a doppio senso;Asciutto;Asfaltata;Verticale;Nuvoloso;Scarso;Sufficiente;Sufficiente;0;0;0;6;12,32917;41,7612;0;2;Autovettura privata;In marcia / fermata / arresto;Hyundai;Tucson;Conducente;1965;M;Illeso;0;;Non accertato;Inesploso
3591179;23;08/12/2017 21:00:00;Strada Urbana;VIA DI MACCHIA PALOCCO;all'intersezione con;VIA DEL FOSSO DI DRAGONCELLO;VIA DEL FOSSO DI DRAGONCELLO;;;Scontro frontale/laterale SX fra veicoli in marcia;Incrocio;Una carreggiata a doppio senso;Asciutto;Asfaltata;Verticale;Nuvoloso;Scarso;Sufficiente;Sufficiente;0;0;0;6;12,32917;41,7612;0;2;Autovettura privata;In marcia / fermata / arresto;Hyundai;Tucson;Passeggero;2001;F;Illeso;0;;Non accertato;Inesploso
3591179;23;08/12/2017 21:00:00;Strada Urbana;VIA DI MACCHIA PALOCCO;all'intersezione con;VIA DEL FOSSO DI DRAGONCELLO;VIA DEL FOSSO DI DRAGONCELLO;;;Scontro frontale/laterale SX fra veicoli in marcia;Incrocio;Una carreggiata a doppio senso;Asciutto;Asfaltata;Verticale;Nuvoloso;Scarso;Sufficiente;Sufficiente;0;0;0;6;12,32917;41,7612;0;2;Autovettura privata;In marcia / fermata / arresto;Hyundai;Tucson;Passeggero;2003;F;Illeso;0;;Non accertato;Inesploso