Protocollo;Gruppo;DataOraIncidente;Localizzazione1;STRADA1;Localizzazione2;STRADA2;Strada02;Chilometrica;DaSpecificare;NaturaIncidente;particolaritastrade;TipoStrada;FondoStradale;Pavimentazione;Segnaletica;CondizioneAtmosferica;Traffico;Visibilita;Illuminazione;NUM_FERITI;NUM_RISERVATA;NUM_MORTI;NUM_ILLESI;Longitudine;Latitudine;Confermato;Progressivo;TipoVeicolo;StatoVeicolo;Marca;Modello;TipoPersona;AnnoNascita;Sesso;Tipolesione;Deceduto;DecedutoDopo;CinturaCascoUtilizzato;Airbag;
3591770;13;09/12/2017 20:25:00;Strada Urbana;VIA DI MACCHIA SAPONARA;in corrispondenza;;del civico n.;153;;Scontro laterale fra veicoli in marcia;Rettilineo;Una carreggiata a doppio senso;Asciutto;Asfaltata;Verticale ed orizzontale;Nuvoloso;Normale;Buona;Sufficiente;1;0;0;1;12,36103;41,76179;0;1;Motociclo a solo;In marcia / fermata / arresto;Honda;SH 150;Conducente;1967;M;Rimandato;0;NON DECEDUTO;;
3591770;13;09/12/2017 20:25:00;Strada Urbana;VIA DI MACCHIA SAPONARA;in corrispondenza;;del civico n.;153;;Scontro laterale fra veicoli in marcia;Rettilineo;Una carreggiata a doppio senso;Asciutto;Asfaltata;Verticale ed orizzontale;Nuvoloso;Normale;Buona;Sufficiente;1;0;0;1;12,36103;41,76179;0;2;Autovettura privata;In marcia / fermata / arresto;Lancia;Ypsilon;Conducente;1961;M;Illeso;0;;Non accertato;Inesploso
3591778;17;09/12/2017 17:00:00;Strada Urbana;VIA S. PIO X;all'intersezione semaforizzata con;VIA DELLA CONCILIAZIONE;VIA DELLA CONCILIAZIONE;;;Scontro laterale fra veicoli in marcia;Intersezione semaforizzata;Una carreggiata a doppio senso;Asciutto;Asfaltata;Verticale ed orizzontale;Sereno;Normale;Buona;Sufficiente;0;0;0;3;12,46295;41,90226;0;1;Autovettura privata;In marcia / fermata / arresto;Volkswagen;Polo;Conducente;1952;M;Illeso;0;;Non accertato;Inesploso
3591778;17;09/12/2017 17:00:00;Strada Urbana;VIA S. PIO X;all'intersezione semaforizzata con;VIA DELLA CONCILIAZIONE;VIA DELLA CONCILIAZIONE;;;Scontro laterale fra veicoli in marcia;Intersezione semaforizzata;Una carreggiata a doppio senso;Asciutto;Asfaltata;Verticale ed orizzontale;Sereno;Normale;Buona;Sufficiente;0;0;0;3;12,46295;41,90226;0;1;Autovettura privata;In marcia / fermata / arresto;Volkswagen;Polo;Passeggero;1950;F;Illeso;0;;;
3591778;17;09/12/2017 17:00:00;Strada Urbana;VIA S. PIO X;all'intersezione semaforizzata con;VIA DELLA CONCILIAZIONE;VIA DELLA CONCILIAZIONE;;;Scontro laterale fra veicoli in marcia;Intersezione semaforizzata;Una carreggiata a doppio senso;Asciutto;Asfaltata;Verticale ed orizzontale;Sereno;Normale;Buona;Sufficiente;0;0;0;3;12,46295;41,90226;0;2;Motociclo a solo;In marcia / fermata / arresto;Yamaha;Majesty;Conducente;1961;M;Illeso;0;;Non accertato;
3591794;17;09/12/2017 17:13:00;Strada Urbana;PIAZZA ADRIANA;in prossimità;;del civico n.;10;;Ribaltamento senza urto contro ostacolo fisso;Rettilineo;Due carreggiate;Viscido da liquidi oleosi;In cubetti di porfido;Verticale ed orizzontale;Sereno;Normale;Sufficiente;Ore Diurne;0;0;0;2;12,46704;41,90502;0;1;Ciclomotore con passeggero;In marcia / fermata / arresto;Piaggio;Vespa;Conducente;2000;M;Illeso;0;;;
3591794;17;09/12/2017 17:13:00;Strada Urbana;PIAZZA ADRIANA;in prossimità;;del civico n.;10;;Ribaltamento senza urto contro ostacolo fisso;Rettilineo;Due carreggiate;Viscido da liquidi oleosi;In cubetti di porfido;Verticale ed orizzontale;Sereno;Normale;Sufficiente;Ore Diurne;0;0;0;2;12,46704;41,90502;0;1;Ciclomotore con passeggero;In marcia / fermata / arresto;Piaggio;Vespa;Passeggero;1998;M;Illeso;0;;;
3591811;17;09/12/2017 19:20:00;Strada Urbana;VIALE DELLE MEDAGLIE D'ORO;in prossimità;;del civico n.;49;;Scontro frontale/laterale SX fra veicoli in marcia;Rettilineo;Una carreggiata a doppio senso;Asciutto;Asfaltata;Verticale ed orizzontale;Sereno;Intenso;Buona;Sufficiente;0;0;0;2;12,44623;41,91051;0;1;Autovettura privata;In marcia / fermata / arresto;Volkswagen;Golf;Conducente;1990;M;Illeso;0;;;
3591811;17;09/12/2017 19:20:00;Strada Urbana;VIALE DELLE MEDAGLIE D'ORO;in prossimità;;del civico n.;49;;Scontro frontale/laterale SX fra veicoli in marcia;Rettilineo;Una carreggiata a doppio senso;Asciutto;Asfaltata;Verticale ed orizzontale;Sereno;Intenso;Buona;Sufficiente;0;0;0;2;12,44623;41,91051;0;2;Motociclo a solo;In marcia / fermata / arresto;Suzuki;Burgman;Conducente;1988;M;Illeso;0;;;
3591844;1;09/12/2017 16:20:00;Strada Urbana;VIA ELENIANA;all'intersezione con;VIA SEBASTIANO GRANDIS;VIA SEBASTIANO GRANDIS;;;Scontro frontale/laterale DX fra veicoli in marcia;Incrocio;Una carreggiata a doppio senso;Asciutto;;Verticale ed orizzontale;Sereno;Normale;Buona;Sufficiente;1;0;0;1;;;0;1;Autovettura privata;In marcia / fermata / arresto;Audi;A 3;Conducente;1968;M;Illeso;0;;;
3591844;1;09/12/2017 16:20:00;Strada Urbana;VIA ELENIANA;all'intersezione con;VIA SEBASTIANO GRANDIS;VIA SEBASTIANO GRANDIS;;;Scontro frontale/laterale DX fra veicoli in marcia;Incrocio;Una carreggiata a doppio senso;Asciutto;;Verticale ed orizzontale;Sereno;Normale;Buona;Sufficiente;1;0;0;1;;;0;2;Motociclo con passeggero;In marcia / fermata / arresto;Honda;SH 125;Conducente;0;F;Rimandato;0;NON DECEDUTO;;
3591878;1;09/12/2017 15:30:00;Strada Urbana;VIA GUERRIERI;in corrispondenza;;del civico n.;11;;Veicolo in marcia contro veicoli in sosta;Rettilineo;Una carreggiata a doppio senso;Asciutto;Asfaltata;Verticale ed orizzontale;Sereno;Normale;Buona;Ore Diurne;1;0;0;0;12,48877;41,87765;0;1;Autovettura privata;In marcia / fermata / arresto;BMW;530 D;Conducente;1929;M;Rimandato;0;NON DECEDUTO;;
3591885;6;10/12/2017 10:30:00;Strada Urbana;VIA NATALE PALLI;in prossimità;;del civico n.;4;;Veicolo in marcia contro veicolo in sosta;Rettilineo;Una carreggiata a senso unico di marcia;Asciutto;Asfaltata;Orizzontale;Nuvoloso;Scarso;Buona;Ore Diurne;0;0;0;1;12,54188;41,87682;-1;1;Autovettura privata;In marcia / fermata / arresto;Fiat;Scudo;Conducente;1975;M;Illeso;0;;Non accertato;Inesploso
3591911;1;09/12/2017 18:00:00;Strada Urbana;LUNGOTEVERE DEGLI ANGUILLARA;da specificare;;;;in prossimità PONTE GARIBALDI;Investimento di pedone;Rettilineo;Una carreggiata a senso unico di marcia;Asciutto;Asfaltata;Verticale ed orizzontale;Sereno;Normale;Buona;Sufficiente;1;0;0;1;;;0;;;;;;Pedone;1965;F;Rimandato;0;NON DECEDUTO;;
3591911;1;09/12/2017 18:00:00;Strada Urbana;LUNGOTEVERE DEGLI ANGUILLARA;da specificare;;;;in prossimità PONTE GARIBALDI;Investimento di pedone;Rettilineo;Una carreggiata a senso unico di marcia;Asciutto;Asfaltata;Verticale ed orizzontale;Sereno;Normale;Buona;Sufficiente;1;0;0;1;;;0;1;Motociclo a solo;In marcia / fermata / arresto;Honda;-;Conducente;1969;M;Illeso;0;;;
3591984;1;09/12/2017 23:05:00;Strada Urbana;VIA MARMORATA;all'intersezione semaforizzata con;VIA GALVANI;VIA GALVANI;;;Investimento di pedone;Intersezione semaforizzata;Più di due carreggiate;Asciutto;Asfaltata;Verticale ed orizzontale;Nuvoloso;Normale;Buona;Sufficiente;1;0;0;1;;;0;;;;;;Pedone;2000;M;Rimandato;0;NON DECEDUTO;;
3591984;1;09/12/2017 23:05:00;Strada Urbana;VIA MARMORATA;all'intersezione semaforizzata con;VIA GALVANI;VIA GALVANI;;;Investimento di pedone;Intersezione semaforizzata;Più di due carreggiate;Asciutto;Asfaltata;Verticale ed orizzontale;Nuvoloso;Normale;Buona;Sufficiente;1;0;0;1;;;0;1;Motociclo a solo;In marcia / fermata / arresto;Honda;SH 150;Conducente;1968;M;Illeso;0;;;
3591985;4;09/12/2017 19:30:00;;VIA DELLA BUFALOTTA;da specificare;;;;in corrispondenza via Olindo Guerrini;Investimento di pedone;;;;;;;;;;1;0;1;0;12,54983;41,96743;0;;;;;;Pedone;1940;M;Deceduto durante trasporto;-1;;;
3591985;4;09/12/2017 19:30:00;;VIA DELLA BUFALOTTA;da specificare;;;;in corrispondenza via Olindo Guerrini;Investimento di pedone;;;;;;;;;;1;0;1;0;12,54983;41,96743;0;1;Autovettura privata;In marcia / fermata / arresto;Fiat;Panda;Conducente;1975;M;Rimandato;0;NON DECEDUTO;;
3591987;9;08/12/2017 20:40:00;;VIA TUSCOLANA;in corrispondenza;;del civico n.;1386;;Scontro laterale fra veicoli in marcia;;;;;;;;;;0;0;0;5;;;0;1;Autovettura privata;In marcia / fermata / arresto;Opel;Corsa;Conducente;1990;M;Illeso;0;;;
3591987;9;08/12/2017 20:40:00;;VIA TUSCOLANA;in corrispondenza;;del civico n.;1386;;Scontro laterale fra veicoli in marcia;;;;;;;;;;0;0;0;5;;;0;1;Autovettura privata;In marcia / fermata / arresto;Opel;Corsa;Passeggero;0;F;Illeso;0;;;
3591987;9;08/12/2017 20:40:00;;VIA TUSCOLANA;in corrispondenza;;del civico n.;1386;;Scontro laterale fra veicoli in marcia;;;;;;;;;;0;0;0;5;;;0;2;Autovettura privata;In marcia / fermata / arresto;Lancia;Musa;Conducente;1997;M;Illeso;0;;;
3591987;9;08/12/2017 20:40:00;;VIA TUSCOLANA;in corrispondenza;;del civico n.;1386;;Scontro laterale fra veicoli in marcia;;;;;;;;;;0;0;0;5;;;0;2;Autovettura privata;In marcia / fermata / arresto;Lancia;Musa;Passeggero;0;M;Illeso;0;;;
3591991;1;10/12/2017 01:45:00;Strada Urbana;VIA GIOBERTI;all'intersezione semaforizzata con;VIA FARINI;VIA FARINI;;;Scontro frontale/laterale SX fra veicoli in marcia;Intersezione semaforizzata;Una carreggiata a doppio senso;Asciutto;Asfaltata;Verticale;Nuvoloso;Scarso;Buona;Sufficiente;0;0;0;2;;;0;1;Autovettura privata;In marcia / fermata / arresto;Opel;Corsa;Conducente;1977;M;Illeso;0;;;
3591991;1;10/12/2017 01:45:00;Strada Urbana;VIA GIOBERTI;all'intersezione semaforizzata con;VIA FARINI;VIA FARINI;;;Scontro frontale/laterale SX fra veicoli in marcia;Intersezione semaforizzata;Una carreggiata a doppio senso;Asciutto;Asfaltata;Verticale;Nuvoloso;Scarso;Buona;Sufficiente;0;0;0;2;;;0;2;Autovettura privata;In marcia / fermata / arresto;Smart ;ForFour;Conducente;1984;M;Illeso;0;;;
3592085;12;09/12/2017 12:15:00;Strada Urbana;VIALE CITTA' D'EUROPA;all'intersezione con;VIA SIVIGLIA;VIA SIVIGLIA;;;Scontro frontale/laterale DX fra veicoli in marcia;Incrocio;Due carreggiate;Bagnato (pioggia);Asfaltata;Verticale ed orizzontale;Nuvoloso;Normale;Buona;Ore Diurne;0;0;0;4;12,45121;41,82002;0;1;Autovettura privata;In marcia / fermata / arresto;Citroen;Saxo;Conducente;1990;M;Illeso;0;;Utilizzato;Inesploso
3592085;12;09/12/2017 12:15:00;Strada Urbana;VIALE CITTA' D'EUROPA;all'intersezione con;VIA SIVIGLIA;VIA SIVIGLIA;;;Scontro frontale/laterale DX fra veicoli in marcia;Incrocio;Due carreggiate;Bagnato (pioggia);Asfaltata;Verticale ed orizzontale;Nuvoloso;Normale;Buona;Ore Diurne;0;0;0;4;12,45121;41,82002;0;1;Autovettura privata;In marcia / fermata / arresto;Citroen;Saxo;Passeggero;2016;M;Illeso;0;;Utilizzato;Inesploso
3592085;12;09/12/2017 12:15:00;Strada Urbana;VIALE CITTA' D'EUROPA;all'intersezione con;VIA SIVIGLIA;VIA SIVIGLIA;;;Scontro frontale/laterale DX fra veicoli in marcia;Incrocio;Due carreggiate;Bagnato (pioggia);Asfaltata;Verticale ed orizzontale;Nuvoloso;Normale;Buona;Ore Diurne;0;0;0;4;12,45121;41,82002;0;2;Autovettura privata;In marcia / fermata / arresto;Peugeot;108;Conducente;1979;M;Illeso;0;;Utilizzato;Inesploso
3592085;12;09/12/2017 12:15:00;Strada Urbana;VIALE CITTA' D'EUROPA;all'intersezione con;VIA SIVIGLIA;VIA SIVIGLIA;;;Scontro frontale/laterale DX fra veicoli in marcia;Incrocio;Due carreggiate;Bagnato (pioggia);Asfaltata;Verticale ed orizzontale;Nuvoloso;Normale;Buona;Ore Diurne;0;0;0;4;12,45121;41,82002;0;2;Autovettura privata;In marcia / fermata / arresto;Peugeot;108;Passeggero;2016;M;Illeso;0;;Utilizzato;Inesploso
3592088;7;08/12/2017 23:45:00;Strada Urbana;VIA DAVIDE CAMPARI;da specificare;;;;all'altezza del palo Acea n° 39;Veicolo in marcia contro ostacolo fisso;Rettilineo;Una carreggiata a doppio senso;Bagnato (pioggia);Asfaltata;Verticale ed orizzontale;Pioggia in atto;Scarso;Buona;Sufficiente;1;0;0;0;12,58873;41,88571;0;1;Autovettura privata;In marcia / fermata / arresto;Fiat;Punto 5 porte;Conducente;1984;M;Ricoverato;0;NON DECEDUTO;Non accertato;Esploso
3592118;12;09/12/2017 00:25:00;Strada Urbana;VIA DELLE TRE FONTANE;all'intersezione con;VIALE DI VAL FIORITA;VIALE DI VAL FIORITA;;;Scontro frontale/laterale SX fra veicoli in marcia;Incrocio;Una carreggiata a doppio senso;Bagnato (pioggia);Asfaltata;Verticale ed orizzontale;Nuvoloso;Scarso;Sufficiente;Sufficiente;5;0;0;0;12,46806;41,84096;0;1;Autovettura privata;In marcia / fermata / arresto;Fiat;Panda;Conducente;1997;M;Rimandato;0;NON DECEDUTO;Non accertato;Esploso
3592118;12;09/12/2017 00:25:00;Strada Urbana;VIA DELLE TRE FONTANE;all'intersezione con;VIALE DI VAL FIORITA;VIALE DI VAL FIORITA;;;Scontro frontale/laterale SX fra veicoli in marcia;Incrocio;Una carreggiata a doppio senso;Bagnato (pioggia);Asfaltata;Verticale ed orizzontale;Nuvoloso;Scarso;Sufficiente;Sufficiente;5;0;0;0;12,46806;41,84096;0;1;Autovettura privata;In marcia / fermata / arresto;Fiat;Panda;Passeggero;1967;M;Rimandato;0;NON DECEDUTO;Non accertato;Inesploso
3592118;12;09/12/2017 00:25:00;Strada Urbana;VIA DELLE TRE FONTANE;all'intersezione con;VIALE DI VAL FIORITA;VIALE DI VAL FIORITA;;;Scontro frontale/laterale SX fra veicoli in marcia;Incrocio;Una carreggiata a doppio senso;Bagnato (pioggia);Asfaltata;Verticale ed orizzontale;Nuvoloso;Scarso;Sufficiente;Sufficiente;5;0;0;0;12,46806;41,84096;0;1;Autovettura privata;In marcia / fermata / arresto;Fiat;Panda;Passeggero;1995;M;Rimandato;0;NON DECEDUTO;Non accertato;Inesploso
3592118;12;09/12/2017 00:25:00;Strada Urbana;VIA DELLE TRE FONTANE;all'intersezione con;VIALE DI VAL FIORITA;VIALE DI VAL FIORITA;;;Scontro frontale/laterale SX fra veicoli in marcia;Incrocio;Una carreggiata a doppio senso;Bagnato (pioggia);Asfaltata;Verticale ed orizzontale;Nuvoloso;Scarso;Sufficiente;Sufficiente;5;0;0;0;12,46806;41,84096;0;1;Autovettura privata;In marcia / fermata / arresto;Fiat;Panda;Passeggero;1997;M;Rimandato;0;NON DECEDUTO;Non accertato;Inesploso
3592118;12;09/12/2017 00:25:00;Strada Urbana;VIA DELLE TRE FONTANE;all'intersezione con;VIALE DI VAL FIORITA;VIALE DI VAL FIORITA;;;Scontro frontale/laterale SX fra veicoli in marcia;Incrocio;Una carreggiata a doppio senso;Bagnato (pioggia);Asfaltata;Verticale ed orizzontale;Nuvoloso;Scarso;Sufficiente;Sufficiente;5;0;0;0;12,46806;41,84096;0;2;Autovettura privata;In marcia / fermata / arresto;Daewoo;Matiz;Conducente;1971;M;Rimandato;0;NON DECEDUTO;Non accertato;Inesploso
3592121;2;07/12/2017 19:20:00;;VIA SEBINO;in prossimità;;del civico n.;16;;Investimento di pedone;;;;;;;;;;1;0;0;1;;;0;;;;;;Pedone;1953;F;Illeso;0;;;
3592121;2;07/12/2017 19:20:00;;VIA SEBINO;in prossimità;;del civico n.;16;;Investimento di pedone;;;;;;;;;;1;0;0;1;;;0;1;Motociclo a solo;In marcia / fermata / arresto;Honda;SH 150;Conducente;1938;M;Rimandato;0;NON DECEDUTO;;
3592123;9;08/12/2017 01:20:00;;VIALE SPARTACO;all'intersezione semaforizzata con;VIA LUCIO SESTIO;VIA LUCIO SESTIO;;;Scontro frontale/laterale DX fra veicoli in marcia;;;;;;;;;;0;0;0;2;;;0;1;Autovettura privata;In marcia / fermata / arresto;Toyota;IQ;Conducente;1972;M;Illeso;0;;;
3592123;9;08/12/2017 01:20:00;;VIALE SPARTACO;all'intersezione semaforizzata con;VIA LUCIO SESTIO;VIA LUCIO SESTIO;;;Scontro frontale/laterale DX fra veicoli in marcia;;;;;;;;;;0;0;0;2;;;0;2;Autovettura privata;In marcia / fermata / arresto;Nissan;Juke;Conducente;1975;M;Illeso;0;;;
3592129;9;08/12/2017 03:00:00;;VIALE S. GIOVANNI BOSCO;all'intersezione semaforizzata con;VIA CALPURNIO FIAMMA;VIA CALPURNIO FIAMMA;;;Scontro frontale/laterale SX fra veicoli in marcia;;;;;;;;;;1;0;0;1;;;0;1;Autovettura privata;In marcia / fermata / arresto;Fiat;600;Conducente;1972;M;Rimandato;0;NON DECEDUTO;Non accertato;Inesploso
3592129;9;08/12/2017 03:00:00;;VIALE S. GIOVANNI BOSCO;all'intersezione semaforizzata con;VIA CALPURNIO FIAMMA;VIA CALPURNIO FIAMMA;;;Scontro frontale/laterale SX fra veicoli in marcia;;;;;;;;;;1;0;0;1;;;0;2;Autovettura privata;In marcia / fermata / arresto;Mercedes;A 180;Conducente;1966;M;Illeso;0;;;
3592145;9;10/12/2017 13:20:00;;VIA FARSALO;da specificare;;;;VARIANTE CHE COLLEGA V. FARSALO A VIA DEI LATERANI;Scontro frontale fra veicoli in marcia;;;;;;;;;;0;0;0;4;;;0;1;Autovettura privata;In marcia / fermata / arresto;Lancia;Y;Conducente;1980;F;Illeso;0;;;
3592145;9;10/12/2017 13:20:00;;VIA FARSALO;da specificare;;;;VARIANTE CHE COLLEGA V. FARSALO A VIA DEI LATERANI;Scontro frontale fra veicoli in marcia;;;;;;;;;;0;0;0;4;;;0;2;Autovettura privata;In marcia / fermata / arresto;Opel;Corsa;Conducente;1978;M;Illeso;0;;;
3592145;9;10/12/2017 13:20:00;;VIA FARSALO;da specificare;;;;VARIANTE CHE COLLEGA V. FARSALO A VIA DEI LATERANI;Scontro frontale fra veicoli in marcia;;;;;;;;;;0;0;0;4;;;0;2;Autovettura privata;In marcia / fermata / arresto;Opel;Corsa;Passeggero;1980;M;Illeso;0;;;
3592145;9;10/12/2017 13:20:00;;VIA FARSALO;da specificare;;;;VARIANTE CHE COLLEGA V. FARSALO A VIA DEI LATERANI;Scontro frontale fra veicoli in marcia;;;;;;;;;;0;0;0;4;;;0;2;Autovettura privata;In marcia / fermata / arresto;Opel;Corsa;Passeggero;2012;M;Illeso;0;;;
3592177;12;06/12/2017 17:00:00;Strada Urbana;VIALE DELL'ARTE;all'intersezione con;VIALE AMERICA;VIALE AMERICA;;;Infortunio per caduta del veicolo;Incrocio;Una carreggiata a doppio senso;Asciutto;Asfaltata;Verticale ed orizzontale;Sereno;Intenso;Buona;Ore Diurne;1;0;0;0;12,47358;41,82813;0;1;Motociclo a solo;In marcia / fermata / arresto;BMW;800 cc.;Conducente;1974;M;Rimandato;0;NON DECEDUTO;Non accertato;
3592182;13;10/12/2017 15:20:00;Strada Urbana;VIALE DEI ROMAGNOLI;da specificare;;;;prossimità via di Tor Boacciana;Ribaltamento senza urto contro ostacolo fisso;Curva a visuale libera;Una carreggiata a senso unico di marcia;Bagnato (pioggia);Asfaltata;Orizzontale;Pioggia in atto;Normale;Sufficiente;Sufficiente;0;0;0;1;;;0;1;Autovettura privata;In marcia / fermata / arresto;Kia;Picanto;Conducente;1967;M;Illeso;0;;Non accertato;Inesploso
3592183;12;06/12/2017 17:00:00;Strada Urbana;VIA LAURENTINA;all'intersezione semaforizzata con;VIA DI ACQUA ACETOSA OSTIENSE;VIA DI ACQUA ACETOSA OSTIENSE;;;Infortunio per sola frenata improvvisa;Incrocio;Due carreggiate;Asciutto;Asfaltata;Verticale ed orizzontale;Sereno;Intenso;Buona;Ore Diurne;0;0;0;1;12,48115;41,8012;0;1;Motociclo a solo;In marcia / fermata / arresto;Suzuki;Burgman 400;Conducente;1967;M;Illeso;0;;Utilizzato;
3592187;12;06/12/2017 22:00:00;;VIA FRANCESCO SAPORI;da specificare;;;;in prossimità di Via NICOLA LISI;Scontro laterale fra veicoli in marcia;;;;;;;;;;0;0;0;2;12,48428;41,81151;0;1;Autovettura privata;In marcia / fermata / arresto;Toyota;Yaris;Conducente;1996;M;Illeso;0;;Non accertato;Inesploso
3592187;12;06/12/2017 22:00:00;;VIA FRANCESCO SAPORI;da specificare;;;;in prossimità di Via NICOLA LISI;Scontro laterale fra veicoli in marcia;;;;;;;;;;0;0;0;2;12,48428;41,81151;0;1;Autovettura privata;In marcia / fermata / arresto;Toyota;Yaris;Passeggero;1981;M;Illeso;0;;;
3592189;2;08/12/2017 21:00:00;;VIALE BRUNO BUOZZI;all'intersezione semaforizzata con;VIA ANTONIO GRAMSCI;VIA ANTONIO GRAMSCI;;;Scontro frontale fra veicoli in marcia;;;;;;;;;;1;0;0;1;;;0;1;Autovettura privata;In marcia / fermata / arresto;Nissan;QASHQAI;Conducente;1964;M;Illeso;0;;;
3592189;2;08/12/2017 21:00:00;;VIALE BRUNO BUOZZI;all'intersezione semaforizzata con;VIA ANTONIO GRAMSCI;VIA ANTONIO GRAMSCI;;;Scontro frontale fra veicoli in marcia;;;;;;;;;;1;0;0;1;;;0;2;Motociclo a solo;In marcia / fermata / arresto;Piaggio;Beverly;Conducente;1996;M;Rimandato;0;NON DECEDUTO;;
3592207;12;06/12/2017 07:45:00;Strada Urbana;VIA DI MEZZOCAMMINO;da specificare;;;;alt. Via Colombo;Scontro frontale fra veicoli in marcia;Curva a visuale libera;Una carreggiata a senso unico di marcia;Asciutto;Asfaltata;Verticale ed orizzontale;Sereno;Normale;Buona;Ore Diurne;0;0;0;2;12,42475;41,7884;0;1;Autovettura privata;In marcia / fermata / arresto;BMW;320;Conducente;1992;M;Illeso;0;;Non accertato;Inesploso
3592207;12;06/12/2017 07:45:00;Strada Urbana;VIA DI MEZZOCAMMINO;da specificare;;;;alt. Via Colombo;Scontro frontale fra veicoli in marcia;Curva a visuale libera;Una carreggiata a senso unico di marcia;Asciutto;Asfaltata;Verticale ed orizzontale;Sereno;Normale;Buona;Ore Diurne;0;0;0;2;12,42475;41,7884;0;2;Autovettura privata;In marcia / fermata / arresto;Fiat;Punto;Conducente;1978;M;Illeso;0;;Utilizzato;Inesploso
3592208;12;06/12/2017 19:17:00;Strada Urbana;VIA LAURENTINA;all'intersezione con;VIA DI TOR PAGNOTTA;VIA DI TOR PAGNOTTA;;;Scontro laterale fra veicoli in marcia;Rotatoria;Una carreggiata a senso unico di marcia;Asciutto;Asfaltata;Verticale ed orizzontale;Sereno;Normale;Buona;Sufficiente;0;0;0;3;12,4824;41,80373;0;1;Autovettura privata;In marcia / fermata / arresto;Toyota;Yaris;Conducente;1991;M;Illeso;0;;Non accertato;Inesploso
3592208;12;06/12/2017 19:17:00;Strada Urbana;VIA LAURENTINA;all'intersezione con;VIA DI TOR PAGNOTTA;VIA DI TOR PAGNOTTA;;;Scontro laterale fra veicoli in marcia;Rotatoria;Una carreggiata a senso unico di marcia;Asciutto;Asfaltata;Verticale ed orizzontale;Sereno;Normale;Buona;Sufficiente;0;0;0;3;12,4824;41,80373;0;2;Autovettura privata;In marcia / fermata / arresto;Daimler;ML 320;Conducente;1990;M;Illeso;0;;;
3592208;12;06/12/2017 19:17:00;Strada Urbana;VIA LAURENTINA;all'intersezione con;VIA DI TOR PAGNOTTA;VIA DI TOR PAGNOTTA;;;Scontro laterale fra veicoli in marcia;Rotatoria;Una carreggiata a senso unico di marcia;Asciutto;Asfaltata;Verticale ed orizzontale;Sereno;Normale;Buona;Sufficiente;0;0;0;3;12,4824;41,80373;0;2;Autovettura privata;In marcia / fermata / arresto;Daimler;ML 320;Passeggero;1997;F;Illeso;0;;;
3592211;12;07/12/2017 09:15:00;Strada Urbana;VIA MARIO CARUCCI;da specificare;;;;al. benzinaio IP (civ. 16);Scontro frontale fra veicoli in marcia;Curva senza visuale libera;Una carreggiata a doppio senso;Asciutto;Asfaltata;Verticale ed orizzontale;Nuvoloso;Normale;Buona;Ore Diurne;1;0;0;1;12,49028;41,79837;0;1;Filobus;In marcia / fermata / arresto;Breda;Bus;Conducente;1970;M;Illeso;0;;;
3592211;12;07/12/2017 09:15:00;Strada Urbana;VIA MARIO CARUCCI;da specificare;;;;al. benzinaio IP (civ. 16);Scontro frontale fra veicoli in marcia;Curva senza visuale libera;Una carreggiata a doppio senso;Asciutto;Asfaltata;Verticale ed orizzontale;Nuvoloso;Normale;Buona;Ore Diurne;1;0;0;1;12,49028;41,79837;0;2;Autovettura privata;In marcia / fermata / arresto;Alfa Romeo;147;Conducente;1965;M;Rimandato;0;NON DECEDUTO;;
3592213;2;08/12/2017 23:40:00;;VIA SALARIA;in prossimità;;della chilometrica;14.55;;Veicolo in marcia contro ostacolo fisso;;;;;;;;;;1;0;0;0;;;0;1;Motociclo a solo;In marcia / fermata / arresto;Ducati;(non accertato);Conducente;1969;M;Rimandato;0;NON DECEDUTO;;
3592216;12;06/12/2017 15:00:00;Strada Urbana;VIA CRISTOFORO COLOMBO;da specificare;;;;prox Via Umanesimo direz. Gra;Tamponamento Multiplo;Rettilineo;Una carreggiata a senso unico di marcia;Asciutto;Asfaltata;Verticale ed orizzontale;Sereno;Intenso;Buona;Ore Diurne;1;0;0;2;12,41155;41,78584;-1;1;Autovettura privata;In marcia / fermata / arresto;Citroen;C 4 Picasso;Conducente;1972;F;Rimandato;0;NON DECEDUTO;;
3592216;12;06/12/2017 15:00:00;Strada Urbana;VIA CRISTOFORO COLOMBO;da specificare;;;;prox Via Umanesimo direz. Gra;Tamponamento Multiplo;Rettilineo;Una carreggiata a senso unico di marcia;Asciutto;Asfaltata;Verticale ed orizzontale;Sereno;Intenso;Buona;Ore Diurne;1;0;0;2;12,41155;41,78584;-1;2;Autovettura privata;In marcia / fermata / arresto;BMW;318;Conducente;1973;M;Illeso;0;;;
3592216;12;06/12/2017 15:00:00;Strada Urbana;VIA CRISTOFORO COLOMBO;da specificare;;;;prox Via Umanesimo direz. Gra;Tamponamento Multiplo;Rettilineo;Una carreggiata a senso unico di marcia;Asciutto;Asfaltata;Verticale ed orizzontale;Sereno;Intenso;Buona;Ore Diurne;1;0;0;2;12,41155;41,78584;-1;3;Autovettura privata;In marcia / fermata / arresto;Dacia;Sandero;Conducente;1961;M;Illeso;0;;;
3592221;12;07/12/2017 19:30:00;;VIA OSTIENSE;all'intersezione con;VIA DELL'IPPICA;VIA DELL'IPPICA;;;Scontro laterale fra veicoli in marcia;;;;;;;;;;1;0;0;1;12,43583;41,81934;0;1;Autovettura privata;In marcia / fermata / arresto;Fiat;Panda;Conducente;1968;F;Illeso;0;;;
3592221;12;07/12/2017 19:30:00;;VIA OSTIENSE;all'intersezione con;VIA DELL'IPPICA;VIA DELL'IPPICA;;;Scontro laterale fra veicoli in marcia;;;;;;;;;;1;0;0;1;12,43583;41,81934;0;2;Motociclo a solo;In marcia / fermata / arresto;BMW;F650 GS;Conducente;1960;M;Rimandato;0;NON DECEDUTO;Non accertato;