Protocollo;Gruppo;DataOraIncidente;Localizzazione1;STRADA1;Localizzazione2;STRADA2;Strada02;Chilometrica;DaSpecificare;NaturaIncidente;particolaritastrade;TipoStrada;FondoStradale;Pavimentazione;Segnaletica;CondizioneAtmosferica;Traffico;Visibilita;Illuminazione;NUM_FERITI;NUM_RISERVATA;NUM_MORTI;NUM_ILLESI;Longitudine;Latitudine;Confermato;Progressivo;TipoVeicolo;StatoVeicolo;Marca;Modello;TipoPersona;AnnoNascita;Sesso;Tipolesione;Deceduto;DecedutoDopo;CinturaCascoUtilizzato;Airbag;
3592224;12;07/12/2017 16:45:00;Strada Urbana;VIALE EUROPA;all'intersezione con;VIALE SHAKESPEARE;VIALE SHAKESPEARE;;;Veicolo in marcia contro ostacolo fisso;Incrocio;Una carreggiata a doppio senso;Asciutto;Asfaltata;Temporanea di cantiere;Sereno;Intenso;Buona;Ore Diurne;0;0;0;1;12,4677;41,83127;-1;1;Autovettura privata;In marcia / fermata / arresto;Ford;C-MAX;Conducente;1967;M;Illeso;0;;Utilizzato;Inesploso
3592226;12;07/12/2017 18:00:00;Provinciale;VIA ARDEATINA;da specificare;;;;PROX KM 12,000;Tamponamento;Rettilineo;Una carreggiata a doppio senso;Asciutto;Asfaltata;Verticale ed orizzontale;Sereno;Normale;Buona;Ore Diurne;0;0;0;2;12,56072;41,74837;0;1;Motociclo a solo;In marcia / fermata / arresto;Aprilia;Mana 850;Conducente;1973;M;Illeso;0;;Utilizzato;
3592226;12;07/12/2017 18:00:00;Provinciale;VIA ARDEATINA;da specificare;;;;PROX KM 12,000;Tamponamento;Rettilineo;Una carreggiata a doppio senso;Asciutto;Asfaltata;Verticale ed orizzontale;Sereno;Normale;Buona;Ore Diurne;0;0;0;2;12,56072;41,74837;0;2;Autovettura privata;In marcia / fermata / arresto;Mercedes;Sprinter;Conducente;1972;M;Illeso;0;;Utilizzato;Inesploso
3592231;2;09/12/2017 04:40:00;Strada Urbana;VIALE LIEGI;in corrispondenza;;del civico n.;50;;Veicolo in marcia contro ostacolo fisso;Rettilineo;Una carreggiata a doppio senso;Asciutto;Asfaltata;Verticale ed orizzontale;Vento forte;Scarso;Buona;Sufficiente;1;0;0;0;12,49497;41,92182;0;1;Motociclo a solo;In marcia / fermata / arresto;Honda;SH 150;Conducente;1986;M;Rimandato;0;NON DECEDUTO;;
3592234;12;07/12/2017 18:45:00;Strada Urbana;VIA LAURENTINA;all'intersezione con;VIA DEI CORAZZIERI;VIA DEI CORAZZIERI;;;Scontro frontale/laterale DX fra veicoli in marcia;Intersezione semaforizzata;Due carreggiate;Asciutto;Asfaltata;Verticale ed orizzontale;Sereno;Intenso;Buona;Sufficiente;0;0;0;2;12,47975;41,82254;0;1;Autovettura privata;In marcia / fermata / arresto;Mini;Cooper;Conducente;1995;F;Illeso;0;;Utilizzato;Inesploso
3592234;12;07/12/2017 18:45:00;Strada Urbana;VIA LAURENTINA;all'intersezione con;VIA DEI CORAZZIERI;VIA DEI CORAZZIERI;;;Scontro frontale/laterale DX fra veicoli in marcia;Intersezione semaforizzata;Due carreggiate;Asciutto;Asfaltata;Verticale ed orizzontale;Sereno;Intenso;Buona;Sufficiente;0;0;0;2;12,47975;41,82254;0;2;Autovettura privata;In marcia / fermata / arresto;Citroen;C 1;Conducente;1958;M;Illeso;0;;Utilizzato;Inesploso
3592237;12;07/12/2017 15:05:00;Strada Urbana;VIALE BEATA VERGINE DEL CARMELO;in prossimità;;del civico n.;123;;Investimento di pedone;Rettilineo;Una carreggiata a doppio senso;Asciutto;Asfaltata;Verticale ed orizzontale;Sereno;Normale;Buona;Ore Diurne;1;0;0;1;12,44014;41,80692;0;;;;;;Pedone;1937;F;Rimandato;0;NON DECEDUTO;;
3592237;12;07/12/2017 15:05:00;Strada Urbana;VIALE BEATA VERGINE DEL CARMELO;in prossimità;;del civico n.;123;;Investimento di pedone;Rettilineo;Una carreggiata a doppio senso;Asciutto;Asfaltata;Verticale ed orizzontale;Sereno;Normale;Buona;Ore Diurne;1;0;0;1;12,44014;41,80692;0;1;Autovettura privata;In marcia / fermata / arresto;Fiat;Panda;Conducente;1953;M;Illeso;0;;Non accertato;Inesistente
3592238;12;07/12/2017 19:05:00;;VIA DELLA CECCHIGNOLA;in corrispondenza;;del civico n.;153;;Scontro frontale fra veicoli in marcia;;;;;;;;;;1;0;0;1;;;0;1;Autovettura privata;In marcia / fermata / arresto;Kia;Carens;Conducente;1961;M;Illeso;0;;;
3592238;12;07/12/2017 19:05:00;;VIA DELLA CECCHIGNOLA;in corrispondenza;;del civico n.;153;;Scontro frontale fra veicoli in marcia;;;;;;;;;;1;0;0;1;;;0;2;Motociclo a solo;In marcia / fermata / arresto;Honda;SH;Conducente;1982;M;Rimandato;0;NON DECEDUTO;Utilizzato;
3592564;9;10/12/2017 20:45:00;;VIA TERNI;all'intersezione con;VIA FOLIGNO;VIA FOLIGNO;;;Scontro frontale/laterale DX fra veicoli in marcia;;;;;;;;;;0;0;0;3;;;0;1;Autovettura privata;In marcia / fermata / arresto;Chrysler;Dodge Caliber;Conducente;1972;M;Illeso;0;;;
3592564;9;10/12/2017 20:45:00;;VIA TERNI;all'intersezione con;VIA FOLIGNO;VIA FOLIGNO;;;Scontro frontale/laterale DX fra veicoli in marcia;;;;;;;;;;0;0;0;3;;;0;1;Autovettura privata;In marcia / fermata / arresto;Chrysler;Dodge Caliber;Passeggero;0;F;Illeso;0;;;
3592564;9;10/12/2017 20:45:00;;VIA TERNI;all'intersezione con;VIA FOLIGNO;VIA FOLIGNO;;;Scontro frontale/laterale DX fra veicoli in marcia;;;;;;;;;;0;0;0;3;;;0;2;Autovettura privata;In marcia / fermata / arresto;Daimler Chrysler;Smart;Conducente;1992;M;Illeso;0;;;
3592567;11;11/12/2017 01:00:00;Strada Urbana;VIA APPIA ANTICA;in corrispondenza;;del civico n.;16;;Veicolo in marcia contro ostacolo fisso;Rettilineo;Una carreggiata a doppio senso;Bagnato (pioggia);Acciotolata;Verticale ed orizzontale;Pioggia in atto;Scarso;Sufficiente;Sufficiente;0;0;0;2;;;0;1;Autovettura privata;In marcia / fermata / arresto;Ford;Fiesta;Conducente;1991;F;Illeso;0;;Non accertato;
3592567;11;11/12/2017 01:00:00;Strada Urbana;VIA APPIA ANTICA;in corrispondenza;;del civico n.;16;;Veicolo in marcia contro ostacolo fisso;Rettilineo;Una carreggiata a doppio senso;Bagnato (pioggia);Acciotolata;Verticale ed orizzontale;Pioggia in atto;Scarso;Sufficiente;Sufficiente;0;0;0;2;;;0;1;Autovettura privata;In marcia / fermata / arresto;Ford;Fiesta;Passeggero;1989;M;Illeso;0;;Non accertato;
3592568;9;10/12/2017 23:30:00;;VIA CALPURNIO FIAMMA;all'intersezione semaforizzata con;VIALE S. GIOVANNI BOSCO;VIALE S. GIOVANNI BOSCO;;;Scontro frontale/laterale SX fra veicoli in marcia;;;;;;;;;;0;0;0;4;;;0;1;Autovettura privata;In marcia / fermata / arresto;Citroen;C 1;Conducente;1989;M;Illeso;0;;;
3592568;9;10/12/2017 23:30:00;;VIA CALPURNIO FIAMMA;all'intersezione semaforizzata con;VIALE S. GIOVANNI BOSCO;VIALE S. GIOVANNI BOSCO;;;Scontro frontale/laterale SX fra veicoli in marcia;;;;;;;;;;0;0;0;4;;;0;1;Autovettura privata;In marcia / fermata / arresto;Citroen;C 1;Passeggero;0;F;Illeso;0;;;
3592568;9;10/12/2017 23:30:00;;VIA CALPURNIO FIAMMA;all'intersezione semaforizzata con;VIALE S. GIOVANNI BOSCO;VIALE S. GIOVANNI BOSCO;;;Scontro frontale/laterale SX fra veicoli in marcia;;;;;;;;;;0;0;0;4;;;0;2;Autovettura privata;In marcia / fermata / arresto;Volkswagen;Golf;Conducente;1990;M;Illeso;0;;;
3592568;9;10/12/2017 23:30:00;;VIA CALPURNIO FIAMMA;all'intersezione semaforizzata con;VIALE S. GIOVANNI BOSCO;VIALE S. GIOVANNI BOSCO;;;Scontro frontale/laterale SX fra veicoli in marcia;;;;;;;;;;0;0;0;4;;;0;2;Autovettura privata;In marcia / fermata / arresto;Volkswagen;Golf;Passeggero;0;F;Illeso;0;;;
3592569;7;07/12/2017 13:00:00;Strada Urbana;VIALE PALMIRO TOGLIATTI;in corrispondenza;;del civico n.;234;;Investimento di pedone;Rettilineo;Due carreggiate;Asciutto;Asfaltata;Verticale ed orizzontale;Sereno;Normale;Buona;Ore Diurne;0;0;0;2;12,57;41,86412;0;;;;;;Pedone;1966;M;Illeso;0;;;
3592569;7;07/12/2017 13:00:00;Strada Urbana;VIALE PALMIRO TOGLIATTI;in corrispondenza;;del civico n.;234;;Investimento di pedone;Rettilineo;Due carreggiate;Asciutto;Asfaltata;Verticale ed orizzontale;Sereno;Normale;Buona;Ore Diurne;0;0;0;2;12,57;41,86412;0;1;Autovettura privata;In marcia / fermata / arresto;Fiat;Panda;Conducente;1953;F;Illeso;0;;Non accertato;Inesploso
3592570;7;09/12/2017 10:20:00;Strada Urbana;VIA TOR DE' SCHIAVI;in corrispondenza;;del civico n.;151;;Scontro frontale/laterale SX fra veicoli in marcia;Rettilineo;Una carreggiata a doppio senso;Bagnato (pioggia);Asfaltata;Assente;Nuvoloso;Normale;Buona;Ore Diurne;0;0;0;2;12,56277;41,88383;0;1;Autovettura privata;In marcia / fermata / arresto;Fiat-Lancia;Y;Conducente;1985;F;Illeso;0;;Non accertato;Inesploso
3592570;7;09/12/2017 10:20:00;Strada Urbana;VIA TOR DE' SCHIAVI;in corrispondenza;;del civico n.;151;;Scontro frontale/laterale SX fra veicoli in marcia;Rettilineo;Una carreggiata a doppio senso;Bagnato (pioggia);Asfaltata;Assente;Nuvoloso;Normale;Buona;Ore Diurne;0;0;0;2;12,56277;41,88383;0;2;Autovettura privata;In marcia / fermata / arresto;Mini;One;Conducente;1982;M;Illeso;0;;Non accertato;Inesploso
3592574;15;10/12/2017 14:30:00;Strada Urbana;VIADOTTO DELLA MAGLIANA;da specificare;;;;altezza Via del Cappellaccio;Veicolo in marcia contro ostacolo fisso;Curva a visuale libera;Due carreggiate;Bagnato (pioggia);Asfaltata;Verticale ed orizzontale;Nuvoloso;Normale;Buona;Ore Diurne;0;0;0;1;;;0;1;Autovettura privata;In marcia / fermata / arresto;Ford;Fusion;Conducente;1990;F;Illeso;0;;Utilizzato;
3592576;11;10/12/2017 20:10:00;Strada Urbana;VIA LAURENTINA;in corrispondenza;;del civico n.;500;;Veicolo in marcia contro veicolo fermo;Rettilineo;Due carreggiate;Bagnato (pioggia);Asfaltata;Orizzontale;Pioggia in atto;Scarso;Buona;Sufficiente;0;0;0;2;12,47975;41,82888;0;1;Autovettura privata;In marcia / fermata / arresto;Toyota;Yaris;Conducente;1999;M;Illeso;0;;Non accertato;Inesploso
3592576;11;10/12/2017 20:10:00;Strada Urbana;VIA LAURENTINA;in corrispondenza;;del civico n.;500;;Veicolo in marcia contro veicolo fermo;Rettilineo;Due carreggiate;Bagnato (pioggia);Asfaltata;Orizzontale;Pioggia in atto;Scarso;Buona;Sufficiente;0;0;0;2;12,47975;41,82888;0;2;Autovettura privata;In marcia / fermata / arresto;Ford;Fiesta;Conducente;1995;M;Illeso;0;;Non accertato;Inesploso
3592577;7;09/12/2017 15:45:00;;VIA PRENESTINA BIS;da specificare;;;;parcheggio bricoman;Veicoli in marcia contro veicolo fermo;;;;;;;;;;0;0;0;4;;;0;1;Autovettura privata;In marcia / fermata / arresto;Opel;Meriva;Conducente;1959;M;Illeso;0;;Non accertato;Inesploso
3592577;7;09/12/2017 15:45:00;;VIA PRENESTINA BIS;da specificare;;;;parcheggio bricoman;Veicoli in marcia contro veicolo fermo;;;;;;;;;;0;0;0;4;;;0;1;Autovettura privata;In marcia / fermata / arresto;Opel;Meriva;Passeggero;1989;F;Illeso;0;;Non accertato;Inesploso
3592577;7;09/12/2017 15:45:00;;VIA PRENESTINA BIS;da specificare;;;;parcheggio bricoman;Veicoli in marcia contro veicolo fermo;;;;;;;;;;0;0;0;4;;;0;2;Autovettura privata;In marcia / fermata / arresto;Nissan;Primera;Conducente;1994;F;Illeso;0;;Non accertato;Inesploso
3592577;7;09/12/2017 15:45:00;;VIA PRENESTINA BIS;da specificare;;;;parcheggio bricoman;Veicoli in marcia contro veicolo fermo;;;;;;;;;;0;0;0;4;;;0;2;Autovettura privata;In marcia / fermata / arresto;Nissan;Primera;Passeggero;1967;M;Illeso;0;;;
3592578;15;10/12/2017 15:45:00;Strada Urbana;VIA VAIANO;all'intersezione con;VIA PIEVE FOSCIANA;VIA PIEVE FOSCIANA;;;Scontro frontale/laterale DX fra veicoli in marcia;Incrocio;Una carreggiata a doppio senso;Asciutto;Asfaltata;Assente;Nuvoloso;Scarso;Buona;Ore Diurne;0;0;0;3;;;0;1;Autovettura privata;In marcia / fermata / arresto;Ford;Fiesta;Conducente;1972;F;Illeso;0;;;
3592578;15;10/12/2017 15:45:00;Strada Urbana;VIA VAIANO;all'intersezione con;VIA PIEVE FOSCIANA;VIA PIEVE FOSCIANA;;;Scontro frontale/laterale DX fra veicoli in marcia;Incrocio;Una carreggiata a doppio senso;Asciutto;Asfaltata;Assente;Nuvoloso;Scarso;Buona;Ore Diurne;0;0;0;3;;;0;2;Autovettura privata;In marcia / fermata / arresto;Chevrolet;spark;Conducente;1988;F;Illeso;0;;Utilizzato;
3592578;15;10/12/2017 15:45:00;Strada Urbana;VIA VAIANO;all'intersezione con;VIA PIEVE FOSCIANA;VIA PIEVE FOSCIANA;;;Scontro frontale/laterale DX fra veicoli in marcia;Incrocio;Una carreggiata a doppio senso;Asciutto;Asfaltata;Assente;Nuvoloso;Scarso;Buona;Ore Diurne;0;0;0;3;;;0;2;Autovettura privata;In marcia / fermata / arresto;Chevrolet;spark;Passeggero;1968;F;Illeso;0;;;
3592594;11;09/12/2017 18:25:00;Strada Urbana;VIA ROSA GUARNIERI CARDUCCI;in corrispondenza;;del civico n.;51;;Investimento di pedone;Rettilineo;Più di due carreggiate;Asciutto;Asfaltata;Orizzontale;Nuvoloso;Scarso;Sufficiente;Sufficiente;0;0;0;2;12,48981;41,85767;0;;;;;;Pedone;1990;M;Illeso;0;;;
3592594;11;09/12/2017 18:25:00;Strada Urbana;VIA ROSA GUARNIERI CARDUCCI;in corrispondenza;;del civico n.;51;;Investimento di pedone;Rettilineo;Più di due carreggiate;Asciutto;Asfaltata;Orizzontale;Nuvoloso;Scarso;Sufficiente;Sufficiente;0;0;0;2;12,48981;41,85767;0;1;Autovettura privata;In marcia / fermata / arresto;Mercedes;Classe A;Conducente;1963;M;Illeso;0;;Non accertato;
3592608;11;10/12/2017 03:00:00;Strada Urbana;LUNGOTEVERE DI S. PAOLO;in corrispondenza;;del civico n.;10;;Scontro frontale/laterale SX fra veicoli in marcia;Rettilineo;Una carreggiata a doppio senso;Asciutto;Asfaltata;Orizzontale;Nuvoloso;Scarso;Sufficiente;Sufficiente;2;0;0;2;12,4769;41,86147;0;1;Autovettura privata;In marcia / fermata / arresto;Fiat;500;Conducente;1996;M;Rimandato;0;NON DECEDUTO;Non accertato;
3592608;11;10/12/2017 03:00:00;Strada Urbana;LUNGOTEVERE DI S. PAOLO;in corrispondenza;;del civico n.;10;;Scontro frontale/laterale SX fra veicoli in marcia;Rettilineo;Una carreggiata a doppio senso;Asciutto;Asfaltata;Orizzontale;Nuvoloso;Scarso;Sufficiente;Sufficiente;2;0;0;2;12,4769;41,86147;0;1;Autovettura privata;In marcia / fermata / arresto;Fiat;500;Passeggero;1994;M;Rimandato;0;NON DECEDUTO;;
3592608;11;10/12/2017 03:00:00;Strada Urbana;LUNGOTEVERE DI S. PAOLO;in corrispondenza;;del civico n.;10;;Scontro frontale/laterale SX fra veicoli in marcia;Rettilineo;Una carreggiata a doppio senso;Asciutto;Asfaltata;Orizzontale;Nuvoloso;Scarso;Sufficiente;Sufficiente;2;0;0;2;12,4769;41,86147;0;2;Autovettura privata;In marcia / fermata / arresto;Peugeot;208;Conducente;1979;M;Illeso;0;;;
3592608;11;10/12/2017 03:00:00;Strada Urbana;LUNGOTEVERE DI S. PAOLO;in corrispondenza;;del civico n.;10;;Scontro frontale/laterale SX fra veicoli in marcia;Rettilineo;Una carreggiata a doppio senso;Asciutto;Asfaltata;Orizzontale;Nuvoloso;Scarso;Sufficiente;Sufficiente;2;0;0;2;12,4769;41,86147;0;2;Autovettura privata;In marcia / fermata / arresto;Peugeot;208;Passeggero;1985;F;Illeso;0;;;
3592626;11;09/12/2017 11:30:00;Strada Urbana;VIA CRISTOFORO COLOMBO;da specificare;;;;complanare altezza civico 191B;Veicolo in marcia contro veicolo in sosta;Rettilineo;Più di due carreggiate;Bagnato (pioggia);Asfaltata;Verticale ed orizzontale;Nuvoloso;Normale;Buona;Ore Diurne;0;0;0;3;12,49747;41,86437;0;1;Autovettura privata;In marcia / fermata / arresto;BMW;--;Conducente;1933;M;Illeso;0;;Non accertato;Inesploso
3592626;11;09/12/2017 11:30:00;Strada Urbana;VIA CRISTOFORO COLOMBO;da specificare;;;;complanare altezza civico 191B;Veicolo in marcia contro veicolo in sosta;Rettilineo;Più di due carreggiate;Bagnato (pioggia);Asfaltata;Verticale ed orizzontale;Nuvoloso;Normale;Buona;Ore Diurne;0;0;0;3;12,49747;41,86437;0;2;Autovettura privata;Sosta;Opel;Zafira;Passeggero;1982;F;Illeso;0;;Non accertato;
3592626;11;09/12/2017 11:30:00;Strada Urbana;VIA CRISTOFORO COLOMBO;da specificare;;;;complanare altezza civico 191B;Veicolo in marcia contro veicolo in sosta;Rettilineo;Più di due carreggiate;Bagnato (pioggia);Asfaltata;Verticale ed orizzontale;Nuvoloso;Normale;Buona;Ore Diurne;0;0;0;3;12,49747;41,86437;0;2;Autovettura privata;Sosta;Opel;Zafira;Passeggero;2016;M;Illeso;0;;;
3592627;5;07/12/2017 16:05:00;;VIALE EGIDIO GALBANI;in corrispondenza;;del civico n.;5;;Tamponamento Multiplo;;;;;;;;;;0;0;0;5;12,56345;41,92828;0;1;Autovettura privata;In marcia / fermata / arresto;Fiat;Punto;Conducente;0;M;Illeso;0;;;
3592627;5;07/12/2017 16:05:00;;VIALE EGIDIO GALBANI;in corrispondenza;;del civico n.;5;;Tamponamento Multiplo;;;;;;;;;;0;0;0;5;12,56345;41,92828;0;2;Autovettura privata;In marcia / fermata / arresto;Toyota;Yaris;Conducente;0;M;Illeso;0;;;
3592627;5;07/12/2017 16:05:00;;VIALE EGIDIO GALBANI;in corrispondenza;;del civico n.;5;;Tamponamento Multiplo;;;;;;;;;;0;0;0;5;12,56345;41,92828;0;3;Autovettura privata;In marcia / fermata / arresto;BMW;320;Conducente;0;M;Illeso;0;;;
3592627;5;07/12/2017 16:05:00;;VIALE EGIDIO GALBANI;in corrispondenza;;del civico n.;5;;Tamponamento Multiplo;;;;;;;;;;0;0;0;5;12,56345;41,92828;0;4;Autovettura privata;In marcia / fermata / arresto;Volkswagen;UP;Conducente;0;M;Illeso;0;;;
3592627;5;07/12/2017 16:05:00;;VIALE EGIDIO GALBANI;in corrispondenza;;del civico n.;5;;Tamponamento Multiplo;;;;;;;;;;0;0;0;5;12,56345;41,92828;0;5;Autovettura pubblica;In marcia / fermata / arresto;Mercedes;E 220 CDI;Conducente;0;M;Illeso;0;;;
3592636;5;07/12/2017 19:40:00;;VIA CARLO ARTURO JEMOLO;all'intersezione con;VIA ALDO SANDULLI;VIA ALDO SANDULLI;;;Scontro frontale/laterale DX fra veicoli in marcia;;;;;;;;;;0;0;0;2;12,58642;41,94845;0;1;Autovettura privata;In marcia / fermata / arresto;Fiat;Punto;Conducente;0;F;Illeso;0;;;
3592636;5;07/12/2017 19:40:00;;VIA CARLO ARTURO JEMOLO;all'intersezione con;VIA ALDO SANDULLI;VIA ALDO SANDULLI;;;Scontro frontale/laterale DX fra veicoli in marcia;;;;;;;;;;0;0;0;2;12,58642;41,94845;0;2;Autocarro inferiore 35 q.;In marcia / fermata / arresto;Fiat;(non accertato);Conducente;0;M;Illeso;0;;;
3592645;5;07/12/2017 21:00:00;;VIA TIBURTINA;in prossimità;;del civico n.;1292;;Investimento di pedone;;;;;;;;;;1;0;0;1;12,61137;41,93547;0;;;;;;Pedone;0;M;Rimandato;0;NON DECEDUTO;;
3592645;5;07/12/2017 21:00:00;;VIA TIBURTINA;in prossimità;;del civico n.;1292;;Investimento di pedone;;;;;;;;;;1;0;0;1;12,61137;41,93547;0;1;Autovettura privata;In marcia / fermata / arresto;Ford;Fiesta;Conducente;0;F;Illeso;0;;;
3592649;18;08/12/2017 22:00:00;;VIA GREGORIO VII;da specificare;;;;FRONTE CIV. 130 ( CORSIA PREFERENZIALE);Veicolo in marcia contro ostacolo fisso;;;;;;;;;;1;0;0;0;12,44064;41,89612;0;1;Ciclomotore;In marcia / fermata / arresto;Honda;.;Conducente;1983;M;Rimandato;0;NON DECEDUTO;Utilizzato;
3592650;7;10/12/2017 22:30:00;;VIA DEI MONTI TIBURTINI;in corrispondenza;;del civico n.;414;;Tamponamento;;;;;;;;;;0;0;0;3;;;0;1;Autovettura privata;In marcia / fermata / arresto;Chevrolet;Matiz;Conducente;1970;F;Illeso;0;;;Inesploso
3592650;7;10/12/2017 22:30:00;;VIA DEI MONTI TIBURTINI;in corrispondenza;;del civico n.;414;;Tamponamento;;;;;;;;;;0;0;0;3;;;0;2;Motociclo a solo;In marcia / fermata / arresto;Honda;Silverwing;Conducente;1967;M;Illeso;0;;Non accertato;
3592650;7;10/12/2017 22:30:00;;VIA DEI MONTI TIBURTINI;in corrispondenza;;del civico n.;414;;Tamponamento;;;;;;;;;;0;0;0;3;;;0;2;Motociclo a solo;In marcia / fermata / arresto;Honda;Silverwing;Passeggero;1981;F;Illeso;0;;;
3592651;7;09/12/2017 12:40:00;Strada Urbana;VIALE ALESSANDRINO;all'intersezione con;VIA MOLFETTA;VIA MOLFETTA;;;Scontro frontale/laterale DX fra veicoli in marcia;Intersezione stradale segnalata;Una carreggiata a doppio senso;Bagnato (pioggia);Asfaltata;Verticale ed orizzontale;Pioggia in atto;Scarso;Buona;Ore Diurne;0;0;0;2;12,58144;41,88244;0;1;Autovettura privata;In marcia / fermata / arresto;Fiat;16;Conducente;1979;M;Illeso;0;;;
3592651;7;09/12/2017 12:40:00;Strada Urbana;VIALE ALESSANDRINO;all'intersezione con;VIA MOLFETTA;VIA MOLFETTA;;;Scontro frontale/laterale DX fra veicoli in marcia;Intersezione stradale segnalata;Una carreggiata a doppio senso;Bagnato (pioggia);Asfaltata;Verticale ed orizzontale;Pioggia in atto;Scarso;Buona;Ore Diurne;0;0;0;2;12,58144;41,88244;0;2;Autovettura privata;In marcia / fermata / arresto;Renault;Twingo;Conducente;1970;M;Illeso;0;;;
3592652;4;07/12/2017 12:45:00;;VIA GIOVANNI CONTI;da specificare;;;;interno area sterrata del mercato (area privata);Veicolo in marcia contro veicolo fermo;;;;;;;;;;0;0;0;3;12,53208;41,95527;0;1;Autovettura di soccorso;Sosta;Fiat;Ducato;Passeggero;1979;M;Illeso;0;;;
3592652;4;07/12/2017 12:45:00;;VIA GIOVANNI CONTI;da specificare;;;;interno area sterrata del mercato (area privata);Veicolo in marcia contro veicolo fermo;;;;;;;;;;0;0;0;3;12,53208;41,95527;0;1;Autovettura di soccorso;Sosta;Fiat;Ducato;Passeggero;1993;F;Illeso;0;;;
3592652;4;07/12/2017 12:45:00;;VIA GIOVANNI CONTI;da specificare;;;;interno area sterrata del mercato (area privata);Veicolo in marcia contro veicolo fermo;;;;;;;;;;0;0;0;3;12,53208;41,95527;0;2;Autocarro inferiore 35 q.;In marcia / fermata / arresto;Fiat;Iveco Daily;Conducente;1970;M;Illeso;0;;;
3592655;15;11/12/2017 06:35:00;Strada Urbana;VIA DELLA MAGLIANA;da specificare;;;;alt. inters. semaforizzata con Viadotto Magliana;Tamponamento;Rettilineo;Una carreggiata a senso unico di marcia;Bagnato (pioggia);Asfaltata;Verticale;Nuvoloso;Intenso;Buona;Sufficiente;0;0;0;3;12,45404;41,84037;0;1;Autovettura privata;In marcia / fermata / arresto;Nissan;Micra;Conducente;1989;M;Illeso;0;;Non accertato;Inesploso
3592655;15;11/12/2017 06:35:00;Strada Urbana;VIA DELLA MAGLIANA;da specificare;;;;alt. inters. semaforizzata con Viadotto Magliana;Tamponamento;Rettilineo;Una carreggiata a senso unico di marcia;Bagnato (pioggia);Asfaltata;Verticale;Nuvoloso;Intenso;Buona;Sufficiente;0;0;0;3;12,45404;41,84037;0;1;Autovettura privata;In marcia / fermata / arresto;Nissan;Micra;Passeggero;1974;F;Illeso;0;;Non accertato;Inesploso
3592655;15;11/12/2017 06:35:00;Strada Urbana;VIA DELLA MAGLIANA;da specificare;;;;alt. inters. semaforizzata con Viadotto Magliana;Tamponamento;Rettilineo;Una carreggiata a senso unico di marcia;Bagnato (pioggia);Asfaltata;Verticale;Nuvoloso;Intenso;Buona;Sufficiente;0;0;0;3;12,45404;41,84037;0;2;Autovettura di polizia;In marcia / fermata / arresto;Renault;Kangoo;Conducente;1970;M;Illeso;0;;Non accertato;Inesploso
3592658;4;07/12/2017 15:50:00;Statale entro l'abitato;VIA SALARIA;in corrispondenza;;del civico n.;691;;Tamponamento Multiplo;Rettilineo;Una carreggiata a senso unico di marcia;Asciutto;Asfaltata;Orizzontale;Sereno;Normale;Buona;Ore Diurne;0;0;0;3;;;0;1;Autovettura privata;In marcia / fermata / arresto;Fiat;500;Conducente;1996;F;Illeso;0;;;
3592658;4;07/12/2017 15:50:00;Statale entro l'abitato;VIA SALARIA;in corrispondenza;;del civico n.;691;;Tamponamento Multiplo;Rettilineo;Una carreggiata a senso unico di marcia;Asciutto;Asfaltata;Orizzontale;Sereno;Normale;Buona;Ore Diurne;0;0;0;3;;;0;2;Autovettura privata;In marcia / fermata / arresto;Lancia;Ypsilon;Conducente;1983;F;Illeso;0;;;
3592658;4;07/12/2017 15:50:00;Statale entro l'abitato;VIA SALARIA;in corrispondenza;;del civico n.;691;;Tamponamento Multiplo;Rettilineo;Una carreggiata a senso unico di marcia;Asciutto;Asfaltata;Orizzontale;Sereno;Normale;Buona;Ore Diurne;0;0;0;3;;;0;3;Autovettura privata;In marcia / fermata / arresto;Toyota;Yaris;Conducente;1989;F;Illeso;0;;;
3592660;6;10/12/2017 19:30:00;;PIAZZA DEI CONDOTTIERI;all'intersezione con;VIA ALBERTO DA GIUSSANO;VIA ALBERTO DA GIUSSANO;;;Scontro frontale/laterale SX fra veicoli in marcia;;;;;;;;;;1;0;0;1;;;0;1;Motociclo a solo;In marcia / fermata / arresto;Honda;SH 125;Conducente;1990;M;Rimandato;0;NON DECEDUTO;;
3592660;6;10/12/2017 19:30:00;;PIAZZA DEI CONDOTTIERI;all'intersezione con;VIA ALBERTO DA GIUSSANO;VIA ALBERTO DA GIUSSANO;;;Scontro frontale/laterale SX fra veicoli in marcia;;;;;;;;;;1;0;0;1;;;0;2;Autovettura privata;In marcia / fermata / arresto;Alfa Romeo;159 Sportwagon;Conducente;1973;M;Illeso;0;;;
3592662;11;08/12/2017 20:00:00;Strada Urbana;VIA LAURENTINA;in corrispondenza;;del civico n.;84;;Tamponamento;Rettilineo;Due carreggiate;Bagnato (pioggia);Asfaltata;Verticale ed orizzontale;Pioggia in atto;Normale;Buona;Sufficiente;0;0;0;2;12,47917;41,84505;-1;1;Autovettura privata;In marcia / fermata / arresto;Lancia;Ypsilon;Conducente;1970;M;Illeso;0;;;
3592662;11;08/12/2017 20:00:00;Strada Urbana;VIA LAURENTINA;in corrispondenza;;del civico n.;84;;Tamponamento;Rettilineo;Due carreggiate;Bagnato (pioggia);Asfaltata;Verticale ed orizzontale;Pioggia in atto;Normale;Buona;Sufficiente;0;0;0;2;12,47917;41,84505;-1;2;Autocarro inferiore 35 q.;In marcia / fermata / arresto;Nissan;(ignoto);Conducente;1965;M;Illeso;0;;;