Protocollo;Gruppo;DataOraIncidente;Localizzazione1;STRADA1;Localizzazione2;STRADA2;Strada02;Chilometrica;DaSpecificare;NaturaIncidente;particolaritastrade;TipoStrada;FondoStradale;Pavimentazione;Segnaletica;CondizioneAtmosferica;Traffico;Visibilita;Illuminazione;NUM_FERITI;NUM_RISERVATA;NUM_MORTI;NUM_ILLESI;Longitudine;Latitudine;Confermato;Progressivo;TipoVeicolo;StatoVeicolo;Marca;Modello;TipoPersona;AnnoNascita;Sesso;Tipolesione;Deceduto;DecedutoDopo;CinturaCascoUtilizzato;Airbag;
3592811;7;09/12/2017 23:30:00;;VIA DEI CASTANI;all'intersezione con;VIA DEI GELSI;VIA DEI GELSI;;;Scontro frontale/laterale SX fra veicoli in marcia;;;;;;;;;;1;0;0;4;;;0;2;Autovettura privata;In marcia / fermata / arresto;Fiat;Panda;Passeggero;1998;M;Illeso;0;;;
3592811;7;09/12/2017 23:30:00;;VIA DEI CASTANI;all'intersezione con;VIA DEI GELSI;VIA DEI GELSI;;;Scontro frontale/laterale SX fra veicoli in marcia;;;;;;;;;;1;0;0;4;;;0;2;Autovettura privata;In marcia / fermata / arresto;Fiat;Panda;Passeggero;1999;F;Rimandato;0;NON DECEDUTO;;
3592815;8;10/12/2017 03:30:00;;VIA POLENSE;in prossimità;;della chilometrica;31;;Veicolo in marcia contro ostacolo fisso;;;;;;;;;;1;0;0;0;;;0;1;Autovettura privata;In marcia / fermata / arresto;Citroen;C 3;Conducente;1990;M;Rimandato;0;NON DECEDUTO;Non accertato;Esploso
3592816;18;10/12/2017 20:30:00;Statale;VIA AURELIA;in prossimità;;del civico n.;11.900;;Tamponamento;Rettilineo;Due carreggiate;Bagnato (pioggia);Asfaltata;Verticale ed orizzontale;Pioggia in atto;Normale;Insufficiente;Insufficiente;0;0;0;5;12,38508;41,8867;0;1;Autovettura privata;In marcia / fermata / arresto;Chevrolet;Matiz;Conducente;1972;F;Illeso;0;;Non accertato;Inesploso
3592816;18;10/12/2017 20:30:00;Statale;VIA AURELIA;in prossimità;;del civico n.;11.900;;Tamponamento;Rettilineo;Due carreggiate;Bagnato (pioggia);Asfaltata;Verticale ed orizzontale;Pioggia in atto;Normale;Insufficiente;Insufficiente;0;0;0;5;12,38508;41,8867;0;1;Autovettura privata;In marcia / fermata / arresto;Chevrolet;Matiz;Passeggero;1972;F;Illeso;0;;Non accertato;Inesploso
3592816;18;10/12/2017 20:30:00;Statale;VIA AURELIA;in prossimità;;del civico n.;11.900;;Tamponamento;Rettilineo;Due carreggiate;Bagnato (pioggia);Asfaltata;Verticale ed orizzontale;Pioggia in atto;Normale;Insufficiente;Insufficiente;0;0;0;5;12,38508;41,8867;0;2;Autovettura privata;In marcia / fermata / arresto;Nissan;Micra;Conducente;1994;M;Illeso;0;;Non accertato;Inesploso
3592816;18;10/12/2017 20:30:00;Statale;VIA AURELIA;in prossimità;;del civico n.;11.900;;Tamponamento;Rettilineo;Due carreggiate;Bagnato (pioggia);Asfaltata;Verticale ed orizzontale;Pioggia in atto;Normale;Insufficiente;Insufficiente;0;0;0;5;12,38508;41,8867;0;2;Autovettura privata;In marcia / fermata / arresto;Nissan;Micra;Passeggero;1993;M;Illeso;0;;Non accertato;Inesploso
3592816;18;10/12/2017 20:30:00;Statale;VIA AURELIA;in prossimità;;del civico n.;11.900;;Tamponamento;Rettilineo;Due carreggiate;Bagnato (pioggia);Asfaltata;Verticale ed orizzontale;Pioggia in atto;Normale;Insufficiente;Insufficiente;0;0;0;5;12,38508;41,8867;0;2;Autovettura privata;In marcia / fermata / arresto;Nissan;Micra;Passeggero;1998;F;Illeso;0;;Non accertato;Inesploso
3592823;2;09/12/2017 18:10:00;;VIA LUISA DI SAVOIA;in prossimità;;del civico n.;fr. 2;;Scontro laterale fra veicoli in marcia;;;;;;;;;;1;0;0;4;;;0;1;Motociclo con passeggero;In marcia / fermata / arresto;Honda;SH150;Conducente;1961;F;Rimandato;0;NON DECEDUTO;;
3592823;2;09/12/2017 18:10:00;;VIA LUISA DI SAVOIA;in prossimità;;del civico n.;fr. 2;;Scontro laterale fra veicoli in marcia;;;;;;;;;;1;0;0;4;;;0;1;Motociclo con passeggero;In marcia / fermata / arresto;Honda;SH150;Passeggero;1985;F;Illeso;0;;;
3592823;2;09/12/2017 18:10:00;;VIA LUISA DI SAVOIA;in prossimità;;del civico n.;fr. 2;;Scontro laterale fra veicoli in marcia;;;;;;;;;;1;0;0;4;;;0;2;Autovettura privata;In marcia / fermata / arresto;Hyundai;Tucson;Conducente;1972;M;Illeso;0;;;
3592823;2;09/12/2017 18:10:00;;VIA LUISA DI SAVOIA;in prossimità;;del civico n.;fr. 2;;Scontro laterale fra veicoli in marcia;;;;;;;;;;1;0;0;4;;;0;2;Autovettura privata;In marcia / fermata / arresto;Hyundai;Tucson;Passeggero;1970;F;Illeso;0;;;
3592823;2;09/12/2017 18:10:00;;VIA LUISA DI SAVOIA;in prossimità;;del civico n.;fr. 2;;Scontro laterale fra veicoli in marcia;;;;;;;;;;1;0;0;4;;;0;2;Autovettura privata;In marcia / fermata / arresto;Hyundai;Tucson;Passeggero;2003;F;Illeso;0;;;
3592825;8;09/12/2017 09:20:00;;VIA PRENESTINA;da specificare;;;;pross. fermata Bus Ponzoni;Investimento di pedone;;;;;;;;;;1;0;0;1;;;0;;;;;;Pedone;2001;F;Ricoverato;0;NON DECEDUTO;;
3592825;8;09/12/2017 09:20:00;;VIA PRENESTINA;da specificare;;;;pross. fermata Bus Ponzoni;Investimento di pedone;;;;;;;;;;1;0;0;1;;;0;1;Autovettura privata;In marcia / fermata / arresto;Fiat;Punto;Conducente;1950;M;Illeso;0;;;
3592827;8;09/12/2017 07:50:00;;VIA DI TORRENOVA;in corrispondenza;;del civico n.;63 A;;Scontro frontale fra veicoli in marcia;;;;;;;;;;5;0;0;1;;;0;1;Autovettura privata;In marcia / fermata / arresto;Kia;Picanto;Conducente;1971;M;Rifiuta cure immediate;0;NON DECEDUTO;;
3592827;8;09/12/2017 07:50:00;;VIA DI TORRENOVA;in corrispondenza;;del civico n.;63 A;;Scontro frontale fra veicoli in marcia;;;;;;;;;;5;0;0;1;;;0;1;Autovettura privata;In marcia / fermata / arresto;Kia;Picanto;Passeggero;1987;M;Rifiuta cure immediate;0;NON DECEDUTO;;
3592827;8;09/12/2017 07:50:00;;VIA DI TORRENOVA;in corrispondenza;;del civico n.;63 A;;Scontro frontale fra veicoli in marcia;;;;;;;;;;5;0;0;1;;;0;1;Autovettura privata;In marcia / fermata / arresto;Kia;Picanto;Passeggero;1991;F;Rifiuta cure immediate;0;NON DECEDUTO;;
3592827;8;09/12/2017 07:50:00;;VIA DI TORRENOVA;in corrispondenza;;del civico n.;63 A;;Scontro frontale fra veicoli in marcia;;;;;;;;;;5;0;0;1;;;0;1;Autovettura privata;In marcia / fermata / arresto;Kia;Picanto;Passeggero;1998;M;Rifiuta cure immediate;0;NON DECEDUTO;;
3592827;8;09/12/2017 07:50:00;;VIA DI TORRENOVA;in corrispondenza;;del civico n.;63 A;;Scontro frontale fra veicoli in marcia;;;;;;;;;;5;0;0;1;;;0;2;Autovettura privata;In marcia / fermata / arresto;Audi;A 3;Conducente;1951;F;Illeso;0;;;
3592827;8;09/12/2017 07:50:00;;VIA DI TORRENOVA;in corrispondenza;;del civico n.;63 A;;Scontro frontale fra veicoli in marcia;;;;;;;;;;5;0;0;1;;;0;2;Autovettura privata;In marcia / fermata / arresto;Audi;A 3;Passeggero;1972;M;Rimandato;0;NON DECEDUTO;;
3592828;2;09/12/2017 20:35:00;;VIALE REGINA MARGHERITA;in corrispondenza;;del civico n.;3;;Scontro laterale fra veicoli in marcia;;;;;;;;;;0;0;0;3;;;0;1;Autovettura privata;In marcia / fermata / arresto;Volkswagen;Golf;Conducente;1968;M;Illeso;0;;;
3592828;2;09/12/2017 20:35:00;;VIALE REGINA MARGHERITA;in corrispondenza;;del civico n.;3;;Scontro laterale fra veicoli in marcia;;;;;;;;;;0;0;0;3;;;0;2;Autovettura privata;In marcia / fermata / arresto;Smart ;FORTWO;Conducente;1979;F;Illeso;0;;;
3592828;2;09/12/2017 20:35:00;;VIALE REGINA MARGHERITA;in corrispondenza;;del civico n.;3;;Scontro laterale fra veicoli in marcia;;;;;;;;;;0;0;0;3;;;0;2;Autovettura privata;In marcia / fermata / arresto;Smart ;FORTWO;Passeggero;1974;F;Illeso;0;;;
3592831;2;09/12/2017 22:30:00;Strada Urbana;VIALE MARESCIALLO PILSUDSKI;in prossimità;;del civico n.;fr. 38A;;Scontro frontale/laterale SX fra veicoli in marcia;Rettilineo;Una carreggiata a doppio senso;Asciutto;Asfaltata;Verticale ed orizzontale;Sereno;Normale;Buona;Sufficiente;0;0;0;7;12,4761;41,928;0;1;Autovettura privata;In marcia / fermata / arresto;Audi;A 6;Conducente;1980;M;Illeso;0;;Non accertato;Inesploso
3592831;2;09/12/2017 22:30:00;Strada Urbana;VIALE MARESCIALLO PILSUDSKI;in prossimità;;del civico n.;fr. 38A;;Scontro frontale/laterale SX fra veicoli in marcia;Rettilineo;Una carreggiata a doppio senso;Asciutto;Asfaltata;Verticale ed orizzontale;Sereno;Normale;Buona;Sufficiente;0;0;0;7;12,4761;41,928;0;1;Autovettura privata;In marcia / fermata / arresto;Audi;A 6;Passeggero;1980;F;Illeso;0;;Non accertato;Inesploso
3592831;2;09/12/2017 22:30:00;Strada Urbana;VIALE MARESCIALLO PILSUDSKI;in prossimità;;del civico n.;fr. 38A;;Scontro frontale/laterale SX fra veicoli in marcia;Rettilineo;Una carreggiata a doppio senso;Asciutto;Asfaltata;Verticale ed orizzontale;Sereno;Normale;Buona;Sufficiente;0;0;0;7;12,4761;41,928;0;1;Autovettura privata;In marcia / fermata / arresto;Audi;A 6;Passeggero;2002;F;Illeso;0;;Non accertato;Inesploso
3592831;2;09/12/2017 22:30:00;Strada Urbana;VIALE MARESCIALLO PILSUDSKI;in prossimità;;del civico n.;fr. 38A;;Scontro frontale/laterale SX fra veicoli in marcia;Rettilineo;Una carreggiata a doppio senso;Asciutto;Asfaltata;Verticale ed orizzontale;Sereno;Normale;Buona;Sufficiente;0;0;0;7;12,4761;41,928;0;1;Autovettura privata;In marcia / fermata / arresto;Audi;A 6;Passeggero;2007;F;Illeso;0;;Non accertato;Inesploso
3592831;2;09/12/2017 22:30:00;Strada Urbana;VIALE MARESCIALLO PILSUDSKI;in prossimità;;del civico n.;fr. 38A;;Scontro frontale/laterale SX fra veicoli in marcia;Rettilineo;Una carreggiata a doppio senso;Asciutto;Asfaltata;Verticale ed orizzontale;Sereno;Normale;Buona;Sufficiente;0;0;0;7;12,4761;41,928;0;2;Autovettura privata;In marcia / fermata / arresto;Audi;A1;Conducente;1996;M;Illeso;0;;Non accertato;Esploso
3592831;2;09/12/2017 22:30:00;Strada Urbana;VIALE MARESCIALLO PILSUDSKI;in prossimità;;del civico n.;fr. 38A;;Scontro frontale/laterale SX fra veicoli in marcia;Rettilineo;Una carreggiata a doppio senso;Asciutto;Asfaltata;Verticale ed orizzontale;Sereno;Normale;Buona;Sufficiente;0;0;0;7;12,4761;41,928;0;2;Autovettura privata;In marcia / fermata / arresto;Audi;A1;Passeggero;1988;M;Illeso;0;;Non accertato;Esploso
3592831;2;09/12/2017 22:30:00;Strada Urbana;VIALE MARESCIALLO PILSUDSKI;in prossimità;;del civico n.;fr. 38A;;Scontro frontale/laterale SX fra veicoli in marcia;Rettilineo;Una carreggiata a doppio senso;Asciutto;Asfaltata;Verticale ed orizzontale;Sereno;Normale;Buona;Sufficiente;0;0;0;7;12,4761;41,928;0;2;Autovettura privata;In marcia / fermata / arresto;Audi;A1;Passeggero;1997;M;Illeso;0;;Non accertato;Inesploso
3592833;8;09/12/2017 10:05:00;Strada Urbana;VIA CASILINA;in prossimità;;del civico n.;1805 A;;Veicolo in marcia contro ostacolo fisso;Rettilineo;Una carreggiata a senso unico di marcia;Bagnato (umidità in atto);Asfaltata;Assente;Nuvoloso;Normale;Buona;Ore Diurne;0;0;0;2;12,68025;41,86314;-1;1;Autovettura privata;In marcia / fermata / arresto;Opel;Insigna;Conducente;1950;M;Illeso;0;;Non accertato;Inesploso
3592833;8;09/12/2017 10:05:00;Strada Urbana;VIA CASILINA;in prossimità;;del civico n.;1805 A;;Veicolo in marcia contro ostacolo fisso;Rettilineo;Una carreggiata a senso unico di marcia;Bagnato (umidità in atto);Asfaltata;Assente;Nuvoloso;Normale;Buona;Ore Diurne;0;0;0;2;12,68025;41,86314;-1;1;Autovettura privata;In marcia / fermata / arresto;Opel;Insigna;Passeggero;1954;F;Illeso;0;;Non accertato;Inesploso
3592835;2;09/12/2017 16:55:00;Strada Urbana;VIA TOMMASO SALVINI;in prossimità;;del civico n.;1;;Veicolo in marcia contro veicoli in sosta;Rettilineo;Una carreggiata a senso unico di marcia;Asciutto;Asfaltata;Verticale ed orizzontale;Nuvoloso;Normale;Buona;Sufficiente;0;0;0;2;12,49328;41,92848;0;1;Autovettura privata;In marcia / fermata / arresto;Ferrari;(ignoto);Conducente;1965;M;Illeso;0;;Non accertato;Inesploso
3592835;2;09/12/2017 16:55:00;Strada Urbana;VIA TOMMASO SALVINI;in prossimità;;del civico n.;1;;Veicolo in marcia contro veicoli in sosta;Rettilineo;Una carreggiata a senso unico di marcia;Asciutto;Asfaltata;Verticale ed orizzontale;Nuvoloso;Normale;Buona;Sufficiente;0;0;0;2;12,49328;41,92848;0;1;Autovettura privata;In marcia / fermata / arresto;Ferrari;(ignoto);Passeggero;2005;M;Illeso;0;;;
3592840;8;09/12/2017 10:00:00;Strada Urbana;VIA DI ROCCA CENCIA;in prossimità;;del civico n.;52;;Investimento di pedone;Rettilineo;Una carreggiata a doppio senso;Bagnato (pioggia);Asfaltata;Orizzontale;Pioggia in atto;Normale;Buona;Ore Diurne;1;0;0;1;12,688;41,86526;0;;;;;;Pedone;1942;M;Rimandato;0;NON DECEDUTO;;
3592840;8;09/12/2017 10:00:00;Strada Urbana;VIA DI ROCCA CENCIA;in prossimità;;del civico n.;52;;Investimento di pedone;Rettilineo;Una carreggiata a doppio senso;Bagnato (pioggia);Asfaltata;Orizzontale;Pioggia in atto;Normale;Buona;Ore Diurne;1;0;0;1;12,688;41,86526;0;1;Autovettura privata;In marcia / fermata / arresto;Lancia;Lybra;Conducente;1944;M;Illeso;0;;Non accertato;Inesploso
3592852;4;08/12/2017 15:55:00;;VIA UGO OJETTI;in corrispondenza;;del civico n.;148;;Scontro laterale fra veicoli in marcia;;;;;;;;;;0;0;0;2;12,55221;41,94454;0;1;Autovettura privata;In marcia / fermata / arresto;Daimler;Mercedes;Conducente;1996;M;Illeso;0;;;
3592852;4;08/12/2017 15:55:00;;VIA UGO OJETTI;in corrispondenza;;del civico n.;148;;Scontro laterale fra veicoli in marcia;;;;;;;;;;0;0;0;2;12,55221;41,94454;0;2;Autobus turistico;In marcia / fermata / arresto;(ignoto);(non accertato);Conducente;1959;M;Illeso;0;;;
3592855;7;10/12/2017 12:00:00;Strada Urbana;VIALE GIOVANNI BATTISTA VALENTE;in corrispondenza;;del civico n.;59;;Scontro laterale fra veicoli in marcia;Rettilineo;Una carreggiata a doppio senso;Asciutto;Asfaltata;Verticale ed orizzontale;Nuvoloso;Scarso;Buona;Ore Diurne;1;0;0;2;12,56641;41,89683;0;1;Autovettura privata;In marcia / fermata / arresto;Alfa Lancia;Y;Conducente;1966;F;Rimandato;0;NON DECEDUTO;Non accertato;Inesploso
3592855;7;10/12/2017 12:00:00;Strada Urbana;VIALE GIOVANNI BATTISTA VALENTE;in corrispondenza;;del civico n.;59;;Scontro laterale fra veicoli in marcia;Rettilineo;Una carreggiata a doppio senso;Asciutto;Asfaltata;Verticale ed orizzontale;Nuvoloso;Scarso;Buona;Ore Diurne;1;0;0;2;12,56641;41,89683;0;2;Autovettura privata;In marcia / fermata / arresto;Fiat;Panda;Conducente;1978;M;Illeso;0;;Non accertato;Inesploso
3592855;7;10/12/2017 12:00:00;Strada Urbana;VIALE GIOVANNI BATTISTA VALENTE;in corrispondenza;;del civico n.;59;;Scontro laterale fra veicoli in marcia;Rettilineo;Una carreggiata a doppio senso;Asciutto;Asfaltata;Verticale ed orizzontale;Nuvoloso;Scarso;Buona;Ore Diurne;1;0;0;2;12,56641;41,89683;0;2;Autovettura privata;In marcia / fermata / arresto;Fiat;Panda;Passeggero;1982;F;Illeso;0;;Non accertato;Inesploso
3592861;8;09/12/2017 17:30:00;;VIA CASILINA;in corrispondenza;;del civico n.;1754;;Tamponamento Multiplo;;;;;;;;;;1;0;0;4;;;0;1;Autovettura privata;In marcia / fermata / arresto;Fiat;Seicento;Conducente;1997;M;Illeso;0;;;
3592861;8;09/12/2017 17:30:00;;VIA CASILINA;in corrispondenza;;del civico n.;1754;;Tamponamento Multiplo;;;;;;;;;;1;0;0;4;;;0;1;Autovettura privata;In marcia / fermata / arresto;Fiat;Seicento;Passeggero;0;M;Rifiuta cure immediate;0;NON DECEDUTO;;
3592861;8;09/12/2017 17:30:00;;VIA CASILINA;in corrispondenza;;del civico n.;1754;;Tamponamento Multiplo;;;;;;;;;;1;0;0;4;;;0;2;Autovettura privata;In marcia / fermata / arresto;Fiat;Panda;Conducente;1986;M;Illeso;0;;;
3592861;8;09/12/2017 17:30:00;;VIA CASILINA;in corrispondenza;;del civico n.;1754;;Tamponamento Multiplo;;;;;;;;;;1;0;0;4;;;0;2;Autovettura privata;In marcia / fermata / arresto;Fiat;Panda;Passeggero;0;M;Illeso;0;;;
3592861;8;09/12/2017 17:30:00;;VIA CASILINA;in corrispondenza;;del civico n.;1754;;Tamponamento Multiplo;;;;;;;;;;1;0;0;4;;;0;3;Autovettura privata;In marcia / fermata / arresto;Fiat;Stilo;Conducente;1996;M;Illeso;0;;;
3592862;5;08/12/2017 10:30:00;;VIALE EGIDIO GALBANI;da specificare;;;;all'altezza di VIA LOCKE;Scontro laterale fra veicoli in marcia;;;;;;;;;;0;0;0;3;12,55899;41,93229;0;1;Autovettura privata;In marcia / fermata / arresto;Volkswagen;Passat;Conducente;0;M;Illeso;0;;;
3592862;5;08/12/2017 10:30:00;;VIALE EGIDIO GALBANI;da specificare;;;;all'altezza di VIA LOCKE;Scontro laterale fra veicoli in marcia;;;;;;;;;;0;0;0;3;12,55899;41,93229;0;2;Autovettura privata;In marcia / fermata / arresto;Volkswagen;TIGUAN;Conducente;0;M;Illeso;0;;;
3592862;5;08/12/2017 10:30:00;;VIALE EGIDIO GALBANI;da specificare;;;;all'altezza di VIA LOCKE;Scontro laterale fra veicoli in marcia;;;;;;;;;;0;0;0;3;12,55899;41,93229;0;2;Autovettura privata;In marcia / fermata / arresto;Volkswagen;TIGUAN;Passeggero;0;F;Illeso;0;;;
3592867;8;09/12/2017 14:00:00;;VIA DI VERMICINO;in prossimità;;del civico n.;151;;Scontro laterale fra veicoli in marcia;;;;;;;;;;1;0;0;1;;;0;1;Autovettura privata;In marcia / fermata / arresto;Mercedes;C 220;Conducente;1986;M;Illeso;0;;;
3592867;8;09/12/2017 14:00:00;;VIA DI VERMICINO;in prossimità;;del civico n.;151;;Scontro laterale fra veicoli in marcia;;;;;;;;;;1;0;0;1;;;0;2;Autovettura privata;In marcia / fermata / arresto;Fiat;Panda;Conducente;1971;F;Rimandato;0;NON DECEDUTO;;
3592873;6;10/12/2017 20:00:00;;VIA AUGUSTO DULCERI;in corrispondenza;;del civico n.;83;;Investimento di pedone;;;;;;;;;;1;0;0;1;;;0;;;;;;Pedone;1984;M;Rimandato;0;NON DECEDUTO;;
3592873;6;10/12/2017 20:00:00;;VIA AUGUSTO DULCERI;in corrispondenza;;del civico n.;83;;Investimento di pedone;;;;;;;;;;1;0;0;1;;;0;1;Autovettura privata;In marcia / fermata / arresto;Fiat;Panda;Conducente;1978;M;Illeso;0;;;
3592876;15;11/12/2017 08:50:00;Strada Urbana;VIA FEDERICO JORINI;all'intersezione con;VIA ANSELMO CIAPPI;VIA ANSELMO CIAPPI;;;Scontro frontale/laterale DX fra veicoli in marcia;Incrocio;Una carreggiata a doppio senso;Bagnato (pioggia);Asfaltata;Verticale;Nuvoloso;Normale;Buona;Ore Diurne;0;0;0;2;12,45583;41,85907;0;1;Autovettura privata;In marcia / fermata / arresto;Toyota;Aygo;Conducente;1974;F;Illeso;0;;Non accertato;Inesploso
3592876;15;11/12/2017 08:50:00;Strada Urbana;VIA FEDERICO JORINI;all'intersezione con;VIA ANSELMO CIAPPI;VIA ANSELMO CIAPPI;;;Scontro frontale/laterale DX fra veicoli in marcia;Incrocio;Una carreggiata a doppio senso;Bagnato (pioggia);Asfaltata;Verticale;Nuvoloso;Normale;Buona;Ore Diurne;0;0;0;2;12,45583;41,85907;0;2;Autovettura privata;In marcia / fermata / arresto;Hyundai;GETZ;Conducente;1953;M;Illeso;0;;Non accertato;Inesploso
3592883;4;08/12/2017 03:00:00;Strada Urbana;VIALE DI TOR DI QUINTO;da specificare;;;;fronte civico 119;Veicolo in marcia contro ostacolo fisso;Curva a visuale libera;Due carreggiate;Bagnato (umidità in atto);Asfaltata;Verticale ed orizzontale;Nuvoloso;Scarso;Buona;Sufficiente;1;1;0;0;;;0;1;Autovettura privata;In marcia / fermata / arresto;Daewoo;Matiz;Conducente;1993;F;Rimandato;0;NON DECEDUTO;;
3592883;4;08/12/2017 03:00:00;Strada Urbana;VIALE DI TOR DI QUINTO;da specificare;;;;fronte civico 119;Veicolo in marcia contro ostacolo fisso;Curva a visuale libera;Due carreggiate;Bagnato (umidità in atto);Asfaltata;Verticale ed orizzontale;Nuvoloso;Scarso;Buona;Sufficiente;1;1;0;0;;;0;1;Autovettura privata;In marcia / fermata / arresto;Daewoo;Matiz;Passeggero;1992;F;Prognosi riservata;0;NON DECEDUTO;;
3592890;4;09/12/2017 15:50:00;;VIA NOMENTANA;in prossimità;;del civico n.;582;;Scontro laterale fra veicoli in marcia;;;;;;;;;;0;0;0;2;;;0;1;Ciclomotore con passeggero;In marcia / fermata / arresto;Piaggio;Liberty;Conducente;1987;M;Illeso;0;;;
3592890;4;09/12/2017 15:50:00;;VIA NOMENTANA;in prossimità;;del civico n.;582;;Scontro laterale fra veicoli in marcia;;;;;;;;;;0;0;0;2;;;0;2;Motociclo a solo;In marcia / fermata / arresto;(non accertato);(ignoto);Conducente;1963;M;Illeso;0;;;
3592893;7;07/12/2017 16:20:00;;VIA DEI GELSI;in corrispondenza;;del civico n.;18;;Scontro laterale fra veicoli in marcia;;;;;;;;;;0;0;0;2;12,56398;41,8881;0;1;Autovettura privata;In marcia / fermata / arresto;Peugeot;207;Conducente;1948;F;Illeso;0;;Non accertato;Inesploso
3592893;7;07/12/2017 16:20:00;;VIA DEI GELSI;in corrispondenza;;del civico n.;18;;Scontro laterale fra veicoli in marcia;;;;;;;;;;0;0;0;2;12,56398;41,8881;0;2;Autovettura privata;In marcia / fermata / arresto;Opel;Astra;Conducente;1990;M;Illeso;0;;Non accertato;Inesploso
3592897;3;09/12/2017 22:00:00;;VIALE DELLO SCALO S. LORENZO;in corrispondenza;;del civico n.;53;;Scontro laterale fra veicoli in marcia;;;;;;;;;;0;0;0;2;;;0;1;Autovettura privata;In marcia / fermata / arresto;Toyota;Corolla;Conducente;0;F;Illeso;0;;;
3592897;3;09/12/2017 22:00:00;;VIALE DELLO SCALO S. LORENZO;in corrispondenza;;del civico n.;53;;Scontro laterale fra veicoli in marcia;;;;;;;;;;0;0;0;2;;;0;2;Motociclo a solo;In marcia / fermata / arresto;Honda;SH 125;Conducente;0;M;Illeso;0;;;
3592902;5;08/12/2017 21:25:00;;VIA DI SETTEBAGNI;da specificare;;;;500 metri prima di VIA WANDA CAPODAGLIO;Veicolo in marcia contro ostacolo accidentale;;;;;;;;;;0;0;0;1;12,53982;41,97975;0;1;Autovettura privata;In marcia / fermata / arresto;Opel;Insigna;Conducente;0;M;Illeso;0;;;
3592906;18;09/12/2017 12:00:00;Strada Urbana;VIA DELLA MAGLIANELLA;in corrispondenza;;del civico n.;316;;Tamponamento;Rettilineo;Una carreggiata a doppio senso;Bagnato (umidità in atto);Asfaltata;Verticale ed orizzontale;Nuvoloso;Normale;Buona;Ore Diurne;0;0;0;2;;;0;1;Autovettura privata;In marcia / fermata / arresto;Fiat;Panda;Conducente;1970;F;Illeso;0;;Non accertato;Inesploso
3592906;18;09/12/2017 12:00:00;Strada Urbana;VIA DELLA MAGLIANELLA;in corrispondenza;;del civico n.;316;;Tamponamento;Rettilineo;Una carreggiata a doppio senso;Bagnato (umidità in atto);Asfaltata;Verticale ed orizzontale;Nuvoloso;Normale;Buona;Ore Diurne;0;0;0;2;;;0;2;Autovettura privata;In marcia / fermata / arresto;Audi;A 5;Conducente;1972;M;Illeso;0;;Non accertato;Inesploso
3592924;18;09/12/2017 12:45:00;Comunale extraurbana;VIA DI BOCCEA;da specificare;;;;prossimità VIA NAZARETH;Scontro laterale fra veicoli in marcia;Rettilineo;Due carreggiate;Asciutto;Asfaltata;Verticale ed orizzontale;Sereno;Scarso;Buona;Ore Diurne;0;0;0;4;;;0;1;Autovettura privata;In marcia / fermata / arresto;BMW;X 3;Conducente;1979;M;Illeso;0;;Non accertato;Inesploso
3592924;18;09/12/2017 12:45:00;Comunale extraurbana;VIA DI BOCCEA;da specificare;;;;prossimità VIA NAZARETH;Scontro laterale fra veicoli in marcia;Rettilineo;Due carreggiate;Asciutto;Asfaltata;Verticale ed orizzontale;Sereno;Scarso;Buona;Ore Diurne;0;0;0;4;;;0;1;Autovettura privata;In marcia / fermata / arresto;BMW;X 3;Passeggero;1949;M;Illeso;0;;Non accertato;Inesploso
3592924;18;09/12/2017 12:45:00;Comunale extraurbana;VIA DI BOCCEA;da specificare;;;;prossimità VIA NAZARETH;Scontro laterale fra veicoli in marcia;Rettilineo;Due carreggiate;Asciutto;Asfaltata;Verticale ed orizzontale;Sereno;Scarso;Buona;Ore Diurne;0;0;0;4;;;0;2;Autovettura privata;In marcia / fermata / arresto;Renault;Megane;Conducente;1931;M;Illeso;0;;Non accertato;Inesploso
3592924;18;09/12/2017 12:45:00;Comunale extraurbana;VIA DI BOCCEA;da specificare;;;;prossimità VIA NAZARETH;Scontro laterale fra veicoli in marcia;Rettilineo;Due carreggiate;Asciutto;Asfaltata;Verticale ed orizzontale;Sereno;Scarso;Buona;Ore Diurne;0;0;0;4;;;0;2;Autovettura privata;In marcia / fermata / arresto;Renault;Megane;Passeggero;1934;F;Illeso;0;;Non accertato;Inesploso
3592930;17;10/12/2017 12:00:00;Strada Urbana;VIALE DEI GLADIATORI;da specificare;;;;15 MT. DOPO VIA  DI PRATO FALCONE;Scontro laterale fra veicoli in marcia;Rettilineo;Una carreggiata a senso unico di marcia;Asciutto;Asfaltata;Verticale ed orizzontale;Nuvoloso;Intenso;Buona;Ore Diurne;0;0;0;3;12,45686;41,92556;0;1;Autovettura privata;In marcia / fermata / arresto;Fiat;Panda;Conducente;1980;M;Illeso;0;;;
3592930;17;10/12/2017 12:00:00;Strada Urbana;VIALE DEI GLADIATORI;da specificare;;;;15 MT. DOPO VIA  DI PRATO FALCONE;Scontro laterale fra veicoli in marcia;Rettilineo;Una carreggiata a senso unico di marcia;Asciutto;Asfaltata;Verticale ed orizzontale;Nuvoloso;Intenso;Buona;Ore Diurne;0;0;0;3;12,45686;41,92556;0;1;Autovettura privata;In marcia / fermata / arresto;Fiat;Panda;Passeggero;1982;F;Illeso;0;;;