Protocollo;Gruppo;DataOraIncidente;Localizzazione1;STRADA1;Localizzazione2;STRADA2;Strada02;Chilometrica;DaSpecificare;NaturaIncidente;particolaritastrade;TipoStrada;FondoStradale;Pavimentazione;Segnaletica;CondizioneAtmosferica;Traffico;Visibilita;Illuminazione;NUM_FERITI;NUM_RISERVATA;NUM_MORTI;NUM_ILLESI;Longitudine;Latitudine;Confermato;Progressivo;TipoVeicolo;StatoVeicolo;Marca;Modello;TipoPersona;AnnoNascita;Sesso;Tipolesione;Deceduto;DecedutoDopo;CinturaCascoUtilizzato;Airbag;
3592930;17;10/12/2017 12:00:00;Strada Urbana;VIALE DEI GLADIATORI;da specificare;;;;15 MT. DOPO VIA  DI PRATO FALCONE;Scontro laterale fra veicoli in marcia;Rettilineo;Una carreggiata a senso unico di marcia;Asciutto;Asfaltata;Verticale ed orizzontale;Nuvoloso;Intenso;Buona;Ore Diurne;0;0;0;3;12,45686;41,92556;0;1;Autovettura privata;In marcia / fermata / arresto;Fiat;Panda;Passeggero;2012;F;Illeso;0;;;
3592931;18;09/12/2017 17:00:00;Statale entro l'abitato;VIA AURELIA;in corrispondenza;;del civico n.;273;;Scontro frontale/laterale SX fra veicoli in marcia;Rettilineo;Una carreggiata a doppio senso;Asciutto;Asfaltata;Assente;Sereno;Normale;Sufficiente;Sufficiente;0;0;0;6;;;0;1;Autovettura privata;In marcia / fermata / arresto;Nissan;QASHQAI;Conducente;1979;F;Illeso;0;;Non accertato;Inesploso
3592931;18;09/12/2017 17:00:00;Statale entro l'abitato;VIA AURELIA;in corrispondenza;;del civico n.;273;;Scontro frontale/laterale SX fra veicoli in marcia;Rettilineo;Una carreggiata a doppio senso;Asciutto;Asfaltata;Assente;Sereno;Normale;Sufficiente;Sufficiente;0;0;0;6;;;0;1;Autovettura privata;In marcia / fermata / arresto;Nissan;QASHQAI;Passeggero;1958;F;Illeso;0;;Non accertato;Inesploso
3592931;18;09/12/2017 17:00:00;Statale entro l'abitato;VIA AURELIA;in corrispondenza;;del civico n.;273;;Scontro frontale/laterale SX fra veicoli in marcia;Rettilineo;Una carreggiata a doppio senso;Asciutto;Asfaltata;Assente;Sereno;Normale;Sufficiente;Sufficiente;0;0;0;6;;;0;1;Autovettura privata;In marcia / fermata / arresto;Nissan;QASHQAI;Passeggero;1965;F;Illeso;0;;Non accertato;Inesploso
3592931;18;09/12/2017 17:00:00;Statale entro l'abitato;VIA AURELIA;in corrispondenza;;del civico n.;273;;Scontro frontale/laterale SX fra veicoli in marcia;Rettilineo;Una carreggiata a doppio senso;Asciutto;Asfaltata;Assente;Sereno;Normale;Sufficiente;Sufficiente;0;0;0;6;;;0;1;Autovettura privata;In marcia / fermata / arresto;Nissan;QASHQAI;Passeggero;1986;F;Illeso;0;;Non accertato;Inesploso
3592931;18;09/12/2017 17:00:00;Statale entro l'abitato;VIA AURELIA;in corrispondenza;;del civico n.;273;;Scontro frontale/laterale SX fra veicoli in marcia;Rettilineo;Una carreggiata a doppio senso;Asciutto;Asfaltata;Assente;Sereno;Normale;Sufficiente;Sufficiente;0;0;0;6;;;0;2;Motociclo con passeggero;In marcia / fermata / arresto;Piaggio;Liberty 125;Conducente;1994;F;Illeso;0;;Non accertato;
3592931;18;09/12/2017 17:00:00;Statale entro l'abitato;VIA AURELIA;in corrispondenza;;del civico n.;273;;Scontro frontale/laterale SX fra veicoli in marcia;Rettilineo;Una carreggiata a doppio senso;Asciutto;Asfaltata;Assente;Sereno;Normale;Sufficiente;Sufficiente;0;0;0;6;;;0;2;Motociclo con passeggero;In marcia / fermata / arresto;Piaggio;Liberty 125;Passeggero;1995;F;Illeso;0;;Non accertato;
3592940;18;10/12/2017 13:30:00;Strada Urbana;VIA GAETANO MAZZONI;all'intersezione con;VIA DI MONTESPACCATO;VIA DI MONTESPACCATO;;;Scontro frontale/laterale DX fra veicoli in marcia;Incrocio;Una carreggiata a senso unico di marcia;Asciutto;Asfaltata;Verticale ed orizzontale;Nuvoloso;Scarso;Sufficiente;Ore Diurne;0;0;0;4;;;0;1;Autovettura privata;In marcia / fermata / arresto;Opel;Astra;Conducente;1974;M;Illeso;0;;;
3592940;18;10/12/2017 13:30:00;Strada Urbana;VIA GAETANO MAZZONI;all'intersezione con;VIA DI MONTESPACCATO;VIA DI MONTESPACCATO;;;Scontro frontale/laterale DX fra veicoli in marcia;Incrocio;Una carreggiata a senso unico di marcia;Asciutto;Asfaltata;Verticale ed orizzontale;Nuvoloso;Scarso;Sufficiente;Ore Diurne;0;0;0;4;;;0;1;Autovettura privata;In marcia / fermata / arresto;Opel;Astra;Passeggero;1975;F;Illeso;0;;;
3592940;18;10/12/2017 13:30:00;Strada Urbana;VIA GAETANO MAZZONI;all'intersezione con;VIA DI MONTESPACCATO;VIA DI MONTESPACCATO;;;Scontro frontale/laterale DX fra veicoli in marcia;Incrocio;Una carreggiata a senso unico di marcia;Asciutto;Asfaltata;Verticale ed orizzontale;Nuvoloso;Scarso;Sufficiente;Ore Diurne;0;0;0;4;;;0;1;Autovettura privata;In marcia / fermata / arresto;Opel;Astra;Passeggero;1979;M;Illeso;0;;;
3592940;18;10/12/2017 13:30:00;Strada Urbana;VIA GAETANO MAZZONI;all'intersezione con;VIA DI MONTESPACCATO;VIA DI MONTESPACCATO;;;Scontro frontale/laterale DX fra veicoli in marcia;Incrocio;Una carreggiata a senso unico di marcia;Asciutto;Asfaltata;Verticale ed orizzontale;Nuvoloso;Scarso;Sufficiente;Ore Diurne;0;0;0;4;;;0;2;Autovettura privata;In marcia / fermata / arresto;Fiat;500;Conducente;1989;M;Illeso;0;;;
3592948;7;10/12/2017 02:10:00;Strada Urbana;VIA CASILINA;all'intersezione semaforizzata con;VIA GALLARATE;VIA GALLARATE;;;Scontro frontale/laterale DX fra veicoli in marcia;;Una carreggiata a doppio senso;Asciutto;Asfaltata;Verticale ed orizzontale;Sereno;Normale;Buona;Sufficiente;0;0;0;3;12,52198;41,88811;0;1;Autovettura privata;In marcia / fermata / arresto;Audi;A3;Conducente;1984;M;Illeso;0;;Non accertato;Inesploso
3592948;7;10/12/2017 02:10:00;Strada Urbana;VIA CASILINA;all'intersezione semaforizzata con;VIA GALLARATE;VIA GALLARATE;;;Scontro frontale/laterale DX fra veicoli in marcia;;Una carreggiata a doppio senso;Asciutto;Asfaltata;Verticale ed orizzontale;Sereno;Normale;Buona;Sufficiente;0;0;0;3;12,52198;41,88811;0;2;Quadriciclo leggero;In marcia / fermata / arresto;XINDAYANG;ZHIDOU (ZD) - ICARO;Conducente;1997;F;Illeso;0;;Non accertato;Inesploso
3592948;7;10/12/2017 02:10:00;Strada Urbana;VIA CASILINA;all'intersezione semaforizzata con;VIA GALLARATE;VIA GALLARATE;;;Scontro frontale/laterale DX fra veicoli in marcia;;Una carreggiata a doppio senso;Asciutto;Asfaltata;Verticale ed orizzontale;Sereno;Normale;Buona;Sufficiente;0;0;0;3;12,52198;41,88811;0;2;Quadriciclo leggero;In marcia / fermata / arresto;XINDAYANG;ZHIDOU (ZD) - ICARO;Passeggero;1996;M;Illeso;0;;;
3592966;5;09/12/2017 00:25:00;;VIA BELMONTE IN SABINA;da specificare;;;;dir. Palombarese rampa uscita 12 G.R.A.;Veicolo in marcia contro ostacolo fisso;;;;;;;;;;2;0;0;0;12,59312;41,94615;0;1;Autovettura privata;In marcia / fermata / arresto;smart for two;(ignoto);Conducente;0;F;Rimandato;0;NON DECEDUTO;;
3592966;5;09/12/2017 00:25:00;;VIA BELMONTE IN SABINA;da specificare;;;;dir. Palombarese rampa uscita 12 G.R.A.;Veicolo in marcia contro ostacolo fisso;;;;;;;;;;2;0;0;0;12,59312;41,94615;0;1;Autovettura privata;In marcia / fermata / arresto;smart for two;(ignoto);Passeggero;0;F;Rimandato;0;NON DECEDUTO;;
3592985;17;11/12/2017 09:15:00;Strada Urbana;VIALE DELLE MILIZIE;in corrispondenza;;del civico n.;9/d;;Veicolo in marcia contro ostacolo accidentale;Rettilineo;Più di due carreggiate;Bagnato (pioggia);Asfaltata;Verticale ed orizzontale;Nuvoloso;Normale;Buona;Ore Diurne;0;0;0;1;12,45753;41,91087;0;1;Autocarro inferiore 35 q.;In marcia / fermata / arresto;Peugeot;Partner;Conducente;1964;M;Illeso;0;;;
3592994;5;09/12/2017 19:45:00;;VIALE PALMIRO TOGLIATTI;all'intersezione semaforizzata con;VIALE FERNANDO SANTI;VIALE FERNANDO SANTI;;;Scontro frontale/laterale SX fra veicoli in marcia;;;;;;;;;;1;0;0;1;12,56989;41,91437;0;1;Autovettura privata;In marcia / fermata / arresto;Volkswagen;Polo;Conducente;0;M;Illeso;0;;;
3592994;5;09/12/2017 19:45:00;;VIALE PALMIRO TOGLIATTI;all'intersezione semaforizzata con;VIALE FERNANDO SANTI;VIALE FERNANDO SANTI;;;Scontro frontale/laterale SX fra veicoli in marcia;;;;;;;;;;1;0;0;1;12,56989;41,91437;0;2;Autovettura privata;In marcia / fermata / arresto;Fiat;Cinquecento;Conducente;0;F;Rimandato;0;NON DECEDUTO;;
3593007;7;11/12/2017 00:15:00;;VIA DEI DURANTINI;all'intersezione con;VIA RENZO ROSSI;VIA RENZO ROSSI;;;Scontro laterale fra veicoli in marcia;;;;;;;;;;0;0;0;4;;;0;1;Autovettura privata;In marcia / fermata / arresto;Toyota;Rav 4;Conducente;1985;M;Illeso;0;;Non accertato;Inesploso
3593007;7;11/12/2017 00:15:00;;VIA DEI DURANTINI;all'intersezione con;VIA RENZO ROSSI;VIA RENZO ROSSI;;;Scontro laterale fra veicoli in marcia;;;;;;;;;;0;0;0;4;;;0;1;Autovettura privata;In marcia / fermata / arresto;Toyota;Rav 4;Passeggero;1980;M;Illeso;0;;Non accertato;Inesploso
3593007;7;11/12/2017 00:15:00;;VIA DEI DURANTINI;all'intersezione con;VIA RENZO ROSSI;VIA RENZO ROSSI;;;Scontro laterale fra veicoli in marcia;;;;;;;;;;0;0;0;4;;;0;1;Autovettura privata;In marcia / fermata / arresto;Toyota;Rav 4;Passeggero;1990;F;Illeso;0;;Non accertato;Inesploso
3593007;7;11/12/2017 00:15:00;;VIA DEI DURANTINI;all'intersezione con;VIA RENZO ROSSI;VIA RENZO ROSSI;;;Scontro laterale fra veicoli in marcia;;;;;;;;;;0;0;0;4;;;0;2;Autovettura privata;In marcia / fermata / arresto;Ford;Mondeo;Conducente;1962;M;Illeso;0;;Non accertato;Inesploso
3593025;5;09/12/2017 14:45:00;;VIALE EGIDIO GALBANI;in prossimità;;del civico n.;101;;Veicolo in marcia contro ostacolo fisso;;;;;;;;;;1;0;0;0;12,56097;41,93136;0;1;Autovettura privata;In marcia / fermata / arresto;Smart ;Smart for two coupè;Conducente;0;M;Rimandato;0;NON DECEDUTO;;
3593046;17;10/12/2017 19:30:00;Strada Urbana;PIAZZA ADRIANA;all'intersezione con;VIA CRESCENZIO;VIA CRESCENZIO;;;Veicolo in marcia contro ostacolo fisso;Incrocio;Una carreggiata a senso unico di marcia;Bagnato (pioggia);Asfaltata;Verticale ed orizzontale;Pioggia in atto;Scarso;Buona;Sufficiente;0;0;0;2;12,46618;41,90548;0;1;Autovettura privata;In marcia / fermata / arresto;Opel;Corsa;Conducente;1937;F;Illeso;0;;;
3593046;17;10/12/2017 19:30:00;Strada Urbana;PIAZZA ADRIANA;all'intersezione con;VIA CRESCENZIO;VIA CRESCENZIO;;;Veicolo in marcia contro ostacolo fisso;Incrocio;Una carreggiata a senso unico di marcia;Bagnato (pioggia);Asfaltata;Verticale ed orizzontale;Pioggia in atto;Scarso;Buona;Sufficiente;0;0;0;2;12,46618;41,90548;0;1;Autovettura privata;In marcia / fermata / arresto;Opel;Corsa;Passeggero;1995;F;Illeso;0;;;
3593065;4;08/12/2017 07:20:00;;VIA SALARIA;da specificare;;;;ALTEZZA SVINCOLO a A 1 Km 15.600;Scontro frontale/laterale SX fra veicoli in marcia;;;;;;;;;;3;0;0;1;12,51783;41,98705;0;1;Autovettura privata;In marcia / fermata / arresto;Volkswagen;Lupo;Conducente;1978;M;Illeso;0;;;
3593065;4;08/12/2017 07:20:00;;VIA SALARIA;da specificare;;;;ALTEZZA SVINCOLO a A 1 Km 15.600;Scontro frontale/laterale SX fra veicoli in marcia;;;;;;;;;;3;0;0;1;12,51783;41,98705;0;1;Autovettura privata;In marcia / fermata / arresto;Volkswagen;Lupo;Passeggero;0;F;Rifiuta cure immediate;0;NON DECEDUTO;;
3593065;4;08/12/2017 07:20:00;;VIA SALARIA;da specificare;;;;ALTEZZA SVINCOLO a A 1 Km 15.600;Scontro frontale/laterale SX fra veicoli in marcia;;;;;;;;;;3;0;0;1;12,51783;41,98705;0;2;Autovettura privata;In marcia / fermata / arresto;Toyota;Yaris;Conducente;1977;M;Rifiuta cure immediate;0;NON DECEDUTO;;
3593105;15;11/12/2017 10:50:00;Strada Urbana;VIA LUIGI STIPA;da specificare;;;;alt. rampa accesso RM-Fiumicino dir. centro ;Tamponamento;Rettilineo;Una carreggiata a senso unico di marcia;Bagnato (pioggia);Asfaltata;Orizzontale;Nuvoloso;Normale;Buona;Ore Diurne;0;0;0;4;12,3276;41,81165;0;1;Autoarticolato;In marcia / fermata / arresto;Fiat Iveco;(non accertato);Conducente;1962;M;Illeso;0;;Non accertato;Inesploso
3593105;15;11/12/2017 10:50:00;Strada Urbana;VIA LUIGI STIPA;da specificare;;;;alt. rampa accesso RM-Fiumicino dir. centro ;Tamponamento;Rettilineo;Una carreggiata a senso unico di marcia;Bagnato (pioggia);Asfaltata;Orizzontale;Nuvoloso;Normale;Buona;Ore Diurne;0;0;0;4;12,3276;41,81165;0;2;Autovettura privata;In marcia / fermata / arresto;Ford;KA;Conducente;1986;F;Illeso;0;;;
3593105;15;11/12/2017 10:50:00;Strada Urbana;VIA LUIGI STIPA;da specificare;;;;alt. rampa accesso RM-Fiumicino dir. centro ;Tamponamento;Rettilineo;Una carreggiata a senso unico di marcia;Bagnato (pioggia);Asfaltata;Orizzontale;Nuvoloso;Normale;Buona;Ore Diurne;0;0;0;4;12,3276;41,81165;0;2;Autovettura privata;In marcia / fermata / arresto;Ford;KA;Passeggero;1984;F;Illeso;0;;Non accertato;Inesistente
3593105;15;11/12/2017 10:50:00;Strada Urbana;VIA LUIGI STIPA;da specificare;;;;alt. rampa accesso RM-Fiumicino dir. centro ;Tamponamento;Rettilineo;Una carreggiata a senso unico di marcia;Bagnato (pioggia);Asfaltata;Orizzontale;Nuvoloso;Normale;Buona;Ore Diurne;0;0;0;4;12,3276;41,81165;0;2;Autovettura privata;In marcia / fermata / arresto;Ford;KA;Passeggero;1988;M;Illeso;0;;Non accertato;Inesploso
3593122;1;10/12/2017 19:55:00;Strada Urbana;LUNGOTEVERE DEGLI ALBERTESCHI;all'intersezione con;PONTE PALATINO;PONTE PALATINO;;;Veicolo in marcia contro ostacolo fisso;Incrocio;Una carreggiata a senso unico di marcia;Bagnato (pioggia);Asfaltata;Assente;Pioggia in atto;Normale;Buona;Sufficiente;0;0;0;4;;;0;1;Autovettura privata;In marcia / fermata / arresto;Peugeot;407;Conducente;1959;M;Illeso;0;;Utilizzato;Inesploso
3593122;1;10/12/2017 19:55:00;Strada Urbana;LUNGOTEVERE DEGLI ALBERTESCHI;all'intersezione con;PONTE PALATINO;PONTE PALATINO;;;Veicolo in marcia contro ostacolo fisso;Incrocio;Una carreggiata a senso unico di marcia;Bagnato (pioggia);Asfaltata;Assente;Pioggia in atto;Normale;Buona;Sufficiente;0;0;0;4;;;0;1;Autovettura privata;In marcia / fermata / arresto;Peugeot;407;Passeggero;1964;F;Illeso;0;;Non accertato;Inesistente
3593122;1;10/12/2017 19:55:00;Strada Urbana;LUNGOTEVERE DEGLI ALBERTESCHI;all'intersezione con;PONTE PALATINO;PONTE PALATINO;;;Veicolo in marcia contro ostacolo fisso;Incrocio;Una carreggiata a senso unico di marcia;Bagnato (pioggia);Asfaltata;Assente;Pioggia in atto;Normale;Buona;Sufficiente;0;0;0;4;;;0;1;Autovettura privata;In marcia / fermata / arresto;Peugeot;407;Passeggero;1979;F;Illeso;0;;Utilizzato;Inesploso
3593122;1;10/12/2017 19:55:00;Strada Urbana;LUNGOTEVERE DEGLI ALBERTESCHI;all'intersezione con;PONTE PALATINO;PONTE PALATINO;;;Veicolo in marcia contro ostacolo fisso;Incrocio;Una carreggiata a senso unico di marcia;Bagnato (pioggia);Asfaltata;Assente;Pioggia in atto;Normale;Buona;Sufficiente;0;0;0;4;;;0;1;Autovettura privata;In marcia / fermata / arresto;Peugeot;407;Passeggero;1990;M;Illeso;0;;Non accertato;Inesistente
3593126;1;10/12/2017 20:00:00;Strada Urbana;LUNGOTEVERE DEGLI ALBERTESCHI;all'intersezione con;PONTE PALATINO;PONTE PALATINO;;;Veicolo in marcia contro ostacolo fisso;Incrocio;Una carreggiata a senso unico di marcia;Bagnato (pioggia);Asfaltata;Assente;Pioggia in atto;Normale;Buona;Sufficiente;0;0;0;2;;;0;1;Autovettura privata;In marcia / fermata / arresto;Toyota;Rav 4;Conducente;1964;M;Illeso;0;;Utilizzato;Inesploso
3593126;1;10/12/2017 20:00:00;Strada Urbana;LUNGOTEVERE DEGLI ALBERTESCHI;all'intersezione con;PONTE PALATINO;PONTE PALATINO;;;Veicolo in marcia contro ostacolo fisso;Incrocio;Una carreggiata a senso unico di marcia;Bagnato (pioggia);Asfaltata;Assente;Pioggia in atto;Normale;Buona;Sufficiente;0;0;0;2;;;0;1;Autovettura privata;In marcia / fermata / arresto;Toyota;Rav 4;Passeggero;1962;F;Illeso;0;;Utilizzato;Inesploso
3593132;1;10/12/2017 20:00:00;Strada Urbana;LUNGOTEVERE DEGLI ALBERTESCHI;all'intersezione con;PONTE PALATINO;PONTE PALATINO;;;Veicolo in marcia contro ostacolo fisso;Incrocio;Una carreggiata a senso unico di marcia;Bagnato (pioggia);Asfaltata;Assente;Pioggia in atto;Normale;Buona;Sufficiente;0;0;0;2;;;0;1;Autovettura privata;In marcia / fermata / arresto;Smart ;ForTwo Coupé;Conducente;1959;F;Illeso;0;;Utilizzato;Inesploso
3593132;1;10/12/2017 20:00:00;Strada Urbana;LUNGOTEVERE DEGLI ALBERTESCHI;all'intersezione con;PONTE PALATINO;PONTE PALATINO;;;Veicolo in marcia contro ostacolo fisso;Incrocio;Una carreggiata a senso unico di marcia;Bagnato (pioggia);Asfaltata;Assente;Pioggia in atto;Normale;Buona;Sufficiente;0;0;0;2;;;0;1;Autovettura privata;In marcia / fermata / arresto;Smart ;ForTwo Coupé;Passeggero;1959;F;Illeso;0;;Utilizzato;Inesploso
3593189;7;10/12/2017 01:50:00;;VIA DEI CASTANI;all'intersezione con;VIA DEI GELSI;VIA DEI GELSI;;;Scontro frontale fra veicoli in marcia;;;;;;;;;;0;0;0;2;;;0;1;Autovettura privata;In marcia / fermata / arresto;Audi;TT;Conducente;1994;F;Illeso;0;;;
3593189;7;10/12/2017 01:50:00;;VIA DEI CASTANI;all'intersezione con;VIA DEI GELSI;VIA DEI GELSI;;;Scontro frontale fra veicoli in marcia;;;;;;;;;;0;0;0;2;;;0;2;Autovettura privata;In marcia / fermata / arresto;Alfa Romeo;147;Conducente;1981;M;Illeso;0;;;
3593192;3;10/12/2017 20:00:00;;VIA ROBERTO MALATESTA;all'intersezione con;VIA ERASMO GATTAMELATA;VIA ERASMO GATTAMELATA;;;Scontro frontale/laterale SX fra veicoli in marcia;;;;;;;;;;1;0;0;1;;;0;1;Autovettura privata;In marcia / fermata / arresto;Peugeot;207;Conducente;1988;M;Rifiuta cure immediate;0;NON DECEDUTO;Non accertato;Inesploso
3593192;3;10/12/2017 20:00:00;;VIA ROBERTO MALATESTA;all'intersezione con;VIA ERASMO GATTAMELATA;VIA ERASMO GATTAMELATA;;;Scontro frontale/laterale SX fra veicoli in marcia;;;;;;;;;;1;0;0;1;;;0;2;Autovettura privata;In marcia / fermata / arresto;Nissan;Micra;Conducente;0;M;Illeso;0;;;
3593195;12;10/12/2017 03:00:00;Statale;VIA DEL MARE;in prossimità;;della chilometrica;8.7;;Veicolo in marcia contro ostacolo fisso;Rettilineo;Una carreggiata a doppio senso;Asciutto;Asfaltata;Verticale ed orizzontale;Nuvoloso;Scarso;Insufficiente;Inesistente;1;0;0;0;12,40822;41,79646;0;1;Autovettura privata;In marcia / fermata / arresto;Ford;Fiesta;Conducente;1959;F;Ricoverato;0;NON DECEDUTO;Non accertato;Inesploso
3593211;10;11/12/2017 11:30:00;Strada Urbana;PIAZZA DEI CONSOLI;in corrispondenza;;del civico n.;11;;Scontro laterale fra veicoli in marcia;Rettilineo;Una carreggiata a senso unico di marcia;Asciutto;Asfaltata;Verticale ed orizzontale;Nuvoloso;Normale;Buona;Ore Diurne;0;0;0;2;12,55766;41,86288;-1;1;Autovettura privata;In marcia / fermata / arresto;Hyundai;i 20;Conducente;1959;M;Illeso;0;;Non accertato;Inesploso
3593211;10;11/12/2017 11:30:00;Strada Urbana;PIAZZA DEI CONSOLI;in corrispondenza;;del civico n.;11;;Scontro laterale fra veicoli in marcia;Rettilineo;Una carreggiata a senso unico di marcia;Asciutto;Asfaltata;Verticale ed orizzontale;Nuvoloso;Normale;Buona;Ore Diurne;0;0;0;2;12,55766;41,86288;-1;2;Autovettura privata;Allontanatosi;Nissan;QASHQAI;Conducente;1991;F;Illeso;0;;;
3593215;7;09/12/2017 20:05:00;;VIA EMILIO CHIOVENDA;all'intersezione con;VIA DELLE ROSE;VIA DELLE ROSE;;;Scontro frontale/laterale SX fra veicoli in marcia;;;;;;;;;;1;0;0;1;;;0;1;Autovettura privata;In marcia / fermata / arresto;Citroen;Xara;Conducente;1982;M;Illeso;0;;Non accertato;Inesploso
3593215;7;09/12/2017 20:05:00;;VIA EMILIO CHIOVENDA;all'intersezione con;VIA DELLE ROSE;VIA DELLE ROSE;;;Scontro frontale/laterale SX fra veicoli in marcia;;;;;;;;;;1;0;0;1;;;0;2;Motociclo a solo;In marcia / fermata / arresto;Honda;SH;Conducente;1978;M;Rimandato;0;NON DECEDUTO;;
3593220;4;08/12/2017 23:05:00;;VIA REZZATO;all'intersezione con;VIA CISLAGO;VIA CISLAGO;;;Scontro laterale fra veicoli in marcia;;;;;;;;;;1;0;0;3;;;0;1;Autobus di linea;In marcia / fermata / arresto;Bredamenarinibus;AVANCITY KZ LU 3P T12;Conducente;1971;M;Rifiuta cure immediate;0;NON DECEDUTO;;
3593220;4;08/12/2017 23:05:00;;VIA REZZATO;all'intersezione con;VIA CISLAGO;VIA CISLAGO;;;Scontro laterale fra veicoli in marcia;;;;;;;;;;1;0;0;3;;;0;2;Autovettura privata;In marcia / fermata / arresto;Peugeot;208;Conducente;1992;M;Illeso;0;;;
3593220;4;08/12/2017 23:05:00;;VIA REZZATO;all'intersezione con;VIA CISLAGO;VIA CISLAGO;;;Scontro laterale fra veicoli in marcia;;;;;;;;;;1;0;0;3;;;0;2;Autovettura privata;In marcia / fermata / arresto;Peugeot;208;Passeggero;0;M;Illeso;0;;;
3593231;1;10/12/2017 23:30:00;Strada Urbana;VIALE MARCO POLO;da specificare;;;;altezza Cavalcavia VIA C. COLOMBO;Tamponamento Multiplo;Rettilineo;Una carreggiata a doppio senso;Bagnato (pioggia);Asfaltata;Verticale ed orizzontale;Pioggia in atto;Scarso;Sufficiente;Sufficiente;4;0;0;1;12,48916;41,8729;0;1;Autovettura privata;In marcia / fermata / arresto;Volkswagen;Lupo;Conducente;1989;F;Rimandato;0;NON DECEDUTO;Non accertato;
3593231;1;10/12/2017 23:30:00;Strada Urbana;VIALE MARCO POLO;da specificare;;;;altezza Cavalcavia VIA C. COLOMBO;Tamponamento Multiplo;Rettilineo;Una carreggiata a doppio senso;Bagnato (pioggia);Asfaltata;Verticale ed orizzontale;Pioggia in atto;Scarso;Sufficiente;Sufficiente;4;0;0;1;12,48916;41,8729;0;1;Autovettura privata;In marcia / fermata / arresto;Volkswagen;Lupo;Passeggero;1991;M;Rimandato;0;NON DECEDUTO;Non accertato;
3593231;1;10/12/2017 23:30:00;Strada Urbana;VIALE MARCO POLO;da specificare;;;;altezza Cavalcavia VIA C. COLOMBO;Tamponamento Multiplo;Rettilineo;Una carreggiata a doppio senso;Bagnato (pioggia);Asfaltata;Verticale ed orizzontale;Pioggia in atto;Scarso;Sufficiente;Sufficiente;4;0;0;1;12,48916;41,8729;0;2;Autovettura privata;In marcia / fermata / arresto;Volkswagen;Golf;Conducente;1993;M;Rifiuta cure immediate;0;NON DECEDUTO;Non accertato;Inesploso
3593231;1;10/12/2017 23:30:00;Strada Urbana;VIALE MARCO POLO;da specificare;;;;altezza Cavalcavia VIA C. COLOMBO;Tamponamento Multiplo;Rettilineo;Una carreggiata a doppio senso;Bagnato (pioggia);Asfaltata;Verticale ed orizzontale;Pioggia in atto;Scarso;Sufficiente;Sufficiente;4;0;0;1;12,48916;41,8729;0;2;Autovettura privata;In marcia / fermata / arresto;Volkswagen;Golf;Passeggero;1994;M;Rimandato;0;NON DECEDUTO;Non accertato;
3593231;1;10/12/2017 23:30:00;Strada Urbana;VIALE MARCO POLO;da specificare;;;;altezza Cavalcavia VIA C. COLOMBO;Tamponamento Multiplo;Rettilineo;Una carreggiata a doppio senso;Bagnato (pioggia);Asfaltata;Verticale ed orizzontale;Pioggia in atto;Scarso;Sufficiente;Sufficiente;4;0;0;1;12,48916;41,8729;0;3;Macchina operatrice;In marcia / fermata / arresto;Fiat;Iveco;Conducente;1967;M;Illeso;0;;Non accertato;Inesploso
3593235;17;10/12/2017 15:30:00;Strada Urbana;VIA DEI GRACCHI;in corrispondenza;;del civico n.;169;;Veicolo in marcia contro veicolo in sosta;Rettilineo;Una carreggiata a senso unico di marcia;Asciutto;Asfaltata;Verticale ed orizzontale;Nuvoloso;Normale;Buona;Ore Diurne;0;0;0;1;12,46453;41,90838;0;1;Autovettura privata;Sosta;Chevrolet;spark;Conducente;1964;F;Illeso;0;;;
3593287;7;10/12/2017 20:00:00;;VIA PAPIRIA;da specificare;;;;IN PROSSIMITA' DI VIA CALPURNIO FIAMMA;Investimento di pedone;;;;;;;;;;2;0;0;0;;;0;;;;;;Pedone;1960;M;Rimandato;0;NON DECEDUTO;;
3593287;7;10/12/2017 20:00:00;;VIA PAPIRIA;da specificare;;;;IN PROSSIMITA' DI VIA CALPURNIO FIAMMA;Investimento di pedone;;;;;;;;;;2;0;0;0;;;0;;;;;;Pedone;1969;M;Rimandato;0;NON DECEDUTO;;
3593311;2;10/12/2017 11:00:00;;VIA FRANCESCO SIACCI;all'intersezione semaforizzata con;VIA GIUSEPPE MERCALLI;VIA GIUSEPPE MERCALLI;;;Scontro frontale/laterale DX fra veicoli in marcia;;;;;;;;;;0;0;0;2;;;0;1;Autovettura privata;In marcia / fermata / arresto;(ignoto);(ignoto);Conducente;1966;M;Illeso;0;;;
3593311;2;10/12/2017 11:00:00;;VIA FRANCESCO SIACCI;all'intersezione semaforizzata con;VIA GIUSEPPE MERCALLI;VIA GIUSEPPE MERCALLI;;;Scontro frontale/laterale DX fra veicoli in marcia;;;;;;;;;;0;0;0;2;;;0;2;Autovettura privata;In marcia / fermata / arresto;Mazda;MX-5;Conducente;1953;M;Illeso;0;;;
3593326;2;10/12/2017 20:15:00;;VIA ANTONIO SANT'ELIA;da specificare;;;;in corrisp. VIA FONTE DELL'ACQUA ACETOSA;Veicolo in marcia contro ostacolo fisso;;;;;;;;;;1;0;0;1;;;0;1;Autovettura privata;In marcia / fermata / arresto;Ford;KA;Conducente;1998;M;Illeso;0;;;
3593326;2;10/12/2017 20:15:00;;VIA ANTONIO SANT'ELIA;da specificare;;;;in corrisp. VIA FONTE DELL'ACQUA ACETOSA;Veicolo in marcia contro ostacolo fisso;;;;;;;;;;1;0;0;1;;;0;1;Autovettura privata;In marcia / fermata / arresto;Ford;KA;Passeggero;1997;M;Ricoverato;0;NON DECEDUTO;;
3593342;16;07/12/2017 09:00:00;;VIA DUCHESSA DI GALLIERA;all'intersezione con;VIA DI VAL TELLINA;VIA DI VAL TELLINA;;;Scontro laterale fra veicoli in marcia;;;;;;;;;;0;0;0;2;;;0;1;Autovettura privata;In marcia / fermata / arresto;Jeep;Compass;Conducente;0;M;Illeso;0;;;