Protocollo;Gruppo;DataOraIncidente;Localizzazione1;STRADA1;Localizzazione2;STRADA2;Strada02;Chilometrica;DaSpecificare;NaturaIncidente;particolaritastrade;TipoStrada;FondoStradale;Pavimentazione;Segnaletica;CondizioneAtmosferica;Traffico;Visibilita;Illuminazione;NUM_FERITI;NUM_RISERVATA;NUM_MORTI;NUM_ILLESI;Longitudine;Latitudine;Confermato;Progressivo;TipoVeicolo;StatoVeicolo;Marca;Modello;TipoPersona;AnnoNascita;Sesso;Tipolesione;Deceduto;DecedutoDopo;CinturaCascoUtilizzato;Airbag;
3593342;16;07/12/2017 09:00:00;;VIA DUCHESSA DI GALLIERA;all'intersezione con;VIA DI VAL TELLINA;VIA DI VAL TELLINA;;;Scontro laterale fra veicoli in marcia;;;;;;;;;;0;0;0;2;;;0;2;Autovettura privata;In marcia / fermata / arresto;Hyundai;Tucson;Conducente;0;M;Illeso;0;;;
3593350;1;10/12/2017 23:20:00;Strada Urbana;PIAZZALE UGO LA MALFA;all'intersezione con;VIA DEL CIRCO MASSIMO;VIA DEL CIRCO MASSIMO;;;Scontro laterale fra veicoli in marcia;Incrocio;Una carreggiata a senso unico di marcia;;Asfaltata;Verticale ed orizzontale;;;;;1;0;0;1;;;0;1;Autovettura privata;In marcia / fermata / arresto;Toyota;Yaris Verso;Conducente;1983;F;Illeso;0;;Utilizzato;Inesploso
3593350;1;10/12/2017 23:20:00;Strada Urbana;PIAZZALE UGO LA MALFA;all'intersezione con;VIA DEL CIRCO MASSIMO;VIA DEL CIRCO MASSIMO;;;Scontro laterale fra veicoli in marcia;Incrocio;Una carreggiata a senso unico di marcia;;Asfaltata;Verticale ed orizzontale;;;;;1;0;0;1;;;0;2;Motociclo a solo;In marcia / fermata / arresto;Piaggio;Beverly;Conducente;1970;M;Rimandato;0;NON DECEDUTO;;
3593409;1;10/12/2017 14:00:00;Strada Urbana;VIA GIOBERTI;in prossimità;;del civico n.;62;;Scontro laterale fra veicoli in marcia;Rettilineo;Una carreggiata a senso unico di marcia;Bagnato (umidità in atto);Asfaltata;Verticale ed orizzontale;Nuvoloso;Scarso;Buona;Ore Diurne;0;0;0;2;;;0;1;Autocarro inferiore 35 q.;In marcia / fermata / arresto;Mercedes Daimler Chrysler;Sprinter 311;Conducente;1966;M;Illeso;0;;Utilizzato;Esploso
3593409;1;10/12/2017 14:00:00;Strada Urbana;VIA GIOBERTI;in prossimità;;del civico n.;62;;Scontro laterale fra veicoli in marcia;Rettilineo;Una carreggiata a senso unico di marcia;Bagnato (umidità in atto);Asfaltata;Verticale ed orizzontale;Nuvoloso;Scarso;Buona;Ore Diurne;0;0;0;2;;;0;2;Autovettura privata;In marcia / fermata / arresto;Ford;Fiesta;Conducente;1978;F;Illeso;0;;Utilizzato;Inesploso
3593494;20;11/12/2017 11:30:00;Strada Urbana;VIA CONCESIO;all'intersezione con;VIA RONCOBELLO;VIA RONCOBELLO;;;Scontro frontale/laterale DX fra veicoli in marcia;Incrocio;Una carreggiata a doppio senso;Asciutto;Asfaltata;Verticale ed orizzontale;Nuvoloso;Normale;Buona;Ore Diurne;0;0;0;2;12,47918;42,01046;-1;1;Autovettura privata;In marcia / fermata / arresto;Daimler;Chrysler Jeep;Conducente;1968;M;Illeso;0;;Non accertato;Inesploso
3593494;20;11/12/2017 11:30:00;Strada Urbana;VIA CONCESIO;all'intersezione con;VIA RONCOBELLO;VIA RONCOBELLO;;;Scontro frontale/laterale DX fra veicoli in marcia;Incrocio;Una carreggiata a doppio senso;Asciutto;Asfaltata;Verticale ed orizzontale;Nuvoloso;Normale;Buona;Ore Diurne;0;0;0;2;12,47918;42,01046;-1;2;Autovettura privata;In marcia / fermata / arresto;Fiat;500;Conducente;1997;M;Illeso;0;;Non accertato;Inesploso
3593544;16;07/12/2017 18:30:00;;VIA BERNARDINO RAMAZZINI;all'intersezione semaforizzata con;VIA FEDERICO DI DONATO;VIA FEDERICO DI DONATO;;;Investimento di pedone;;;;;;;;;;0;0;0;2;;;0;;;;;;Pedone;0;M;Illeso;0;;;
3593544;16;07/12/2017 18:30:00;;VIA BERNARDINO RAMAZZINI;all'intersezione semaforizzata con;VIA FEDERICO DI DONATO;VIA FEDERICO DI DONATO;;;Investimento di pedone;;;;;;;;;;0;0;0;2;;;0;1;Motociclo a solo;In marcia / fermata / arresto;Yamaha;(non accertato);Conducente;0;M;Illeso;0;;;
3593549;1;11/12/2017 10:30:00;Strada Urbana;VIA DEI CERCHI;in prossimità;;del civico n.;59;;Tamponamento;Rettilineo;Una carreggiata a senso unico di marcia;Bagnato (umidità in atto);In cubetti di porfido;Verticale ed orizzontale;Nuvoloso;Normale;Buona;Ore Diurne;2;0;0;2;12,4836;41,88799;-1;1;Autovettura privata;In marcia / fermata / arresto;Alfa Romeo;159 Sportwagon;Conducente;1944;M;Illeso;0;;;
3593549;1;11/12/2017 10:30:00;Strada Urbana;VIA DEI CERCHI;in prossimità;;del civico n.;59;;Tamponamento;Rettilineo;Una carreggiata a senso unico di marcia;Bagnato (umidità in atto);In cubetti di porfido;Verticale ed orizzontale;Nuvoloso;Normale;Buona;Ore Diurne;2;0;0;2;12,4836;41,88799;-1;1;Autovettura privata;In marcia / fermata / arresto;Alfa Romeo;159 Sportwagon;Passeggero;1946;F;Illeso;0;;Non accertato;Inesploso
3593549;1;11/12/2017 10:30:00;Strada Urbana;VIA DEI CERCHI;in prossimità;;del civico n.;59;;Tamponamento;Rettilineo;Una carreggiata a senso unico di marcia;Bagnato (umidità in atto);In cubetti di porfido;Verticale ed orizzontale;Nuvoloso;Normale;Buona;Ore Diurne;2;0;0;2;12,4836;41,88799;-1;2;Motociclo con passeggero;In marcia / fermata / arresto;Kymco;AGILITY;Conducente;1942;M;Rimandato;0;NON DECEDUTO;Non accertato;
3593549;1;11/12/2017 10:30:00;Strada Urbana;VIA DEI CERCHI;in prossimità;;del civico n.;59;;Tamponamento;Rettilineo;Una carreggiata a senso unico di marcia;Bagnato (umidità in atto);In cubetti di porfido;Verticale ed orizzontale;Nuvoloso;Normale;Buona;Ore Diurne;2;0;0;2;12,4836;41,88799;-1;2;Motociclo con passeggero;In marcia / fermata / arresto;Kymco;AGILITY;Passeggero;1938;F;Rimandato;0;NON DECEDUTO;Non accertato;
3593558;10;11/12/2017 14:45:00;Strada Urbana;VIA BERNARDINO ALIMENA;in prossimità;;del civico n.;fronte 20;;Scontro laterale fra veicoli in marcia;Rettilineo;Una carreggiata a doppio senso;Asciutto;Asfaltata;Assente;Vento forte;Normale;Buona;Ore Diurne;1;0;0;2;;;0;1;Autovettura privata;In marcia / fermata / arresto;Fiat;Multipla;Conducente;1967;M;Illeso;0;;Non accertato;Inesploso
3593558;10;11/12/2017 14:45:00;Strada Urbana;VIA BERNARDINO ALIMENA;in prossimità;;del civico n.;fronte 20;;Scontro laterale fra veicoli in marcia;Rettilineo;Una carreggiata a doppio senso;Asciutto;Asfaltata;Assente;Vento forte;Normale;Buona;Ore Diurne;1;0;0;2;;;0;1;Autovettura privata;In marcia / fermata / arresto;Fiat;Multipla;Passeggero;1968;F;Rimandato;0;NON DECEDUTO;Non accertato;Inesploso
3593558;10;11/12/2017 14:45:00;Strada Urbana;VIA BERNARDINO ALIMENA;in prossimità;;del civico n.;fronte 20;;Scontro laterale fra veicoli in marcia;Rettilineo;Una carreggiata a doppio senso;Asciutto;Asfaltata;Assente;Vento forte;Normale;Buona;Ore Diurne;1;0;0;2;;;0;2;Autovettura privata;In marcia / fermata / arresto;Dacia;Sandero;Conducente;1957;M;Illeso;0;;Non accertato;Inesploso
3593566;16;08/12/2017 15:40:00;;CIRCONVALLAZIONE GIANICOLENSE;all'intersezione con;PIAZZA S. GIOVANNI DI DIO;PIAZZA S. GIOVANNI DI DIO;;;Scontro laterale fra veicoli in marcia;;;;;;;;;;1;0;0;2;;;0;1;Motociclo a solo;In marcia / fermata / arresto;Peugeot;Tweet;Conducente;0;M;Rimandato;0;NON DECEDUTO;;
3593566;16;08/12/2017 15:40:00;;CIRCONVALLAZIONE GIANICOLENSE;all'intersezione con;PIAZZA S. GIOVANNI DI DIO;PIAZZA S. GIOVANNI DI DIO;;;Scontro laterale fra veicoli in marcia;;;;;;;;;;1;0;0;2;;;0;2;Autovettura privata;In marcia / fermata / arresto;Volkswagen;UP;Conducente;0;F;Illeso;0;;;
3593566;16;08/12/2017 15:40:00;;CIRCONVALLAZIONE GIANICOLENSE;all'intersezione con;PIAZZA S. GIOVANNI DI DIO;PIAZZA S. GIOVANNI DI DIO;;;Scontro laterale fra veicoli in marcia;;;;;;;;;;1;0;0;2;;;0;2;Autovettura privata;In marcia / fermata / arresto;Volkswagen;UP;Passeggero;0;M;Illeso;0;;;
3593617;16;08/12/2017 19:05:00;;VIA VITELLIA;in corrispondenza;;del civico n.;73;;Veicolo in marcia contro veicolo fermo;;;;;;;;;;0;0;0;3;;;0;1;Autovettura privata;In marcia / fermata / arresto;Audi;A 3;Conducente;1973;;Illeso;0;;;
3593617;16;08/12/2017 19:05:00;;VIA VITELLIA;in corrispondenza;;del civico n.;73;;Veicolo in marcia contro veicolo fermo;;;;;;;;;;0;0;0;3;;;0;1;Autovettura privata;In marcia / fermata / arresto;Audi;A 3;Passeggero;0;M;Illeso;0;;;
3593617;16;08/12/2017 19:05:00;;VIA VITELLIA;in corrispondenza;;del civico n.;73;;Veicolo in marcia contro veicolo fermo;;;;;;;;;;0;0;0;3;;;0;3;Velocipede;In marcia / fermata / arresto;(ignoto);(non accertato);Conducente;0;M;Illeso;0;;Esente;
3593630;17;11/12/2017 12:35:00;Strada Urbana;VIALE GIULIO CESARE;da specificare;;;;fronte civico 95;Veicolo in marcia contro veicolo in sosta;Rettilineo;Più di due carreggiate;Asciutto;Asfaltata;Orizzontale;Nuvoloso;Normale;Buona;Ore Diurne;1;0;0;0;12,46278;41,9104;0;2;Motociclo a solo;In marcia / fermata / arresto;Honda;SH 150;Conducente;1980;F;Rimandato;0;NON DECEDUTO;;
3593673;12;08/12/2017 01:30:00;Strada Urbana;VIA CRISTOFORO COLOMBO;da specificare;;;;altezza P.LE DELL'AGRICOLTURA (direz. Ostia);Tamponamento Multiplo;Rettilineo;Più di due carreggiate;Asciutto;Asfaltata;Verticale ed orizzontale;Sereno;Scarso;Sufficiente;Sufficiente;0;0;0;6;12,47226;41,83672;0;1;Autovettura privata;In marcia / fermata / arresto;Fiat;Panda;Conducente;1985;M;Illeso;0;;Utilizzato;Inesploso
3593673;12;08/12/2017 01:30:00;Strada Urbana;VIA CRISTOFORO COLOMBO;da specificare;;;;altezza P.LE DELL'AGRICOLTURA (direz. Ostia);Tamponamento Multiplo;Rettilineo;Più di due carreggiate;Asciutto;Asfaltata;Verticale ed orizzontale;Sereno;Scarso;Sufficiente;Sufficiente;0;0;0;6;12,47226;41,83672;0;2;Autovettura privata;In marcia / fermata / arresto;Alfa Lancia;Y;Conducente;1987;F;Illeso;0;;Utilizzato;Esploso
3593673;12;08/12/2017 01:30:00;Strada Urbana;VIA CRISTOFORO COLOMBO;da specificare;;;;altezza P.LE DELL'AGRICOLTURA (direz. Ostia);Tamponamento Multiplo;Rettilineo;Più di due carreggiate;Asciutto;Asfaltata;Verticale ed orizzontale;Sereno;Scarso;Sufficiente;Sufficiente;0;0;0;6;12,47226;41,83672;0;3;Autovettura privata;In marcia / fermata / arresto;Mercedes;Classe A;Conducente;1988;M;Illeso;0;;Utilizzato;Inesploso
3593673;12;08/12/2017 01:30:00;Strada Urbana;VIA CRISTOFORO COLOMBO;da specificare;;;;altezza P.LE DELL'AGRICOLTURA (direz. Ostia);Tamponamento Multiplo;Rettilineo;Più di due carreggiate;Asciutto;Asfaltata;Verticale ed orizzontale;Sereno;Scarso;Sufficiente;Sufficiente;0;0;0;6;12,47226;41,83672;0;3;Autovettura privata;In marcia / fermata / arresto;Mercedes;Classe A;Passeggero;1988;F;Illeso;0;;Utilizzato;Inesploso
3593673;12;08/12/2017 01:30:00;Strada Urbana;VIA CRISTOFORO COLOMBO;da specificare;;;;altezza P.LE DELL'AGRICOLTURA (direz. Ostia);Tamponamento Multiplo;Rettilineo;Più di due carreggiate;Asciutto;Asfaltata;Verticale ed orizzontale;Sereno;Scarso;Sufficiente;Sufficiente;0;0;0;6;12,47226;41,83672;0;4;Autovettura privata;In marcia / fermata / arresto;BMW;X1;Conducente;1985;M;Illeso;0;;Utilizzato;Inesploso
3593673;12;08/12/2017 01:30:00;Strada Urbana;VIA CRISTOFORO COLOMBO;da specificare;;;;altezza P.LE DELL'AGRICOLTURA (direz. Ostia);Tamponamento Multiplo;Rettilineo;Più di due carreggiate;Asciutto;Asfaltata;Verticale ed orizzontale;Sereno;Scarso;Sufficiente;Sufficiente;0;0;0;6;12,47226;41,83672;0;5;Autovettura privata;In marcia / fermata / arresto;Peugeot;5008;Conducente;1960;M;Illeso;0;;Utilizzato;Inesploso
3593677;10;11/12/2017 13:45:00;Strada Urbana;VIA DI TOR VERGATA;da specificare;;;;dir.  v. casiliana prox svincolo con via V. Ragusa;Scontro laterale fra veicoli in marcia;Cavalcavia;Una carreggiata a doppio senso;Asciutto;Asfaltata;Orizzontale;Vento forte;Normale;Buona;Ore Diurne;0;0;0;3;12,62161;41,84342;-1;1;Autovettura privata;In marcia / fermata / arresto;Fiat;500 X;Conducente;1996;M;Illeso;0;;Non accertato;Esploso
3593677;10;11/12/2017 13:45:00;Strada Urbana;VIA DI TOR VERGATA;da specificare;;;;dir.  v. casiliana prox svincolo con via V. Ragusa;Scontro laterale fra veicoli in marcia;Cavalcavia;Una carreggiata a doppio senso;Asciutto;Asfaltata;Orizzontale;Vento forte;Normale;Buona;Ore Diurne;0;0;0;3;12,62161;41,84342;-1;1;Autovettura privata;In marcia / fermata / arresto;Fiat;500 X;Passeggero;1996;F;Illeso;0;;Non accertato;Esploso
3593677;10;11/12/2017 13:45:00;Strada Urbana;VIA DI TOR VERGATA;da specificare;;;;dir.  v. casiliana prox svincolo con via V. Ragusa;Scontro laterale fra veicoli in marcia;Cavalcavia;Una carreggiata a doppio senso;Asciutto;Asfaltata;Orizzontale;Vento forte;Normale;Buona;Ore Diurne;0;0;0;3;12,62161;41,84342;-1;2;Autobus di linea;In marcia / fermata / arresto;Irisbus;(ignoto);Conducente;1985;M;Illeso;0;;Non accertato;Inesploso
3593680;13;11/12/2017 16:20:00;Strada Urbana;VIA DI CASTEL FUSANO;da specificare;;;;prossimità via agostino chigi;Scontro laterale fra veicoli in marcia;Rettilineo;Una carreggiata a doppio senso;Asciutto;Asfaltata;Verticale ed orizzontale;Vento forte;Intenso;Buona;Ore Diurne;0;0;0;3;12,31099;41,7478;0;1;Autovettura privata;In marcia / fermata / arresto;Opel;Meriva;Conducente;1942;M;Illeso;0;;Non accertato;Inesploso
3593680;13;11/12/2017 16:20:00;Strada Urbana;VIA DI CASTEL FUSANO;da specificare;;;;prossimità via agostino chigi;Scontro laterale fra veicoli in marcia;Rettilineo;Una carreggiata a doppio senso;Asciutto;Asfaltata;Verticale ed orizzontale;Vento forte;Intenso;Buona;Ore Diurne;0;0;0;3;12,31099;41,7478;0;2;Autovettura privata;In marcia / fermata / arresto;Citroen;C 3;Conducente;1998;M;Illeso;0;;Non accertato;Inesploso
3593680;13;11/12/2017 16:20:00;Strada Urbana;VIA DI CASTEL FUSANO;da specificare;;;;prossimità via agostino chigi;Scontro laterale fra veicoli in marcia;Rettilineo;Una carreggiata a doppio senso;Asciutto;Asfaltata;Verticale ed orizzontale;Vento forte;Intenso;Buona;Ore Diurne;0;0;0;3;12,31099;41,7478;0;2;Autovettura privata;In marcia / fermata / arresto;Citroen;C 3;Passeggero;1998;F;Illeso;0;;Non accertato;Inesploso
3593770;9;11/12/2017 12:30:00;;VIA ROCCA DI PAPA;in prossimità;;del civico n.;11;;Scontro laterale fra veicoli in marcia;;;;;;;;;;1;0;0;1;12,5356;41,86984;0;1;Autovettura privata;In marcia / fermata / arresto;Fiat;Punto;Conducente;1973;F;Illeso;0;;Non accertato;Inesploso
3593770;9;11/12/2017 12:30:00;;VIA ROCCA DI PAPA;in prossimità;;del civico n.;11;;Scontro laterale fra veicoli in marcia;;;;;;;;;;1;0;0;1;12,5356;41,86984;0;2;Motociclo a solo;In marcia / fermata / arresto;Yamaha;Majesty;Conducente;1963;M;Rimandato;0;NON DECEDUTO;;
3593774;9;11/12/2017 13:05:00;;VIALE CASTRENSE;da specificare;;;;fronte civico 9;Tamponamento Multiplo;;;;;;;;;;1;0;0;2;12,5193;41,88916;0;1;Autovettura privata;In marcia / fermata / arresto;Lancia;Ypsilon;Conducente;1983;M;Illeso;0;;Non accertato;Inesploso
3593774;9;11/12/2017 13:05:00;;VIALE CASTRENSE;da specificare;;;;fronte civico 9;Tamponamento Multiplo;;;;;;;;;;1;0;0;2;12,5193;41,88916;0;2;Autovettura privata;In marcia / fermata / arresto;Volkswagen;Golf;Conducente;1967;M;Rimandato;0;NON DECEDUTO;Non accertato;Inesploso
3593774;9;11/12/2017 13:05:00;;VIALE CASTRENSE;da specificare;;;;fronte civico 9;Tamponamento Multiplo;;;;;;;;;;1;0;0;2;12,5193;41,88916;0;3;Autovettura privata;In marcia / fermata / arresto;Renault;Twingo;Conducente;1948;M;Illeso;0;;Non accertato;Inesploso
3593780;12;08/12/2017 17:50:00;Strada Urbana;VIALE DEI CADUTI NELLA GUERRA DI LIBERAZIONE;in prossimità;;del civico n.;286;;Scontro frontale/laterale SX fra veicoli in marcia;Rettilineo;Una carreggiata a senso unico di marcia;Asciutto;Asfaltata;Verticale ed orizzontale;Sereno;Normale;Buona;Sufficiente;0;0;0;3;;;0;1;Autovettura privata;In marcia / fermata / arresto;Skoda;Fabia;Conducente;1990;M;Illeso;0;;Non accertato;Inesploso
3593780;12;08/12/2017 17:50:00;Strada Urbana;VIALE DEI CADUTI NELLA GUERRA DI LIBERAZIONE;in prossimità;;del civico n.;286;;Scontro frontale/laterale SX fra veicoli in marcia;Rettilineo;Una carreggiata a senso unico di marcia;Asciutto;Asfaltata;Verticale ed orizzontale;Sereno;Normale;Buona;Sufficiente;0;0;0;3;;;0;1;Autovettura privata;In marcia / fermata / arresto;Skoda;Fabia;Passeggero;1993;M;Illeso;0;;Non accertato;Inesploso
3593780;12;08/12/2017 17:50:00;Strada Urbana;VIALE DEI CADUTI NELLA GUERRA DI LIBERAZIONE;in prossimità;;del civico n.;286;;Scontro frontale/laterale SX fra veicoli in marcia;Rettilineo;Una carreggiata a senso unico di marcia;Asciutto;Asfaltata;Verticale ed orizzontale;Sereno;Normale;Buona;Sufficiente;0;0;0;3;;;0;2;Autovettura privata;In marcia / fermata / arresto;Alfa Lancia;Y;Conducente;0;M;Illeso;0;;;
3593781;12;10/12/2017 20:35:00;;VIALE DI VAL FIORITA;da specificare;;;;tra la fermata ATAC 81781 ed il palo della luce. ;Investimento di pedone;;;;;;;;;;0;0;0;5;12,4644;41,83935;0;;;;;;Pedone;1953;M;Illeso;0;;;
3593781;12;10/12/2017 20:35:00;;VIALE DI VAL FIORITA;da specificare;;;;tra la fermata ATAC 81781 ed il palo della luce. ;Investimento di pedone;;;;;;;;;;0;0;0;5;12,4644;41,83935;0;1;Autovettura privata;In marcia / fermata / arresto;Fiat;Panda;Conducente;1979;M;Illeso;0;;Non accertato;Inesploso
3593781;12;10/12/2017 20:35:00;;VIALE DI VAL FIORITA;da specificare;;;;tra la fermata ATAC 81781 ed il palo della luce. ;Investimento di pedone;;;;;;;;;;0;0;0;5;12,4644;41,83935;0;1;Autovettura privata;In marcia / fermata / arresto;Fiat;Panda;Passeggero;0;F;Illeso;0;;;
3593781;12;10/12/2017 20:35:00;;VIALE DI VAL FIORITA;da specificare;;;;tra la fermata ATAC 81781 ed il palo della luce. ;Investimento di pedone;;;;;;;;;;0;0;0;5;12,4644;41,83935;0;1;Autovettura privata;In marcia / fermata / arresto;Fiat;Panda;Passeggero;1951;F;Illeso;0;;Non accertato;Inesploso
3593781;12;10/12/2017 20:35:00;;VIALE DI VAL FIORITA;da specificare;;;;tra la fermata ATAC 81781 ed il palo della luce. ;Investimento di pedone;;;;;;;;;;0;0;0;5;12,4644;41,83935;0;1;Autovettura privata;In marcia / fermata / arresto;Fiat;Panda;Passeggero;1980;F;Illeso;0;;Non accertato;Inesploso
3593784;16;09/12/2017 13:50:00;;VIA DEGLI STRADIVARI;all'intersezione con;LUNGOTEVERE DEGLI ARTIGIANI;LUNGOTEVERE DEGLI ARTIGIANI;;;Scontro laterale fra veicoli in marcia;;;;;;;;;;0;0;0;4;;;0;1;Autovettura privata;In marcia / fermata / arresto;Fiat;500;Conducente;0;M;Illeso;0;;;
3593784;16;09/12/2017 13:50:00;;VIA DEGLI STRADIVARI;all'intersezione con;LUNGOTEVERE DEGLI ARTIGIANI;LUNGOTEVERE DEGLI ARTIGIANI;;;Scontro laterale fra veicoli in marcia;;;;;;;;;;0;0;0;4;;;0;1;Autovettura privata;In marcia / fermata / arresto;Fiat;500;Passeggero;0;M;Illeso;0;;;
3593784;16;09/12/2017 13:50:00;;VIA DEGLI STRADIVARI;all'intersezione con;LUNGOTEVERE DEGLI ARTIGIANI;LUNGOTEVERE DEGLI ARTIGIANI;;;Scontro laterale fra veicoli in marcia;;;;;;;;;;0;0;0;4;;;0;2;Autovettura privata;In marcia / fermata / arresto;Smart ;-;Conducente;0;M;Illeso;0;;;
3593785;12;08/12/2017 17:40:00;Strada Urbana;VIALE DELL'ARTE;all'intersezione con;VIALE EUROPA;VIALE EUROPA;;;Investimento di pedone;Intersezione semaforizzata;Una carreggiata a senso unico di marcia;Asciutto;Asfaltata;Verticale ed orizzontale;Sereno;Normale;Buona;Sufficiente;1;0;0;1;12,47445;41,82978;-1;;;;;;Pedone;1960;F;Rimandato;0;NON DECEDUTO;;
3593785;12;08/12/2017 17:40:00;Strada Urbana;VIALE DELL'ARTE;all'intersezione con;VIALE EUROPA;VIALE EUROPA;;;Investimento di pedone;Intersezione semaforizzata;Una carreggiata a senso unico di marcia;Asciutto;Asfaltata;Verticale ed orizzontale;Sereno;Normale;Buona;Sufficiente;1;0;0;1;12,47445;41,82978;-1;1;Motociclo a solo;In marcia / fermata / arresto;Yamaha;XP 500;Conducente;1991;M;Illeso;0;;Utilizzato;
3593790;12;08/12/2017 18:05:00;;VIALE EGEO;all'intersezione con;VIA MONTE DEL FINOCCHIO;VIA MONTE DEL FINOCCHIO;;;Scontro frontale/laterale SX fra veicoli in marcia;;;;;;;;;;0;0;0;5;;;0;1;Autovettura privata;In marcia / fermata / arresto;Lancia;Y;Conducente;0;M;Illeso;0;;;
3593790;12;08/12/2017 18:05:00;;VIALE EGEO;all'intersezione con;VIA MONTE DEL FINOCCHIO;VIA MONTE DEL FINOCCHIO;;;Scontro frontale/laterale SX fra veicoli in marcia;;;;;;;;;;0;0;0;5;;;0;1;Autovettura privata;In marcia / fermata / arresto;Lancia;Y;Passeggero;0;F;Illeso;0;;;
3593790;12;08/12/2017 18:05:00;;VIALE EGEO;all'intersezione con;VIA MONTE DEL FINOCCHIO;VIA MONTE DEL FINOCCHIO;;;Scontro frontale/laterale SX fra veicoli in marcia;;;;;;;;;;0;0;0;5;;;0;2;Autovettura privata;In marcia / fermata / arresto;Toyota;Yaris;Conducente;0;M;Illeso;0;;;
3593790;12;08/12/2017 18:05:00;;VIALE EGEO;all'intersezione con;VIA MONTE DEL FINOCCHIO;VIA MONTE DEL FINOCCHIO;;;Scontro frontale/laterale SX fra veicoli in marcia;;;;;;;;;;0;0;0;5;;;0;2;Autovettura privata;In marcia / fermata / arresto;Toyota;Yaris;Passeggero;0;F;Illeso;0;;;
3593812;16;09/12/2017 15:20:00;;CLIVO RUTARIO;in prossimità;;del civico n.;f.c.17;;Veicolo in marcia contro veicoli in sosta;;;;;;;;;;0;0;0;1;;;0;1;Autovettura privata;In marcia / fermata / arresto;Fiat;Punto;Conducente;0;M;Illeso;0;;;
3593845;16;09/12/2017 19:50:00;;VIA FONTEIANA;in corrispondenza;;del civico n.;59;;Tamponamento;;;;;;;;;;1;0;0;2;;;0;1;Motociclo a solo;In marcia / fermata / arresto;Honda;SH 125;Conducente;2000;F;Illeso;0;;Non accertato;
3593845;16;09/12/2017 19:50:00;;VIA FONTEIANA;in corrispondenza;;del civico n.;59;;Tamponamento;;;;;;;;;;1;0;0;2;;;0;1;Motociclo a solo;In marcia / fermata / arresto;Honda;SH 125;Passeggero;0;M;Illeso;0;;;
3593845;16;09/12/2017 19:50:00;;VIA FONTEIANA;in corrispondenza;;del civico n.;59;;Tamponamento;;;;;;;;;;1;0;0;2;;;0;2;Motociclo a solo;In marcia / fermata / arresto;Honda;SH 125;Conducente;0;M;Rimandato;0;NON DECEDUTO;;
3593907;17;11/12/2017 16:50:00;Strada Urbana;LUNGOTEVERE DELLA VITTORIA;all'intersezione con;VIA ORTIGARA;VIA ORTIGARA;;;Scontro frontale/laterale DX fra veicoli in marcia;Incrocio;Due carreggiate;Asciutto;Asfaltata;Verticale ed orizzontale;Nuvoloso;Normale;Sufficiente;Sufficiente;0;0;0;2;12,46206;41,92258;0;1;Autovettura privata;In marcia / fermata / arresto;Lancia;Y;Conducente;1969;M;Illeso;0;;;
3593907;17;11/12/2017 16:50:00;Strada Urbana;LUNGOTEVERE DELLA VITTORIA;all'intersezione con;VIA ORTIGARA;VIA ORTIGARA;;;Scontro frontale/laterale DX fra veicoli in marcia;Incrocio;Due carreggiate;Asciutto;Asfaltata;Verticale ed orizzontale;Nuvoloso;Normale;Sufficiente;Sufficiente;0;0;0;2;12,46206;41,92258;0;2;Autovettura privata;In marcia / fermata / arresto;Lexus;RX 300;Conducente;1965;M;Illeso;0;;;
3593928;16;09/12/2017 23:30:00;Strada Urbana;VIA DEGLI ORTI DI TRASTEVERE;all'intersezione con;VIA BENEDETTO MUSOLINO;VIA BENEDETTO MUSOLINO;;;Scontro frontale/laterale DX fra veicoli in marcia;Incrocio;Una carreggiata a doppio senso;Asciutto;Asfaltata;Verticale ed orizzontale;Sereno;Scarso;Sufficiente;Sufficiente;0;0;0;5;;;0;1;Autovettura privata;In marcia / fermata / arresto;Alfa Romeo;Giulietta;Conducente;1988;M;Illeso;0;;;
3593928;16;09/12/2017 23:30:00;Strada Urbana;VIA DEGLI ORTI DI TRASTEVERE;all'intersezione con;VIA BENEDETTO MUSOLINO;VIA BENEDETTO MUSOLINO;;;Scontro frontale/laterale DX fra veicoli in marcia;Incrocio;Una carreggiata a doppio senso;Asciutto;Asfaltata;Verticale ed orizzontale;Sereno;Scarso;Sufficiente;Sufficiente;0;0;0;5;;;0;2;Autovettura privata;In marcia / fermata / arresto;Fiat;Panda;Conducente;1998;M;Illeso;0;;;
3593928;16;09/12/2017 23:30:00;Strada Urbana;VIA DEGLI ORTI DI TRASTEVERE;all'intersezione con;VIA BENEDETTO MUSOLINO;VIA BENEDETTO MUSOLINO;;;Scontro frontale/laterale DX fra veicoli in marcia;Incrocio;Una carreggiata a doppio senso;Asciutto;Asfaltata;Verticale ed orizzontale;Sereno;Scarso;Sufficiente;Sufficiente;0;0;0;5;;;0;2;Autovettura privata;In marcia / fermata / arresto;Fiat;Panda;Passeggero;1996;M;Illeso;0;;Non accertato;Inesploso
3593928;16;09/12/2017 23:30:00;Strada Urbana;VIA DEGLI ORTI DI TRASTEVERE;all'intersezione con;VIA BENEDETTO MUSOLINO;VIA BENEDETTO MUSOLINO;;;Scontro frontale/laterale DX fra veicoli in marcia;Incrocio;Una carreggiata a doppio senso;Asciutto;Asfaltata;Verticale ed orizzontale;Sereno;Scarso;Sufficiente;Sufficiente;0;0;0;5;;;0;2;Autovettura privata;In marcia / fermata / arresto;Fiat;Panda;Passeggero;1997;M;Illeso;0;;Non accertato;Inesploso