Protocollo;Gruppo;DataOraIncidente;Localizzazione1;STRADA1;Localizzazione2;STRADA2;Strada02;Chilometrica;DaSpecificare;NaturaIncidente;particolaritastrade;TipoStrada;FondoStradale;Pavimentazione;Segnaletica;CondizioneAtmosferica;Traffico;Visibilita;Illuminazione;NUM_FERITI;NUM_RISERVATA;NUM_MORTI;NUM_ILLESI;Longitudine;Latitudine;Confermato;Progressivo;TipoVeicolo;StatoVeicolo;Marca;Modello;TipoPersona;AnnoNascita;Sesso;Tipolesione;Deceduto;DecedutoDopo;CinturaCascoUtilizzato;Airbag;
3593928;16;09/12/2017 23:30:00;Strada Urbana;VIA DEGLI ORTI DI TRASTEVERE;all'intersezione con;VIA BENEDETTO MUSOLINO;VIA BENEDETTO MUSOLINO;;;Scontro frontale/laterale DX fra veicoli in marcia;Incrocio;Una carreggiata a doppio senso;Asciutto;Asfaltata;Verticale ed orizzontale;Sereno;Scarso;Sufficiente;Sufficiente;0;0;0;5;;;0;2;Autovettura privata;In marcia / fermata / arresto;Fiat;Panda;Passeggero;2001;F;Illeso;0;;Non accertato;Inesploso
3594004;16;10/12/2017 03:30:00;;CIRCONVALLAZIONE GIANICOLENSE;all'intersezione semaforizzata con;VIA S. GIROLAMO EMILIANI;VIA S. GIROLAMO EMILIANI;;;Scontro frontale/laterale DX fra veicoli in marcia;;;;;;;;;;0;0;0;6;;;0;1;Autovettura privata;In marcia / fermata / arresto;Fiat;500;Conducente;0;F;Illeso;0;;;
3594004;16;10/12/2017 03:30:00;;CIRCONVALLAZIONE GIANICOLENSE;all'intersezione semaforizzata con;VIA S. GIROLAMO EMILIANI;VIA S. GIROLAMO EMILIANI;;;Scontro frontale/laterale DX fra veicoli in marcia;;;;;;;;;;0;0;0;6;;;0;1;Autovettura privata;In marcia / fermata / arresto;Fiat;500;Passeggero;0;F;Illeso;0;;;
3594004;16;10/12/2017 03:30:00;;CIRCONVALLAZIONE GIANICOLENSE;all'intersezione semaforizzata con;VIA S. GIROLAMO EMILIANI;VIA S. GIROLAMO EMILIANI;;;Scontro frontale/laterale DX fra veicoli in marcia;;;;;;;;;;0;0;0;6;;;0;1;Autovettura privata;In marcia / fermata / arresto;Fiat;500;Passeggero;0;M;Illeso;0;;;
3594004;16;10/12/2017 03:30:00;;CIRCONVALLAZIONE GIANICOLENSE;all'intersezione semaforizzata con;VIA S. GIROLAMO EMILIANI;VIA S. GIROLAMO EMILIANI;;;Scontro frontale/laterale DX fra veicoli in marcia;;;;;;;;;;0;0;0;6;;;0;2;Autovettura privata;In marcia / fermata / arresto;Lancia;Y;Conducente;0;M;Illeso;0;;;
3594004;16;10/12/2017 03:30:00;;CIRCONVALLAZIONE GIANICOLENSE;all'intersezione semaforizzata con;VIA S. GIROLAMO EMILIANI;VIA S. GIROLAMO EMILIANI;;;Scontro frontale/laterale DX fra veicoli in marcia;;;;;;;;;;0;0;0;6;;;0;2;Autovettura privata;In marcia / fermata / arresto;Lancia;Y;Passeggero;0;M;Illeso;0;;;
3594007;18;11/12/2017 17:45:00;Strada Urbana;LARGO DI PORTA CAVALLEGGERI;all'intersezione semaforizzata con;VIA DELLE FORNACI;VIA DELLE FORNACI;;;Investimento di pedone;Intersezione semaforizzata;Una carreggiata a doppio senso;Bagnato (pioggia);Asfaltata;Verticale ed orizzontale;Pioggia in atto;Normale;Sufficiente;Sufficiente;0;0;1;1;12,45642;41,90013;0;;;;;;Pedone;2017;M;Deceduto sul posto;-1;;;
3594007;18;11/12/2017 17:45:00;Strada Urbana;LARGO DI PORTA CAVALLEGGERI;all'intersezione semaforizzata con;VIA DELLE FORNACI;VIA DELLE FORNACI;;;Investimento di pedone;Intersezione semaforizzata;Una carreggiata a doppio senso;Bagnato (pioggia);Asfaltata;Verticale ed orizzontale;Pioggia in atto;Normale;Sufficiente;Sufficiente;0;0;1;1;12,45642;41,90013;0;1;Autovettura privata;In marcia / fermata / arresto;Mercedes;200;Conducente;1947;M;Illeso;0;;Non accertato;Inesistente
3594009;15;11/12/2017 18:20:00;Strada Urbana;VIA PORTUENSE;in prossimità;;del civico n.;715;;Scontro frontale/laterale DX fra veicoli in marcia;Rettilineo;Una carreggiata a doppio senso;Asciutto;Asfaltata;Orizzontale;Nuvoloso;Intenso;Buona;Sufficiente;0;0;0;2;;;0;1;Autovettura privata;In marcia / fermata / arresto;Nissan;QASHQAI;Conducente;1946;F;Illeso;0;;Non accertato;Inesploso
3594009;15;11/12/2017 18:20:00;Strada Urbana;VIA PORTUENSE;in prossimità;;del civico n.;715;;Scontro frontale/laterale DX fra veicoli in marcia;Rettilineo;Una carreggiata a doppio senso;Asciutto;Asfaltata;Orizzontale;Nuvoloso;Intenso;Buona;Sufficiente;0;0;0;2;;;0;2;Autovettura privata;In marcia / fermata / arresto;Opel;Meriva;Conducente;1979;M;Illeso;0;;Non utilizzato;Inesploso
3594015;15;11/12/2017 16:15:00;Strada Urbana;VIA ANTONIO PACINOTTI;in prossimità;;del civico n.;18;;Scontro laterale fra veicoli in marcia;Rettilineo;Una carreggiata a doppio senso;Asciutto;Asfaltata;Orizzontale;Nuvoloso;Normale;Buona;Ore Diurne;0;0;0;3;12,46918;41,87077;0;1;Autovettura privata;In marcia / fermata / arresto;Opel;Corsa;Conducente;1967;F;Illeso;0;;Utilizzato;Inesploso
3594015;15;11/12/2017 16:15:00;Strada Urbana;VIA ANTONIO PACINOTTI;in prossimità;;del civico n.;18;;Scontro laterale fra veicoli in marcia;Rettilineo;Una carreggiata a doppio senso;Asciutto;Asfaltata;Orizzontale;Nuvoloso;Normale;Buona;Ore Diurne;0;0;0;3;12,46918;41,87077;0;1;Autovettura privata;In marcia / fermata / arresto;Opel;Corsa;Passeggero;2005;M;Illeso;0;;Utilizzato;Inesploso
3594015;15;11/12/2017 16:15:00;Strada Urbana;VIA ANTONIO PACINOTTI;in prossimità;;del civico n.;18;;Scontro laterale fra veicoli in marcia;Rettilineo;Una carreggiata a doppio senso;Asciutto;Asfaltata;Orizzontale;Nuvoloso;Normale;Buona;Ore Diurne;0;0;0;3;12,46918;41,87077;0;2;Autocarro inferiore 35 q.;In marcia / fermata / arresto;Fiat;Doblo';Conducente;1992;M;Illeso;0;;Utilizzato;Inesploso
3594023;16;10/12/2017 06:30:00;;VIA VINCENZO USSANI;in corrispondenza;;del civico n.;82;;Veicoli in marcia contro veicoli fermi;;;;;;;;;;0;0;0;1;;;0;1;Autovettura privata;In marcia / fermata / arresto;Citroen;DS3;Conducente;1988;M;Illeso;0;;;
3594114;15;11/12/2017 16:20:00;;VIALE ISACCO NEWTON;da specificare;;;;rampa uscita dir Vicolo Papa Leone;Veicolo in marcia contro ostacolo accidentale;;;;;;;;;;1;0;0;0;;;0;1;Motociclo a solo;In marcia / fermata / arresto;Honda;SH150;Conducente;0;M;Rifiuta cure immediate;0;NON DECEDUTO;;
3594122;15;11/12/2017 19:50:00;Strada Urbana;VIA ODERISI DA GUBBIO;in prossimità;;del civico n.;236;;Scontro laterale fra veicoli in marcia;Rettilineo;Una carreggiata a doppio senso;Asciutto;Asfaltata;Assente;Sereno;Normale;Buona;Sufficiente;0;0;0;3;;;0;1;Autovettura privata;In marcia / fermata / arresto;Fiat;Panda;Conducente;1938;M;Illeso;0;;;
3594122;15;11/12/2017 19:50:00;Strada Urbana;VIA ODERISI DA GUBBIO;in prossimità;;del civico n.;236;;Scontro laterale fra veicoli in marcia;Rettilineo;Una carreggiata a doppio senso;Asciutto;Asfaltata;Assente;Sereno;Normale;Buona;Sufficiente;0;0;0;3;;;0;1;Autovettura privata;In marcia / fermata / arresto;Fiat;Panda;Passeggero;1946;F;Illeso;0;;Utilizzato;
3594122;15;11/12/2017 19:50:00;Strada Urbana;VIA ODERISI DA GUBBIO;in prossimità;;del civico n.;236;;Scontro laterale fra veicoli in marcia;Rettilineo;Una carreggiata a doppio senso;Asciutto;Asfaltata;Assente;Sereno;Normale;Buona;Sufficiente;0;0;0;3;;;0;2;Autocarro inferiore 35 q.;In marcia / fermata / arresto;Renault;Master;Conducente;1977;M;Illeso;0;;;
3594325;11;11/12/2017 16:30:00;Strada Urbana;VIA ADOLFO RAVA';da specificare;;;;alt..civ.134;Scontro laterale fra veicoli in marcia;Rettilineo;Una carreggiata a doppio senso;Asciutto;Asfaltata;Orizzontale;Nuvoloso;Normale;Buona;Ore Diurne;0;0;0;2;12,48821;41,84443;-1;1;Autovettura privata;In marcia / fermata / arresto;Nissan;Micra;Conducente;1968;F;Illeso;0;;Non accertato;
3594325;11;11/12/2017 16:30:00;Strada Urbana;VIA ADOLFO RAVA';da specificare;;;;alt..civ.134;Scontro laterale fra veicoli in marcia;Rettilineo;Una carreggiata a doppio senso;Asciutto;Asfaltata;Orizzontale;Nuvoloso;Normale;Buona;Ore Diurne;0;0;0;2;12,48821;41,84443;-1;2;Autocarro inferiore 35 q.;In marcia / fermata / arresto;Ford;Transit;Conducente;1970;M;Illeso;0;;Non accertato;
3594328;9;11/12/2017 19:55:00;Strada Urbana;VIA STATILIO OTTATO;all'intersezione con;VIALE DEI SALESIANI;VIALE DEI SALESIANI;;;Scontro frontale/laterale DX fra veicoli in marcia;Incrocio;Una carreggiata a senso unico di marcia;Asciutto;Asfaltata;Verticale ed orizzontale;Nuvoloso;Normale;Buona;Sufficiente;0;0;0;3;12,56822;41,85634;0;1;Autovettura privata;In marcia / fermata / arresto;Fiat;Panda;Conducente;1991;F;Illeso;0;;Non accertato;Inesploso
3594328;9;11/12/2017 19:55:00;Strada Urbana;VIA STATILIO OTTATO;all'intersezione con;VIALE DEI SALESIANI;VIALE DEI SALESIANI;;;Scontro frontale/laterale DX fra veicoli in marcia;Incrocio;Una carreggiata a senso unico di marcia;Asciutto;Asfaltata;Verticale ed orizzontale;Nuvoloso;Normale;Buona;Sufficiente;0;0;0;3;12,56822;41,85634;0;1;Autovettura privata;In marcia / fermata / arresto;Fiat;Panda;Passeggero;1954;M;Illeso;0;;Non accertato;Inesploso
3594328;9;11/12/2017 19:55:00;Strada Urbana;VIA STATILIO OTTATO;all'intersezione con;VIALE DEI SALESIANI;VIALE DEI SALESIANI;;;Scontro frontale/laterale DX fra veicoli in marcia;Incrocio;Una carreggiata a senso unico di marcia;Asciutto;Asfaltata;Verticale ed orizzontale;Nuvoloso;Normale;Buona;Sufficiente;0;0;0;3;12,56822;41,85634;0;2;Autovettura privata;In marcia / fermata / arresto;Mercedes;Smart Fortwo Coupè;Conducente;1990;M;Illeso;0;;Non accertato;Inesploso
3594334;8;11/12/2017 11:20:00;Strada Urbana;VIA DEL CASALE DEL FINOCCHIO;da specificare;;;;altezza via TRECASTAGNI;Veicolo in marcia contro veicolo fermo;Rettilineo;Una carreggiata a doppio senso;Asciutto;Asfaltata;Assente;Sereno;Normale;Sufficiente;Ore Diurne;0;0;0;3;12,69205;41,86259;0;1;Autovettura privata;In marcia / fermata / arresto;Toyota;Rav 4;Conducente;1983;M;Illeso;0;;Non accertato;Inesploso
3594334;8;11/12/2017 11:20:00;Strada Urbana;VIA DEL CASALE DEL FINOCCHIO;da specificare;;;;altezza via TRECASTAGNI;Veicolo in marcia contro veicolo fermo;Rettilineo;Una carreggiata a doppio senso;Asciutto;Asfaltata;Assente;Sereno;Normale;Sufficiente;Ore Diurne;0;0;0;3;12,69205;41,86259;0;1;Autovettura privata;In marcia / fermata / arresto;Toyota;Rav 4;Passeggero;2015;F;Illeso;0;;Non accertato;Inesploso
3594334;8;11/12/2017 11:20:00;Strada Urbana;VIA DEL CASALE DEL FINOCCHIO;da specificare;;;;altezza via TRECASTAGNI;Veicolo in marcia contro veicolo fermo;Rettilineo;Una carreggiata a doppio senso;Asciutto;Asfaltata;Assente;Sereno;Normale;Sufficiente;Ore Diurne;0;0;0;3;12,69205;41,86259;0;2;Autovettura privata;In marcia / fermata / arresto;Seat;Ibiza;Conducente;1965;M;Illeso;0;;Non accertato;Inesploso
3594337;8;11/12/2017 10:30:00;;VIA OSVALDO LICINI;all'intersezione con;VIA LUCIO FONTANA;VIA LUCIO FONTANA;;;Scontro laterale fra veicoli in marcia;;;;;;;;;;0;0;0;2;12,61814;41,90885;0;1;Autovettura pubblica;In marcia / fermata / arresto;Citroen;(ignoto);Conducente;1974;M;Illeso;0;;;
3594337;8;11/12/2017 10:30:00;;VIA OSVALDO LICINI;all'intersezione con;VIA LUCIO FONTANA;VIA LUCIO FONTANA;;;Scontro laterale fra veicoli in marcia;;;;;;;;;;0;0;0;2;12,61814;41,90885;0;2;Autovettura privata;In marcia / fermata / arresto;Citroen;(non accertato);Conducente;1989;M;Illeso;0;;;
3594341;8;11/12/2017 14:30:00;Strada Urbana;VIALE OXFORD;in prossimità;;del civico n.;81;;Scontro laterale fra veicoli in marcia;Rettilineo;Due carreggiate;Asciutto;Asfaltata;Verticale ed orizzontale;Nuvoloso;Scarso;Buona;Ore Diurne;1;0;0;1;12,6299;41,85846;-1;1;Autovettura privata;In marcia / fermata / arresto;Toyota;Yaris;Conducente;1993;M;Illeso;0;;;
3594341;8;11/12/2017 14:30:00;Strada Urbana;VIALE OXFORD;in prossimità;;del civico n.;81;;Scontro laterale fra veicoli in marcia;Rettilineo;Due carreggiate;Asciutto;Asfaltata;Verticale ed orizzontale;Nuvoloso;Scarso;Buona;Ore Diurne;1;0;0;1;12,6299;41,85846;-1;2;Autovettura privata;In marcia / fermata / arresto;Citroen;(non accertato);Conducente;1971;F;Rifiuta cure immediate;0;NON DECEDUTO;;
3594346;8;11/12/2017 15:20:00;Strada Urbana;VIA CASILINA;in prossimità;;del civico n.;1679;;Scontro laterale fra veicoli in marcia;Rettilineo;Una carreggiata a doppio senso;Asciutto;Asfaltata;Orizzontale;Nuvoloso;Normale;Buona;Ore Diurne;0;0;0;2;12,66465;41,8643;-1;1;Autovettura privata;In marcia / fermata / arresto;Ford;Fiesta;Conducente;1967;F;Illeso;0;;Non accertato;Inesploso
3594346;8;11/12/2017 15:20:00;Strada Urbana;VIA CASILINA;in prossimità;;del civico n.;1679;;Scontro laterale fra veicoli in marcia;Rettilineo;Una carreggiata a doppio senso;Asciutto;Asfaltata;Orizzontale;Nuvoloso;Normale;Buona;Ore Diurne;0;0;0;2;12,66465;41,8643;-1;2;Autovettura privata;In marcia / fermata / arresto;Fiat;Punto;Conducente;1962;M;Illeso;0;;Non accertato;Inesploso
3594347;11;11/12/2017 21:00:00;Strada Urbana;VIA ERODE ATTICO;in corrispondenza;;del civico n.;3;;Scontro laterale fra veicoli in marcia;Rettilineo;Una carreggiata a doppio senso;Asciutto;Asfaltata;Verticale ed orizzontale;Nuvoloso;Normale;Sufficiente;Sufficiente;0;0;0;4;12,54521;41,83941;0;1;Autovettura privata;In marcia / fermata / arresto;Opel;Meriva;Conducente;1968;F;Illeso;0;;Non accertato;
3594347;11;11/12/2017 21:00:00;Strada Urbana;VIA ERODE ATTICO;in corrispondenza;;del civico n.;3;;Scontro laterale fra veicoli in marcia;Rettilineo;Una carreggiata a doppio senso;Asciutto;Asfaltata;Verticale ed orizzontale;Nuvoloso;Normale;Sufficiente;Sufficiente;0;0;0;4;12,54521;41,83941;0;1;Autovettura privata;In marcia / fermata / arresto;Opel;Meriva;Passeggero;1999;F;Illeso;0;;Non accertato;
3594347;11;11/12/2017 21:00:00;Strada Urbana;VIA ERODE ATTICO;in corrispondenza;;del civico n.;3;;Scontro laterale fra veicoli in marcia;Rettilineo;Una carreggiata a doppio senso;Asciutto;Asfaltata;Verticale ed orizzontale;Nuvoloso;Normale;Sufficiente;Sufficiente;0;0;0;4;12,54521;41,83941;0;2;Autovettura privata;In marcia / fermata / arresto;Fiat;Panda;Conducente;1975;M;Illeso;0;;Non accertato;
3594348;8;11/12/2017 18:30:00;Strada Urbana;VIA BORGHESIANA;all'intersezione con;VIA MESORACA;VIA MESORACA;;;Scontro frontale/laterale DX fra veicoli in marcia;Incrocio;Due carreggiate;Asciutto;Asfaltata;Verticale ed orizzontale;Nuvoloso;Intenso;Buona;Sufficiente;0;0;0;3;12,67378;41,86951;-1;1;Autovettura privata;In marcia / fermata / arresto;Volkswagen;Passat;Conducente;1969;M;Illeso;0;;Non accertato;Inesploso
3594348;8;11/12/2017 18:30:00;Strada Urbana;VIA BORGHESIANA;all'intersezione con;VIA MESORACA;VIA MESORACA;;;Scontro frontale/laterale DX fra veicoli in marcia;Incrocio;Due carreggiate;Asciutto;Asfaltata;Verticale ed orizzontale;Nuvoloso;Intenso;Buona;Sufficiente;0;0;0;3;12,67378;41,86951;-1;2;Autovettura privata;In marcia / fermata / arresto;Volkswagen;Golf;Conducente;1991;M;Illeso;0;;Non accertato;Inesploso
3594348;8;11/12/2017 18:30:00;Strada Urbana;VIA BORGHESIANA;all'intersezione con;VIA MESORACA;VIA MESORACA;;;Scontro frontale/laterale DX fra veicoli in marcia;Incrocio;Due carreggiate;Asciutto;Asfaltata;Verticale ed orizzontale;Nuvoloso;Intenso;Buona;Sufficiente;0;0;0;3;12,67378;41,86951;-1;2;Autovettura privata;In marcia / fermata / arresto;Volkswagen;Golf;Passeggero;1987;M;Illeso;0;;Non accertato;Inesploso
3594352;8;11/12/2017 21:00:00;Strada Urbana;VIA URZULEI;in corrispondenza;;del civico n.;11;;Veicolo in marcia contro veicolo fermo;Rettilineo;Una carreggiata a doppio senso;Asciutto;Asfaltata;Assente;Nuvoloso;Scarso;Buona;Sufficiente;0;0;0;1;12,69597;41,88206;0;1;Autovettura privata;In marcia / fermata / arresto;Toyota;Corolla;Conducente;1985;M;Illeso;0;;;
3594358;13;10/12/2017 18:30:00;;VIALE DEI ROMAGNOLI;da specificare;;;;altezza piazza Capelvenere;Veicolo in marcia contro veicolo fermo;;;;;;;;;;0;0;0;4;12,32241;41,76913;0;1;Autovettura privata;In marcia / fermata / arresto;Citroen;C 3;Conducente;1982;M;Illeso;0;;Non accertato;Inesploso
3594358;13;10/12/2017 18:30:00;;VIALE DEI ROMAGNOLI;da specificare;;;;altezza piazza Capelvenere;Veicolo in marcia contro veicolo fermo;;;;;;;;;;0;0;0;4;12,32241;41,76913;0;1;Autovettura privata;In marcia / fermata / arresto;Citroen;C 3;Passeggero;1978;M;Illeso;0;;Non accertato;
3594358;13;10/12/2017 18:30:00;;VIALE DEI ROMAGNOLI;da specificare;;;;altezza piazza Capelvenere;Veicolo in marcia contro veicolo fermo;;;;;;;;;;0;0;0;4;12,32241;41,76913;0;1;Autovettura privata;In marcia / fermata / arresto;Citroen;C 3;Passeggero;2015;M;Illeso;0;;;
3594358;13;10/12/2017 18:30:00;;VIALE DEI ROMAGNOLI;da specificare;;;;altezza piazza Capelvenere;Veicolo in marcia contro veicolo fermo;;;;;;;;;;0;0;0;4;12,32241;41,76913;0;2;Autovettura privata;In marcia / fermata / arresto;Renault;Laguna SW;Conducente;1959;M;Illeso;0;;;
3594363;20;11/12/2017 09:30:00;Provinciale entro l'abitato;VIA FORMELLESE;in corrispondenza;;della chilometrica;0.5;;Veicolo in marcia contro ostacolo fisso;Rettilineo;Una carreggiata a doppio senso;Bagnato (pioggia);Asfaltata;Verticale;Nuvoloso;Scarso;Buona;Ore Diurne;0;0;0;1;12,37476;42,02889;-1;1;Autovettura privata;In marcia / fermata / arresto;Mini;clubman;Conducente;1965;M;Illeso;0;;Non accertato;Inesploso
3594365;13;11/12/2017 22:30:00;;VIA OSTIENSE;da specificare;;;;altezza via della Stazione di Acilia (50 m dopo);Veicolo in marcia contro veicolo fermo;;;;;;;;;;0;0;0;2;;;0;1;Autovettura privata;In marcia / fermata / arresto;Ford;Fiesta;Conducente;1966;M;Illeso;0;;Non accertato;
3594365;13;11/12/2017 22:30:00;;VIA OSTIENSE;da specificare;;;;altezza via della Stazione di Acilia (50 m dopo);Veicolo in marcia contro veicolo fermo;;;;;;;;;;0;0;0;2;;;0;1;Autovettura privata;In marcia / fermata / arresto;Ford;Fiesta;Passeggero;0;M;Illeso;0;;;
3594372;13;11/12/2017 10:00:00;;VIA ARISTIDE CARABELLI;all'intersezione con;VIA CORRADO DEL GRECO;VIA CORRADO DEL GRECO;;;Investimento di pedone;;;;;;;;;;0;0;0;2;12,26853;41,73861;0;1;Autovettura privata;In marcia / fermata / arresto;Ford;Focus CMAX;Conducente;1985;F;Illeso;0;;Non accertato;Inesploso
3594372;13;11/12/2017 10:00:00;;VIA ARISTIDE CARABELLI;all'intersezione con;VIA CORRADO DEL GRECO;VIA CORRADO DEL GRECO;;;Investimento di pedone;;;;;;;;;;0;0;0;2;12,26853;41,73861;0;2;Velocipede;In marcia / fermata / arresto;(non accertato);(ignoto);Conducente;1927;M;Illeso;0;;Esente;
3594373;10;12/12/2017 06:45:00;Strada Urbana;VIA LUCREZIA ROMANA;all'intersezione con;VIA MARIO BROGLIO;VIA MARIO BROGLIO;;;Scontro frontale/laterale SX fra veicoli in marcia;Incrocio;Due carreggiate;Asciutto;Asfaltata;Verticale ed orizzontale;Nuvoloso;Normale;Buona;Ore Diurne;1;0;0;1;;;0;1;Autovettura privata;In marcia / fermata / arresto;Alfa Romeo;Brera;Conducente;1956;M;Illeso;0;;Non accertato;Inesploso
3594373;10;12/12/2017 06:45:00;Strada Urbana;VIA LUCREZIA ROMANA;all'intersezione con;VIA MARIO BROGLIO;VIA MARIO BROGLIO;;;Scontro frontale/laterale SX fra veicoli in marcia;Incrocio;Due carreggiate;Asciutto;Asfaltata;Verticale ed orizzontale;Nuvoloso;Normale;Buona;Ore Diurne;1;0;0;1;;;0;2;Motociclo a solo;In marcia / fermata / arresto;Kymco;People 125;Conducente;1978;F;Rimandato;0;NON DECEDUTO;Non accertato;
3594375;19;11/12/2017 20:20:00;Strada Urbana;VIA DELL'ACQUEDOTTO PAOLO;in prossimità;;del civico n.;181;;Investimento di pedone;Rettilineo;Una carreggiata a doppio senso;Asciutto;Asfaltata;Verticale ed orizzontale;Vento forte;Normale;Sufficiente;Sufficiente;1;0;0;1;12,28159;42,09547;0;;;;;;Pedone;1984;M;Rimandato;0;NON DECEDUTO;;
3594375;19;11/12/2017 20:20:00;Strada Urbana;VIA DELL'ACQUEDOTTO PAOLO;in prossimità;;del civico n.;181;;Investimento di pedone;Rettilineo;Una carreggiata a doppio senso;Asciutto;Asfaltata;Verticale ed orizzontale;Vento forte;Normale;Sufficiente;Sufficiente;1;0;0;1;12,28159;42,09547;0;1;Autovettura privata;In marcia / fermata / arresto;Nissan;Pathfinder;Conducente;1972;M;Illeso;0;;Non accertato;Inesploso
3594377;10;11/12/2017 21:00:00;Strada Urbana;VIA SESTIO CALVINO;all'intersezione con;VIA ELIO STILONE;VIA ELIO STILONE;;;Veicolo in marcia contro veicolo in sosta;Intersezione stradale segnalata;Una carreggiata a senso unico di marcia;Asciutto;Asfaltata;Verticale ed orizzontale;Sereno;Scarso;Buona;Sufficiente;0;0;0;1;12,56577;41,85421;-1;1;Autovettura privata;In marcia / fermata / arresto;Mercedes;Classe A;Conducente;1988;F;Illeso;0;;Non accertato;Inesploso
3594381;10;07/12/2017 18:20:00;;VIA BERNARDINO ALIMENA;in corrispondenza;;del civico n.;6;;Scontro laterale fra veicoli in marcia;;;;;;;;;;0;0;0;2;;;0;1;Motociclo a solo;In marcia / fermata / arresto;Piaggio;Vespa;Conducente;1969;F;Illeso;0;;;
3594381;10;07/12/2017 18:20:00;;VIA BERNARDINO ALIMENA;in corrispondenza;;del civico n.;6;;Scontro laterale fra veicoli in marcia;;;;;;;;;;0;0;0;2;;;0;2;Autovettura privata;In marcia / fermata / arresto;Fiat;500;Conducente;1994;F;Illeso;0;;;
3594389;20;11/12/2017 09:50:00;Regionale entro l'abitato;VIA FLAMINIA;in corrispondenza;;del civico n.;1113;;Scontro laterale fra veicoli in marcia;Rettilineo;Due carreggiate;Bagnato (umidità in atto);Asfaltata;Orizzontale;Nuvoloso;Intenso;Buona;Ore Diurne;0;0;0;2;12,49322;41,98383;-1;1;Autovettura privata;In marcia / fermata / arresto;Renault;Clio;Conducente;1978;M;Illeso;0;;Non accertato;Inesploso
3594389;20;11/12/2017 09:50:00;Regionale entro l'abitato;VIA FLAMINIA;in corrispondenza;;del civico n.;1113;;Scontro laterale fra veicoli in marcia;Rettilineo;Due carreggiate;Bagnato (umidità in atto);Asfaltata;Orizzontale;Nuvoloso;Intenso;Buona;Ore Diurne;0;0;0;2;12,49322;41,98383;-1;2;Autocarro inferiore 35 q.;In marcia / fermata / arresto;Fiat Iveco;Magirus;Conducente;1965;M;Illeso;0;;;
3594399;19;11/12/2017 13:05:00;Strada Urbana;VIA GIUSEPPE BARELLAI;in prossimità;;del civico n.;60;;Scontro frontale fra veicoli in marcia;Curva a visuale libera;Una carreggiata a doppio senso;Asciutto;Asfaltata;Verticale ed orizzontale;Nuvoloso;Normale;Buona;Ore Diurne;1;0;0;2;;;0;1;Autovettura privata;In marcia / fermata / arresto;Toyota;Prius Plus;Conducente;1968;M;Illeso;0;;Non accertato;Inesploso
3594399;19;11/12/2017 13:05:00;Strada Urbana;VIA GIUSEPPE BARELLAI;in prossimità;;del civico n.;60;;Scontro frontale fra veicoli in marcia;Curva a visuale libera;Una carreggiata a doppio senso;Asciutto;Asfaltata;Verticale ed orizzontale;Nuvoloso;Normale;Buona;Ore Diurne;1;0;0;2;;;0;2;Ciclomotore;In marcia / fermata / arresto;AIXAM;MEGA;Conducente;2000;M;Rimandato;0;NON DECEDUTO;;
3594399;19;11/12/2017 13:05:00;Strada Urbana;VIA GIUSEPPE BARELLAI;in prossimità;;del civico n.;60;;Scontro frontale fra veicoli in marcia;Curva a visuale libera;Una carreggiata a doppio senso;Asciutto;Asfaltata;Verticale ed orizzontale;Nuvoloso;Normale;Buona;Ore Diurne;1;0;0;2;;;0;2;Ciclomotore;In marcia / fermata / arresto;AIXAM;MEGA;Passeggero;2000;F;Illeso;0;;Non accertato;
3594415;20;11/12/2017 10:55:00;Strada Urbana;VIA DI GROTTAROSSA;da specificare;;;;prossimità civico 801;Veicolo in marcia contro ostacolo accidentale;Rettilineo;Una carreggiata a doppio senso;Bagnato (umidità in atto);Asfaltata;Verticale ed orizzontale;Nuvoloso;Normale;Buona;Ore Diurne;0;0;0;1;12,45996;41,97307;-1;1;Autovettura privata;In marcia / fermata / arresto;Fiat;Punto;Conducente;1954;M;Illeso;0;;Non accertato;Inesploso
3594418;19;11/12/2017 07:20:00;Strada Urbana;VIA DI CASAL DEL MARMO;in prossimità;;del civico n.;223;;Scontro frontale/laterale DX fra veicoli in marcia;Rettilineo;Una carreggiata a doppio senso;Bagnato (pioggia);Asfaltata;Orizzontale;Nuvoloso;Intenso;Buona;Ore Diurne;1;0;0;1;12,39987;41,95322;-1;1;Autovettura privata;In marcia / fermata / arresto;Fiat;Panda;Conducente;1954;M;Illeso;0;;Non accertato;Inesploso
3594418;19;11/12/2017 07:20:00;Strada Urbana;VIA DI CASAL DEL MARMO;in prossimità;;del civico n.;223;;Scontro frontale/laterale DX fra veicoli in marcia;Rettilineo;Una carreggiata a doppio senso;Bagnato (pioggia);Asfaltata;Orizzontale;Nuvoloso;Intenso;Buona;Ore Diurne;1;0;0;1;12,39987;41,95322;-1;2;Motociclo a solo;In marcia / fermata / arresto;Honda;SH 125;Conducente;1980;F;Rifiuta cure immediate;0;NON DECEDUTO;Non accertato;
3594425;6;11/12/2017 17:15:00;;VIALE DELLA SERENISSIMA;all'intersezione con;VIA PISINO;VIA PISINO;;;Scontro frontale/laterale SX fra veicoli in marcia;;;;;;;;;;1;0;0;1;;;0;1;Autovettura privata;In marcia / fermata / arresto;Mercedes;Smart;Conducente;1960;M;Illeso;0;;;