Protocollo;Gruppo;DataOraIncidente;Localizzazione1;STRADA1;Localizzazione2;STRADA2;Strada02;Chilometrica;DaSpecificare;NaturaIncidente;particolaritastrade;TipoStrada;FondoStradale;Pavimentazione;Segnaletica;CondizioneAtmosferica;Traffico;Visibilita;Illuminazione;NUM_FERITI;NUM_RISERVATA;NUM_MORTI;NUM_ILLESI;Longitudine;Latitudine;Confermato;Progressivo;TipoVeicolo;StatoVeicolo;Marca;Modello;TipoPersona;AnnoNascita;Sesso;Tipolesione;Deceduto;DecedutoDopo;CinturaCascoUtilizzato;Airbag;
3594773;23;09/12/2017 13:00:00;Strada Urbana;VIA CRISTOFORO COLOMBO;da specificare;;;;Altezza svincolo Via Pontina;Tamponamento;Curva a visuale libera;Una carreggiata a senso unico di marcia;Bagnato (umidità in atto);Asfaltata;Assente;Nuvoloso;Normale;Buona;Ore Diurne;2;0;0;2;12,45842;41,81092;0;2;Autovettura privata;In marcia / fermata / arresto;Volkswagen;Golf;Conducente;1978;M;Rifiuta cure immediate;0;NON DECEDUTO;Non accertato;Inesploso
3594773;23;09/12/2017 13:00:00;Strada Urbana;VIA CRISTOFORO COLOMBO;da specificare;;;;Altezza svincolo Via Pontina;Tamponamento;Curva a visuale libera;Una carreggiata a senso unico di marcia;Bagnato (umidità in atto);Asfaltata;Assente;Nuvoloso;Normale;Buona;Ore Diurne;2;0;0;2;12,45842;41,81092;0;2;Autovettura privata;In marcia / fermata / arresto;Volkswagen;Golf;Passeggero;1975;F;Rifiuta cure immediate;0;NON DECEDUTO;Non accertato;Inesploso
3594773;23;09/12/2017 13:00:00;Strada Urbana;VIA CRISTOFORO COLOMBO;da specificare;;;;Altezza svincolo Via Pontina;Tamponamento;Curva a visuale libera;Una carreggiata a senso unico di marcia;Bagnato (umidità in atto);Asfaltata;Assente;Nuvoloso;Normale;Buona;Ore Diurne;2;0;0;2;12,45842;41,81092;0;2;Autovettura privata;In marcia / fermata / arresto;Volkswagen;Golf;Passeggero;2013;M;Illeso;0;;Non accertato;Inesploso
3594775;2;11/12/2017 17:30:00;;VIA SABAZIO;in prossimità;;del civico n.;1a;;Veicolo in marcia contro ostacolo accidentale;;;;;;;;;;0;0;0;1;;;0;1;Motociclo a solo;In marcia / fermata / arresto;Malaguti;(ignoto);Conducente;1974;M;Illeso;0;;;
3594782;2;11/12/2017 09:00:00;;VIALE ETIOPIA;da specificare;;;;altezza Via Endertà;Scontro frontale fra veicoli in marcia;;;;;;;;;;1;0;0;1;;;0;1;Motociclo a solo;In marcia / fermata / arresto;Ducati;Monster;Conducente;1972;M;Rifiuta cure immediate;0;NON DECEDUTO;;
3594782;2;11/12/2017 09:00:00;;VIALE ETIOPIA;da specificare;;;;altezza Via Endertà;Scontro frontale fra veicoli in marcia;;;;;;;;;;1;0;0;1;;;0;2;Autovettura privata;In marcia / fermata / arresto;Fiat;Panda;Conducente;1948;M;Illeso;0;;;
3594786;3;07/12/2017 16:10:00;Strada Urbana;VIA APUANIA;in corrispondenza;;del civico n.;3;;Veicolo in marcia contro veicolo in sosta;Rettilineo;Una carreggiata a senso unico di marcia;Asciutto;Asfaltata;Verticale ed orizzontale;Sereno;Normale;Buona;Ore Diurne;0;0;0;1;12,52634;41,91651;0;1;Autovettura privata;In marcia / fermata / arresto;Fiat;500;Conducente;1961;M;Illeso;0;;Non accertato;Inesploso
3594801;3;07/12/2017 20:35:00;;VIA CONCA D'ORO;all'intersezione semaforizzata con;VIA VAL D'ALA;VIA VAL D'ALA;;;Investimento di pedone;;;;;;;;;;1;0;0;1;;;0;;;;;;Pedone;0;M;Rifiuta cure immediate;0;NON DECEDUTO;;
3594801;3;07/12/2017 20:35:00;;VIA CONCA D'ORO;all'intersezione semaforizzata con;VIA VAL D'ALA;VIA VAL D'ALA;;;Investimento di pedone;;;;;;;;;;1;0;0;1;;;0;1;Autovettura privata;In marcia / fermata / arresto;Hyundai;(non accertato);Conducente;0;M;Illeso;0;;;
3594805;7;11/12/2017 06:50:00;Strada Urbana;VIALE ALESSANDRINO;in corrispondenza;;del civico n.;535;;Investimento di pedone;Rettilineo;Una carreggiata a doppio senso;Bagnato (pioggia);Asfaltata;Orizzontale;Nuvoloso;Scarso;Buona;Sufficiente;1;0;0;0;12,57707;41,8823;0;;;;;;Pedone;1958;M;Rimandato;0;NON DECEDUTO;;
3594821;17;11/12/2017 18:50:00;Strada Urbana;PIAZZA CAVOUR;da specificare;;;;fronte Via F. Cesi;Scontro frontale fra veicoli in marcia;Curva a visuale libera;Una carreggiata a doppio senso;Asciutto;Asfaltata;Verticale ed orizzontale;Nuvoloso;Normale;Sufficiente;Ore Diurne;0;0;0;3;12,4705;41,90606;0;1;Autovettura privata;In marcia / fermata / arresto;Fiat;500;Conducente;1935;M;Illeso;0;;;
3594821;17;11/12/2017 18:50:00;Strada Urbana;PIAZZA CAVOUR;da specificare;;;;fronte Via F. Cesi;Scontro frontale fra veicoli in marcia;Curva a visuale libera;Una carreggiata a doppio senso;Asciutto;Asfaltata;Verticale ed orizzontale;Nuvoloso;Normale;Sufficiente;Ore Diurne;0;0;0;3;12,4705;41,90606;0;2;Motociclo a solo;In marcia / fermata / arresto;Aprilia;Scarabeo;Conducente;1985;M;Illeso;0;;;
3594821;17;11/12/2017 18:50:00;Strada Urbana;PIAZZA CAVOUR;da specificare;;;;fronte Via F. Cesi;Scontro frontale fra veicoli in marcia;Curva a visuale libera;Una carreggiata a doppio senso;Asciutto;Asfaltata;Verticale ed orizzontale;Nuvoloso;Normale;Sufficiente;Ore Diurne;0;0;0;3;12,4705;41,90606;0;2;Motociclo a solo;In marcia / fermata / arresto;Aprilia;Scarabeo;Passeggero;1968;F;Illeso;0;;;
3594842;1;11/12/2017 16:15:00;;VIA BALDASSARRE PERUZZI;in prossimità;;del civico n.;30/32;;Veicolo in marcia contro ostacolo accidentale;;;;;;;;;;0;0;0;1;;;0;1;Autocarro inferiore 35 q.;In marcia / fermata / arresto;Fiat Iveco;(ignoto);Conducente;1975;M;Illeso;0;;Utilizzato;Inesploso
3594846;7;11/12/2017 18:50:00;Strada Urbana;VIA DI TOR TRE TESTE;da specificare;;;;in prossimità di Via Tineo;Investimento di pedone;Rettilineo;Una carreggiata a doppio senso;Asciutto;Asfaltata;Verticale ed orizzontale;Sereno;Intenso;Buona;Sufficiente;0;0;0;2;;;0;;;;;;Pedone;1981;M;Illeso;0;;;
3594846;7;11/12/2017 18:50:00;Strada Urbana;VIA DI TOR TRE TESTE;da specificare;;;;in prossimità di Via Tineo;Investimento di pedone;Rettilineo;Una carreggiata a doppio senso;Asciutto;Asfaltata;Verticale ed orizzontale;Sereno;Intenso;Buona;Sufficiente;0;0;0;2;;;0;1;Autovettura privata;In marcia / fermata / arresto;smart for two;(ignoto);Conducente;1970;M;Illeso;0;;;
3594847;1;11/12/2017 15:20:00;;VIALE MARCO POLO;all'intersezione con;VIA LUIGI RONCINOTTO;VIA LUIGI RONCINOTTO;;;Veicolo in marcia contro ostacolo accidentale;;;;;;;;;;0;0;0;1;;;0;1;Motociclo a solo;In marcia / fermata / arresto;Suzuki;SV 650;Conducente;1989;M;Illeso;0;;Utilizzato;
3594851;3;09/12/2017 21:05:00;Strada Urbana;VIA FRANCESCO SIACCI;da specificare;;;;fronte civ. 31;Scontro laterale fra veicoli in marcia;Rettilineo;Una carreggiata a doppio senso;Asciutto;Asfaltata;Verticale ed orizzontale;Sereno;Normale;Buona;Sufficiente;0;0;0;3;;;0;1;Autovettura privata;In marcia / fermata / arresto;Alfa Romeo;Giulia;Conducente;1986;M;Illeso;0;;Non accertato;Inesploso
3594851;3;09/12/2017 21:05:00;Strada Urbana;VIA FRANCESCO SIACCI;da specificare;;;;fronte civ. 31;Scontro laterale fra veicoli in marcia;Rettilineo;Una carreggiata a doppio senso;Asciutto;Asfaltata;Verticale ed orizzontale;Sereno;Normale;Buona;Sufficiente;0;0;0;3;;;0;1;Autovettura privata;In marcia / fermata / arresto;Alfa Romeo;Giulia;Passeggero;1988;F;Illeso;0;;Non accertato;Inesploso
3594851;3;09/12/2017 21:05:00;Strada Urbana;VIA FRANCESCO SIACCI;da specificare;;;;fronte civ. 31;Scontro laterale fra veicoli in marcia;Rettilineo;Una carreggiata a doppio senso;Asciutto;Asfaltata;Verticale ed orizzontale;Sereno;Normale;Buona;Sufficiente;0;0;0;3;;;0;2;Autovettura privata;In marcia / fermata / arresto;Jeep;Renegade;Conducente;1992;M;Illeso;0;;Non accertato;Esploso
3594886;1;11/12/2017 07:20:00;Strada Urbana;VIALE MARCO POLO;all'intersezione semaforizzata con;VIA LUIGI ROBECCHI BRICHETTI;VIA LUIGI ROBECCHI BRICHETTI;;;Tamponamento;Intersezione semaforizzata;Una carreggiata a doppio senso;Bagnato (pioggia);Asfaltata;Verticale ed orizzontale;Nuvoloso;Normale;Buona;Ore Diurne;1;0;0;2;;;0;1;Autovettura privata;In marcia / fermata / arresto;Peugeot;107;Conducente;1959;M;Illeso;0;;;
3594886;1;11/12/2017 07:20:00;Strada Urbana;VIALE MARCO POLO;all'intersezione semaforizzata con;VIA LUIGI ROBECCHI BRICHETTI;VIA LUIGI ROBECCHI BRICHETTI;;;Tamponamento;Intersezione semaforizzata;Una carreggiata a doppio senso;Bagnato (pioggia);Asfaltata;Verticale ed orizzontale;Nuvoloso;Normale;Buona;Ore Diurne;1;0;0;2;;;0;1;Autovettura privata;In marcia / fermata / arresto;Peugeot;107;Passeggero;1996;F;Illeso;0;;;
3594886;1;11/12/2017 07:20:00;Strada Urbana;VIALE MARCO POLO;all'intersezione semaforizzata con;VIA LUIGI ROBECCHI BRICHETTI;VIA LUIGI ROBECCHI BRICHETTI;;;Tamponamento;Intersezione semaforizzata;Una carreggiata a doppio senso;Bagnato (pioggia);Asfaltata;Verticale ed orizzontale;Nuvoloso;Normale;Buona;Ore Diurne;1;0;0;2;;;0;2;Motociclo a solo;In marcia / fermata / arresto;Honda;SH 300;Conducente;1944;M;Ricoverato;0;NON DECEDUTO;;
3594888;3;11/12/2017 11:00:00;;VIALE IPPOCRATE;in prossimità;;del civico n.;91c;;Scontro frontale/laterale SX fra veicoli in marcia;;;;;;;;;;0;0;0;1;;;0;1;Motociclo a solo;In marcia / fermata / arresto;Honda;SH125;Conducente;0;M;Illeso;0;;;
3594895;3;09/12/2017 00:40:00;Strada Urbana;CIRCONVALLAZIONE SALARIA;da specificare;;;;pross.tà Batteria Nomentana;Fuoriuscita dalla sede stradale;Rettilineo;Una carreggiata a senso unico di marcia;Bagnato (pioggia);Asfaltata;Verticale ed orizzontale;Nuvoloso;Scarso;Sufficiente;Sufficiente;0;0;0;1;12,52761;41,92824;0;1;Autovettura privata;In marcia / fermata / arresto;Suzuki;SX 4;Conducente;1988;M;Illeso;0;;Non accertato;Inesploso
3595007;16;11/12/2017 18:30:00;;VIA FEDERICO OZANAM;in corrispondenza;;del civico n.;140;;Veicolo in marcia contro veicolo fermo;;;;;;;;;;0;0;0;1;;;0;1;Autovettura privata;In marcia / fermata / arresto;Toyota;Corolla;Conducente;0;M;Illeso;0;;;
3595016;16;11/12/2017 20:00:00;;PIAZZALE ENRICO DUNANT;in prossimità;;del civico n.;24;;Scontro frontale/laterale SX fra veicoli in marcia;;;;;;;;;;1;0;0;1;;;0;1;Autovettura privata;In marcia / fermata / arresto;BMW;218 D;Conducente;0;M;Illeso;0;;;
3595016;16;11/12/2017 20:00:00;;PIAZZALE ENRICO DUNANT;in prossimità;;del civico n.;24;;Scontro frontale/laterale SX fra veicoli in marcia;;;;;;;;;;1;0;0;1;;;0;2;Motociclo a solo;In marcia / fermata / arresto;Honda;SH 125;Conducente;2001;M;Rimandato;0;NON DECEDUTO;Non accertato;
3595040;1;12/12/2017 08:40:00;Strada Urbana;VIA SICILIA;in corrispondenza;;del civico n.;30;;Veicolo in marcia contro ostacolo accidentale;Rettilineo;Una carreggiata a senso unico di marcia;Asciutto;Asfaltata;Verticale ed orizzontale;Sereno;Normale;Buona;Ore Diurne;0;0;0;1;;;0;1;Autocarro inferiore 35 q.;In marcia / fermata / arresto;Fiat;Iveco;Conducente;1968;M;Illeso;0;;Utilizzato;Inesploso
3595112;1;12/12/2017 09:15:00;Strada Urbana;VIA VITTORIO VENETO;in prossimità;;del civico n.;50;;Scontro frontale/laterale SX fra veicoli in marcia;Curva a visuale libera;Una carreggiata a doppio senso;Asciutto;Asfaltata;Verticale ed orizzontale;Sereno;Normale;Buona;Ore Diurne;1;0;0;1;;;0;1;Autovettura di polizia;In marcia / fermata / arresto;Lancia;Thema;Conducente;1975;M;Illeso;0;;;
3595112;1;12/12/2017 09:15:00;Strada Urbana;VIA VITTORIO VENETO;in prossimità;;del civico n.;50;;Scontro frontale/laterale SX fra veicoli in marcia;Curva a visuale libera;Una carreggiata a doppio senso;Asciutto;Asfaltata;Verticale ed orizzontale;Sereno;Normale;Buona;Ore Diurne;1;0;0;1;;;0;2;Motociclo a solo;In marcia / fermata / arresto;Honda;-;Conducente;1984;M;Rimandato;0;NON DECEDUTO;;
3595148;10;12/12/2017 12:20:00;Strada Urbana;VIA TUSCOLANA;in prossimità;;del civico n.;1042;;Scontro frontale/laterale SX fra veicoli in marcia;Rettilineo;Due carreggiate;Asciutto;Asfaltata;Verticale ed orizzontale;Nuvoloso;Normale;Buona;Ore Diurne;0;0;0;2;;;0;1;Motociclo a solo;In marcia / fermata / arresto;Piaggio;Beverly;Conducente;1967;M;Illeso;0;;Non accertato;
3595148;10;12/12/2017 12:20:00;Strada Urbana;VIA TUSCOLANA;in prossimità;;del civico n.;1042;;Scontro frontale/laterale SX fra veicoli in marcia;Rettilineo;Due carreggiate;Asciutto;Asfaltata;Verticale ed orizzontale;Nuvoloso;Normale;Buona;Ore Diurne;0;0;0;2;;;0;2;Autovettura privata;In marcia / fermata / arresto;Nissan;QASHQAI;Conducente;1952;M;Illeso;0;;Non accertato;Inesploso
3595190;6;12/12/2017 12:45:00;Strada Urbana;VIA DELLA MARRANELLA;in corrispondenza;;del civico n.;109;;Veicolo in marcia contro veicolo fermo;Rettilineo;Una carreggiata a senso unico di marcia;Asciutto;Asfaltata;Assente;Sereno;Scarso;Buona;Ore Diurne;0;0;0;3;12,54218;41,88396;-1;1;Autocarro inferiore 35 q.;In marcia / fermata / arresto;Fiat;Ducato;Conducente;1960;M;Illeso;0;;Non accertato;Inesploso
3595190;6;12/12/2017 12:45:00;Strada Urbana;VIA DELLA MARRANELLA;in corrispondenza;;del civico n.;109;;Veicolo in marcia contro veicolo fermo;Rettilineo;Una carreggiata a senso unico di marcia;Asciutto;Asfaltata;Assente;Sereno;Scarso;Buona;Ore Diurne;0;0;0;3;12,54218;41,88396;-1;2;Autocarro inferiore 35 q.;In marcia / fermata / arresto;Peugeot;Boxer;Conducente;1980;M;Illeso;0;;Non accertato;Inesploso
3595190;6;12/12/2017 12:45:00;Strada Urbana;VIA DELLA MARRANELLA;in corrispondenza;;del civico n.;109;;Veicolo in marcia contro veicolo fermo;Rettilineo;Una carreggiata a senso unico di marcia;Asciutto;Asfaltata;Assente;Sereno;Scarso;Buona;Ore Diurne;0;0;0;3;12,54218;41,88396;-1;2;Autocarro inferiore 35 q.;In marcia / fermata / arresto;Peugeot;Boxer;Passeggero;1975;M;Illeso;0;;Non accertato;Inesploso
3595198;18;11/12/2017 09:00:00;Strada Urbana;VIA MATTIA BATTISTINI;da specificare;;;;alt. via Monti di Primavalle;Veicolo in marcia contro veicolo fermo;Rettilineo;Una carreggiata a doppio senso;Bagnato (pioggia);Asfaltata;Orizzontale;Nuvoloso;Intenso;Buona;Ore Diurne;0;0;0;2;;;0;1;Autobus urbano;In marcia / fermata / arresto;Mercedes;Evobus;Conducente;1971;F;Illeso;0;;Non accertato;Inesistente
3595198;18;11/12/2017 09:00:00;Strada Urbana;VIA MATTIA BATTISTINI;da specificare;;;;alt. via Monti di Primavalle;Veicolo in marcia contro veicolo fermo;Rettilineo;Una carreggiata a doppio senso;Bagnato (pioggia);Asfaltata;Orizzontale;Nuvoloso;Intenso;Buona;Ore Diurne;0;0;0;2;;;0;2;Autocarro inferiore 35 q.;In marcia / fermata / arresto;Volkswagen;Touareg;Conducente;1952;M;Illeso;0;;Non accertato;Inesploso
3595219;1;10/12/2017 19:15:00;Strada Urbana;PONTE PALATINO;da specificare;;;;,,,;Veicolo in marcia contro ostacolo fisso;Pianeggiante;Una carreggiata a doppio senso;Bagnato (pioggia);Asfaltata;Assente;Pioggia in atto;Normale;Sufficiente;Sufficiente;0;0;0;1;12,47898;41,88914;-1;1;Autovettura privata;In marcia / fermata / arresto;Renault;Captur;Conducente;1982;M;Illeso;0;;;
3595228;1;10/12/2017 15:45:00;Strada Urbana;VIA MARSALA;all'intersezione con;VIALE ENRICO DE NICOLA;VIALE ENRICO DE NICOLA;;;Scontro laterale fra veicoli in marcia;Incrocio;Più di due carreggiate;Bagnato (pioggia);Asfaltata;Verticale ed orizzontale;Nuvoloso;Normale;Buona;Ore Diurne;0;0;0;3;;;0;1;Autovettura privata;In marcia / fermata / arresto;Nissan;QASHQAI;Conducente;1964;M;Illeso;0;;;
3595228;1;10/12/2017 15:45:00;Strada Urbana;VIA MARSALA;all'intersezione con;VIALE ENRICO DE NICOLA;VIALE ENRICO DE NICOLA;;;Scontro laterale fra veicoli in marcia;Incrocio;Più di due carreggiate;Bagnato (pioggia);Asfaltata;Verticale ed orizzontale;Nuvoloso;Normale;Buona;Ore Diurne;0;0;0;3;;;0;2;Autovettura privata;In marcia / fermata / arresto;Audi;B8;Conducente;1988;M;Illeso;0;;;
3595228;1;10/12/2017 15:45:00;Strada Urbana;VIA MARSALA;all'intersezione con;VIALE ENRICO DE NICOLA;VIALE ENRICO DE NICOLA;;;Scontro laterale fra veicoli in marcia;Incrocio;Più di due carreggiate;Bagnato (pioggia);Asfaltata;Verticale ed orizzontale;Nuvoloso;Normale;Buona;Ore Diurne;0;0;0;3;;;0;2;Autovettura privata;In marcia / fermata / arresto;Audi;B8;Passeggero;1992;M;Illeso;0;;;
3595275;9;12/12/2017 13:40:00;Strada Urbana;VIA CENTURIPE;in prossimità;;del civico n.;15/c;;Veicolo in marcia contro ostacolo accidentale;Rettilineo;Una carreggiata a senso unico di marcia;Asciutto;Asfaltata;Verticale ed orizzontale;Nuvoloso;Scarso;Buona;Ore Diurne;0;0;0;3;;;0;1;Autovettura privata;In marcia / fermata / arresto;Mercedes;A 180;Conducente;1961;M;Illeso;0;;Utilizzato;Inesploso
3595275;9;12/12/2017 13:40:00;Strada Urbana;VIA CENTURIPE;in prossimità;;del civico n.;15/c;;Veicolo in marcia contro ostacolo accidentale;Rettilineo;Una carreggiata a senso unico di marcia;Asciutto;Asfaltata;Verticale ed orizzontale;Nuvoloso;Scarso;Buona;Ore Diurne;0;0;0;3;;;0;2;Autovettura privata;In marcia / fermata / arresto;Daihatsu;Materia;Conducente;1970;M;Illeso;0;;Utilizzato;Inesploso
3595275;9;12/12/2017 13:40:00;Strada Urbana;VIA CENTURIPE;in prossimità;;del civico n.;15/c;;Veicolo in marcia contro ostacolo accidentale;Rettilineo;Una carreggiata a senso unico di marcia;Asciutto;Asfaltata;Verticale ed orizzontale;Nuvoloso;Scarso;Buona;Ore Diurne;0;0;0;3;;;0;2;Autovettura privata;In marcia / fermata / arresto;Daihatsu;Materia;Passeggero;1936;F;Illeso;0;;Utilizzato;Inesploso
3595279;18;11/12/2017 08:50:00;Strada Urbana;CIRCONVALLAZIONE AURELIA;all'intersezione semaforizzata con;PIAZZA S. GIOVANNI BATTISTA DE LA SALLE;PIAZZA S. GIOVANNI BATTISTA DE LA SALLE;;;Veicolo in marcia contro ostacolo fisso;Intersezione semaforizzata;Più di due carreggiate;Bagnato (pioggia);Asfaltata;Verticale ed orizzontale;Nuvoloso;Intenso;Buona;Ore Diurne;0;0;0;2;12,42753;41,89842;0;1;Autocarro inferiore 35 q.;In marcia / fermata / arresto;Mercedes;Actros;Conducente;1977;M;Illeso;0;;;
3595279;18;11/12/2017 08:50:00;Strada Urbana;CIRCONVALLAZIONE AURELIA;all'intersezione semaforizzata con;PIAZZA S. GIOVANNI BATTISTA DE LA SALLE;PIAZZA S. GIOVANNI BATTISTA DE LA SALLE;;;Veicolo in marcia contro ostacolo fisso;Intersezione semaforizzata;Più di due carreggiate;Bagnato (pioggia);Asfaltata;Verticale ed orizzontale;Nuvoloso;Intenso;Buona;Ore Diurne;0;0;0;2;12,42753;41,89842;0;1;Autocarro inferiore 35 q.;In marcia / fermata / arresto;Mercedes;Actros;Passeggero;1972;M;Illeso;0;;;
3595287;18;11/12/2017 11:00:00;Strada Urbana;CIRCONVALLAZIONE CORNELIA;all'intersezione con;VIA GIAMBATTISTA PAGANO;VIA GIAMBATTISTA PAGANO;;;Veicolo in marcia contro veicolo in sosta;Intersezione stradale segnalata;Una carreggiata a senso unico di marcia;Bagnato (umidità in atto);Asfaltata;Verticale ed orizzontale;Nuvoloso;Intenso;Buona;Ore Diurne;0;0;0;1;;;0;1;Autocarro inferiore 35 q.;In marcia / fermata / arresto;Ford;Transit;Conducente;1996;M;Illeso;0;;;
3595297;10;12/12/2017 15:25:00;Strada Urbana;PIAZZA ARULENO CELIO SABINO;all'intersezione con;VIA CAIO CANULEIO;VIA CAIO CANULEIO;;;Scontro frontale/laterale SX fra veicoli in marcia;Intersezione stradale segnalata;Due carreggiate;Asciutto;Asfaltata;Verticale ed orizzontale;Nuvoloso;Normale;Buona;Ore Diurne;0;0;0;3;12,55955;41,85372;0;1;Autovettura privata;In marcia / fermata / arresto;Opel;Corsa;Conducente;1945;M;Illeso;0;;Non accertato;Inesploso
3595297;10;12/12/2017 15:25:00;Strada Urbana;PIAZZA ARULENO CELIO SABINO;all'intersezione con;VIA CAIO CANULEIO;VIA CAIO CANULEIO;;;Scontro frontale/laterale SX fra veicoli in marcia;Intersezione stradale segnalata;Due carreggiate;Asciutto;Asfaltata;Verticale ed orizzontale;Nuvoloso;Normale;Buona;Ore Diurne;0;0;0;3;12,55955;41,85372;0;1;Autovettura privata;In marcia / fermata / arresto;Opel;Corsa;Passeggero;1949;F;Illeso;0;;Non accertato;Inesploso
3595297;10;12/12/2017 15:25:00;Strada Urbana;PIAZZA ARULENO CELIO SABINO;all'intersezione con;VIA CAIO CANULEIO;VIA CAIO CANULEIO;;;Scontro frontale/laterale SX fra veicoli in marcia;Intersezione stradale segnalata;Due carreggiate;Asciutto;Asfaltata;Verticale ed orizzontale;Nuvoloso;Normale;Buona;Ore Diurne;0;0;0;3;12,55955;41,85372;0;2;Autovettura privata;In marcia / fermata / arresto;Suzuki;Alto;Conducente;1967;F;Illeso;0;;Non accertato;Inesploso
3595317;23;11/12/2017 06:35:00;Comunale extraurbana;VIA CRISTOFORO COLOMBO;in prossimità;;della chilometrica;16.4;;Veicolo in marcia contro ostacolo accidentale;Curva a visuale libera;Una carreggiata a doppio senso;Bagnato (pioggia);Asfaltata;Verticale ed orizzontale;Nuvoloso;Intenso;Buona;Inesistente;0;0;0;1;12,42416;41,78791;0;1;Autovettura privata;In marcia / fermata / arresto;Ford;Focus;Conducente;1960;M;Illeso;0;;Non accertato;Inesploso
3595332;18;11/12/2017 15:30:00;Strada Urbana;VIA DI BOCCEA;all'intersezione con;VIA FEDERICO GALEOTTI;VIA FEDERICO GALEOTTI;;;Scontro frontale/laterale DX fra veicoli in marcia;Intersezione stradale segnalata;Due carreggiate;Asciutto;Asfaltata;Verticale ed orizzontale;Nuvoloso;Intenso;Buona;Ore Diurne;0;0;0;5;;;0;1;Autocarro inferiore 35 q.;In marcia / fermata / arresto;Renault;Master;Conducente;1969;M;Illeso;0;;;
3595332;18;11/12/2017 15:30:00;Strada Urbana;VIA DI BOCCEA;all'intersezione con;VIA FEDERICO GALEOTTI;VIA FEDERICO GALEOTTI;;;Scontro frontale/laterale DX fra veicoli in marcia;Intersezione stradale segnalata;Due carreggiate;Asciutto;Asfaltata;Verticale ed orizzontale;Nuvoloso;Intenso;Buona;Ore Diurne;0;0;0;5;;;0;2;Autovettura privata;In marcia / fermata / arresto;Fiat;Seicento;Conducente;1933;M;Illeso;0;;;
3595332;18;11/12/2017 15:30:00;Strada Urbana;VIA DI BOCCEA;all'intersezione con;VIA FEDERICO GALEOTTI;VIA FEDERICO GALEOTTI;;;Scontro frontale/laterale DX fra veicoli in marcia;Intersezione stradale segnalata;Due carreggiate;Asciutto;Asfaltata;Verticale ed orizzontale;Nuvoloso;Intenso;Buona;Ore Diurne;0;0;0;5;;;0;3;Motociclo con passeggero;In marcia / fermata / arresto;S.Y.M.;Symphony;Conducente;1969;M;Illeso;0;;;
3595332;18;11/12/2017 15:30:00;Strada Urbana;VIA DI BOCCEA;all'intersezione con;VIA FEDERICO GALEOTTI;VIA FEDERICO GALEOTTI;;;Scontro frontale/laterale DX fra veicoli in marcia;Intersezione stradale segnalata;Due carreggiate;Asciutto;Asfaltata;Verticale ed orizzontale;Nuvoloso;Intenso;Buona;Ore Diurne;0;0;0;5;;;0;3;Motociclo con passeggero;In marcia / fermata / arresto;S.Y.M.;Symphony;Passeggero;2004;F;Illeso;0;;;
3595332;18;11/12/2017 15:30:00;Strada Urbana;VIA DI BOCCEA;all'intersezione con;VIA FEDERICO GALEOTTI;VIA FEDERICO GALEOTTI;;;Scontro frontale/laterale DX fra veicoli in marcia;Intersezione stradale segnalata;Due carreggiate;Asciutto;Asfaltata;Verticale ed orizzontale;Nuvoloso;Intenso;Buona;Ore Diurne;0;0;0;5;;;0;4;Autobus di linea;In marcia / fermata / arresto;Evobus;530/S93;Conducente;1961;M;Illeso;0;;;
3595340;23;11/12/2017 09:00:00;Comunale extraurbana;VIA CRISTOFORO COLOMBO;in corrispondenza;;della chilometrica;16.4;;Veicolo in marcia contro ostacolo fisso;Rettilineo;Due carreggiate;Bagnato (umidità in atto);Asfaltata;Verticale ed orizzontale;Nuvoloso;Normale;Buona;Ore Diurne;1;0;0;0;12,40816;41,78424;-1;1;Autovettura privata;In marcia / fermata / arresto;Renault;NEW TWINGO;Conducente;1985;F;Rimandato;0;NON DECEDUTO;Non accertato;Esploso
3595343;3;06/12/2017 08:45:00;Strada Urbana;CIRCONVALLAZIONE TIBURTINA;da specificare;;;;altezza A24 direzione san giovanni;Tamponamento Multiplo;Rettilineo;Una carreggiata a senso unico di marcia;Asciutto;Asfaltata;Verticale ed orizzontale;Sereno;Intenso;Buona;Ore Diurne;0;0;0;4;12,53151;41,90263;0;1;Autovettura privata;In marcia / fermata / arresto;Alfa Romeo;147;Conducente;1981;M;Illeso;0;;Non accertato;Inesploso
3595343;3;06/12/2017 08:45:00;Strada Urbana;CIRCONVALLAZIONE TIBURTINA;da specificare;;;;altezza A24 direzione san giovanni;Tamponamento Multiplo;Rettilineo;Una carreggiata a senso unico di marcia;Asciutto;Asfaltata;Verticale ed orizzontale;Sereno;Intenso;Buona;Ore Diurne;0;0;0;4;12,53151;41,90263;0;1;Autovettura privata;In marcia / fermata / arresto;Alfa Romeo;147;Passeggero;1978;F;Illeso;0;;Non accertato;Inesploso
3595343;3;06/12/2017 08:45:00;Strada Urbana;CIRCONVALLAZIONE TIBURTINA;da specificare;;;;altezza A24 direzione san giovanni;Tamponamento Multiplo;Rettilineo;Una carreggiata a senso unico di marcia;Asciutto;Asfaltata;Verticale ed orizzontale;Sereno;Intenso;Buona;Ore Diurne;0;0;0;4;12,53151;41,90263;0;2;Autovettura pubblica;In marcia / fermata / arresto;Peugeot;3008;Conducente;1968;F;Illeso;0;;Utilizzato;Inesploso