Protocollo;Gruppo;DataOraIncidente;Localizzazione1;STRADA1;Localizzazione2;STRADA2;Strada02;Chilometrica;DaSpecificare;NaturaIncidente;particolaritastrade;TipoStrada;FondoStradale;Pavimentazione;Segnaletica;CondizioneAtmosferica;Traffico;Visibilita;Illuminazione;NUM_FERITI;NUM_RISERVATA;NUM_MORTI;NUM_ILLESI;Longitudine;Latitudine;Confermato;Progressivo;TipoVeicolo;StatoVeicolo;Marca;Modello;TipoPersona;AnnoNascita;Sesso;Tipolesione;Deceduto;DecedutoDopo;CinturaCascoUtilizzato;Airbag;
3599528;13;14/12/2017 10:40:00;Strada Urbana;VIA DEI VELIERI;all'intersezione con;VIA DELLE GONDOLE;VIA DELLE GONDOLE;;;Scontro frontale/laterale DX fra veicoli in marcia;Incrocio;Due carreggiate;Bagnato (pioggia);Asfaltata;Assente;Pioggia in atto;Normale;Buona;Ore Diurne;0;0;0;3;12,27522;41,7358;-1;2;Autovettura privata;In marcia / fermata / arresto;Peugeot;307;Passeggero;1990;M;Illeso;0;;;
3599532;11;14/12/2017 12:10:00;Strada Urbana;VIA OSTIENSE;da specificare;;;;pross. piazza del Gazometro ;Tamponamento;Rettilineo;Più di due carreggiate;Asciutto;Asfaltata;Verticale ed orizzontale;Nuvoloso;Normale;Buona;Ore Diurne;0;0;0;2;12,47969;41,8703;-1;1;Autovettura privata;In marcia / fermata / arresto;Ford;Fiesta;Conducente;1957;F;Illeso;0;;Non accertato;
3599532;11;14/12/2017 12:10:00;Strada Urbana;VIA OSTIENSE;da specificare;;;;pross. piazza del Gazometro ;Tamponamento;Rettilineo;Più di due carreggiate;Asciutto;Asfaltata;Verticale ed orizzontale;Nuvoloso;Normale;Buona;Ore Diurne;0;0;0;2;12,47969;41,8703;-1;2;Autovettura privata;In marcia / fermata / arresto;Mercedes;Classe B;Conducente;1975;M;Illeso;0;;Non accertato;
3599539;11;14/12/2017 18:40:00;Strada Urbana;VIA DEL SERAFICO;all'intersezione con;VIA SIMONE MARTINI;VIA SIMONE MARTINI;;;Scontro frontale/laterale DX fra veicoli in marcia;Intersezione semaforizzata;Due carreggiate;Asciutto;Asfaltata;Verticale ed orizzontale;Nuvoloso;Intenso;Sufficiente;Sufficiente;0;0;0;2;12,48816;41,83037;0;1;Autovettura privata;In marcia / fermata / arresto;Fiat;Panda;Conducente;1945;F;Illeso;0;;Non accertato;
3599539;11;14/12/2017 18:40:00;Strada Urbana;VIA DEL SERAFICO;all'intersezione con;VIA SIMONE MARTINI;VIA SIMONE MARTINI;;;Scontro frontale/laterale DX fra veicoli in marcia;Intersezione semaforizzata;Due carreggiate;Asciutto;Asfaltata;Verticale ed orizzontale;Nuvoloso;Intenso;Sufficiente;Sufficiente;0;0;0;2;12,48816;41,83037;0;2;Autovettura privata;In marcia / fermata / arresto;Toyota;Yaris;Conducente;1973;F;Illeso;0;;Non accertato;
3599540;6;14/12/2017 17:50:00;Strada Urbana;VIA PERUGIA;in corrispondenza;;del civico n.;13;;Veicolo in marcia contro veicolo in sosta;Rettilineo;Una carreggiata a senso unico di marcia;Bagnato (pioggia);Asfaltata;Verticale;Nuvoloso;Scarso;Sufficiente;Ore Diurne;0;0;0;1;12,52562;41,88991;-1;1;Autocarro inferiore 35 q.;In marcia / fermata / arresto;Renault;Master;Conducente;1984;M;Illeso;0;;Non accertato;Inesploso
3599548;11;14/12/2017 06:30:00;Strada Urbana;VIA ARDEATINA;da specificare;;;;alt.vivaio S.Placido;Scontro frontale fra veicoli in marcia;Rettilineo;Una carreggiata a doppio senso;Asciutto;Asfaltata;Assente;Nuvoloso;Normale;Buona;Ore Diurne;1;0;0;1;;;0;1;Autocarro inferiore 35 q.;In marcia / fermata / arresto;Isuzu;(non accertato);Conducente;1967;M;Illeso;0;;Non accertato;
3599548;11;14/12/2017 06:30:00;Strada Urbana;VIA ARDEATINA;da specificare;;;;alt.vivaio S.Placido;Scontro frontale fra veicoli in marcia;Rettilineo;Una carreggiata a doppio senso;Asciutto;Asfaltata;Assente;Nuvoloso;Normale;Buona;Ore Diurne;1;0;0;1;;;0;2;Autovettura privata;In marcia / fermata / arresto;Fiat;Punto;Conducente;1976;M;Rifiuta cure immediate;0;NON DECEDUTO;Non accertato;
3599555;20;14/12/2017 09:50:00;Strada Urbana;VIA DEL FORO ITALICO;da specificare;;;;gall. farnesina inter con Monti della Farnesina;Tamponamento;Rettilineo;Una carreggiata a senso unico di marcia;Bagnato (umidità in atto);Asfaltata;Verticale ed orizzontale;Nuvoloso;Normale;Buona;Ore Diurne;0;0;0;3;12,48375;41,93991;-1;1;Autovettura privata;In marcia / fermata / arresto;Toyota;AYGO';Conducente;1998;F;Illeso;0;;Non accertato;
3599555;20;14/12/2017 09:50:00;Strada Urbana;VIA DEL FORO ITALICO;da specificare;;;;gall. farnesina inter con Monti della Farnesina;Tamponamento;Rettilineo;Una carreggiata a senso unico di marcia;Bagnato (umidità in atto);Asfaltata;Verticale ed orizzontale;Nuvoloso;Normale;Buona;Ore Diurne;0;0;0;3;12,48375;41,93991;-1;1;Autovettura privata;In marcia / fermata / arresto;Toyota;AYGO';Passeggero;1995;M;Illeso;0;;Non accertato;
3599555;20;14/12/2017 09:50:00;Strada Urbana;VIA DEL FORO ITALICO;da specificare;;;;gall. farnesina inter con Monti della Farnesina;Tamponamento;Rettilineo;Una carreggiata a senso unico di marcia;Bagnato (umidità in atto);Asfaltata;Verticale ed orizzontale;Nuvoloso;Normale;Buona;Ore Diurne;0;0;0;3;12,48375;41,93991;-1;2;Autovettura privata;In marcia / fermata / arresto;Toyota;Yaris;Conducente;1984;M;Illeso;0;;Non accertato;
3599561;7;14/12/2017 18:30:00;;VIA CASILINA;all'intersezione con;VIALE PALMIRO TOGLIATTI;VIALE PALMIRO TOGLIATTI;;;Scontro laterale fra veicoli in marcia;;;;;;;;;;0;0;0;2;;;0;1;Autovettura privata;In marcia / fermata / arresto;Toyota;Yaris;Conducente;1967;M;Illeso;0;;Non accertato;Inesploso
3599561;7;14/12/2017 18:30:00;;VIA CASILINA;all'intersezione con;VIALE PALMIRO TOGLIATTI;VIALE PALMIRO TOGLIATTI;;;Scontro laterale fra veicoli in marcia;;;;;;;;;;0;0;0;2;;;0;2;Autovettura privata;In marcia / fermata / arresto;Opel;Astra;Conducente;1974;M;Illeso;0;;Non accertato;Inesploso
3599564;19;14/12/2017 19:45:00;Strada Urbana;VIA PIETRO MAFFI;all'intersezione con;VIA LORENZO LITTA;VIA LORENZO LITTA;;;Scontro frontale/laterale SX fra veicoli in marcia;Incrocio;Una carreggiata a doppio senso;Asciutto;Asfaltata;Orizzontale;Nuvoloso;Normale;Buona;Sufficiente;0;0;0;2;;;0;1;Autovettura privata;In marcia / fermata / arresto;Fiat;Panda;Conducente;1969;F;Illeso;0;;;
3599564;19;14/12/2017 19:45:00;Strada Urbana;VIA PIETRO MAFFI;all'intersezione con;VIA LORENZO LITTA;VIA LORENZO LITTA;;;Scontro frontale/laterale SX fra veicoli in marcia;Incrocio;Una carreggiata a doppio senso;Asciutto;Asfaltata;Orizzontale;Nuvoloso;Normale;Buona;Sufficiente;0;0;0;2;;;0;2;Motociclo con passeggero;In marcia / fermata / arresto;Piaggio;Vespa 150;Conducente;1950;M;Illeso;0;;;
3599575;20;14/12/2017 16:40:00;Strada Urbana;VIA DEI DUE PONTI;in prossimità;;del civico n.;100;;Scontro frontale/laterale DX fra veicoli in marcia;Rettilineo;Una carreggiata a doppio senso;Bagnato (umidità in atto);Asfaltata;Orizzontale;Nuvoloso;Normale;Buona;Ore Diurne;1;0;0;1;;;0;1;Autovettura privata;In marcia / fermata / arresto;Skoda;Felicia;Conducente;1958;M;Illeso;0;;Non accertato;
3599575;20;14/12/2017 16:40:00;Strada Urbana;VIA DEI DUE PONTI;in prossimità;;del civico n.;100;;Scontro frontale/laterale DX fra veicoli in marcia;Rettilineo;Una carreggiata a doppio senso;Bagnato (umidità in atto);Asfaltata;Orizzontale;Nuvoloso;Normale;Buona;Ore Diurne;1;0;0;1;;;0;2;Motociclo a solo;In marcia / fermata / arresto;Honda;SH 300;Conducente;1983;M;Ricoverato;0;NON DECEDUTO;Non accertato;
3599578;9;14/12/2017 17:50:00;;VIA BRITANNIA;in prossimità;;del civico n.;36;;Investimento di pedone;;;;;;;;;;1;0;0;1;;;0;;;;;;Pedone;1961;M;Rimandato;0;NON DECEDUTO;;
3599578;9;14/12/2017 17:50:00;;VIA BRITANNIA;in prossimità;;del civico n.;36;;Investimento di pedone;;;;;;;;;;1;0;0;1;;;0;1;Motociclo a solo;In marcia / fermata / arresto;Peugeot;Tweet;Conducente;1960;M;Illeso;0;;;
3599587;13;14/12/2017 08:30:00;Strada Urbana;VIA MAR DEI CARAIBI;da specificare;;;;pross. via Mar dei Coralli;Veicolo in marcia contro veicolo fermo;Rettilineo;Una carreggiata a doppio senso;Asciutto;Asfaltata;Orizzontale;Nuvoloso;Normale;Buona;Ore Diurne;0;0;0;3;12,30292;41,73115;0;1;Autocarro inferiore 35 q.;In marcia / fermata / arresto;Fiat Iveco;Daily;Conducente;1965;M;Illeso;0;;Non accertato;Inesploso
3599587;13;14/12/2017 08:30:00;Strada Urbana;VIA MAR DEI CARAIBI;da specificare;;;;pross. via Mar dei Coralli;Veicolo in marcia contro veicolo fermo;Rettilineo;Una carreggiata a doppio senso;Asciutto;Asfaltata;Orizzontale;Nuvoloso;Normale;Buona;Ore Diurne;0;0;0;3;12,30292;41,73115;0;1;Autocarro inferiore 35 q.;In marcia / fermata / arresto;Fiat Iveco;Daily;Passeggero;1980;M;Illeso;0;;;Inesploso
3599587;13;14/12/2017 08:30:00;Strada Urbana;VIA MAR DEI CARAIBI;da specificare;;;;pross. via Mar dei Coralli;Veicolo in marcia contro veicolo fermo;Rettilineo;Una carreggiata a doppio senso;Asciutto;Asfaltata;Orizzontale;Nuvoloso;Normale;Buona;Ore Diurne;0;0;0;3;12,30292;41,73115;0;2;Autovettura privata;In marcia / fermata / arresto;infiniti;(ignoto);Conducente;1951;M;Illeso;0;;Non accertato;Inesploso
3599597;20;14/12/2017 16:48:00;Strada Urbana;VIA PIETRO LUPI;da specificare;;;;prossimità via A. Fleming;Scontro laterale fra veicoli in marcia;Curva a visuale libera;Una carreggiata a doppio senso;Bagnato (pioggia);Asfaltata;Orizzontale;Pioggia in atto;Normale;Buona;Sufficiente;1;0;0;1;;;0;1;Motociclo a solo;In marcia / fermata / arresto;Honda;SH 125;Conducente;1968;F;Ricoverato;0;NON DECEDUTO;Non accertato;
3599597;20;14/12/2017 16:48:00;Strada Urbana;VIA PIETRO LUPI;da specificare;;;;prossimità via A. Fleming;Scontro laterale fra veicoli in marcia;Curva a visuale libera;Una carreggiata a doppio senso;Bagnato (pioggia);Asfaltata;Orizzontale;Pioggia in atto;Normale;Buona;Sufficiente;1;0;0;1;;;0;2;Autovettura privata;In marcia / fermata / arresto;Volvo;XC 60;Conducente;1971;M;Illeso;0;;Non accertato;
3599611;3;12/12/2017 23:00:00;;VIALE REGINA MARGHERITA;all'intersezione con;VIA BASENTO;VIA BASENTO;;;Scontro frontale/laterale SX fra veicoli in marcia;;;;;;;;;;1;0;0;1;;;0;1;Autovettura privata;In marcia / fermata / arresto;Lancia;Ypsilon;Conducente;0;F;Rifiuta cure immediate;0;NON DECEDUTO;;
3599611;3;12/12/2017 23:00:00;;VIALE REGINA MARGHERITA;all'intersezione con;VIA BASENTO;VIA BASENTO;;;Scontro frontale/laterale SX fra veicoli in marcia;;;;;;;;;;1;0;0;1;;;0;2;Autovettura privata;In marcia / fermata / arresto;Citroen;C 3;Conducente;0;M;Illeso;0;;;
3599614;7;14/12/2017 15:50:00;Strada Urbana;VIA DELLE PALME;all'intersezione con;VIA ERNESTO MAURI;VIA ERNESTO MAURI;;;Scontro frontale/laterale DX fra veicoli in marcia;Incrocio;Una carreggiata a senso unico di marcia;Bagnato (pioggia);Asfaltata;Verticale ed orizzontale;Pioggia in atto;Scarso;Buona;Ore Diurne;1;0;0;2;12,57168;41,89066;0;1;Autovettura privata;In marcia / fermata / arresto;Alfa Romeo;145;Conducente;1938;M;Illeso;0;;Non accertato;Inesploso
3599614;7;14/12/2017 15:50:00;Strada Urbana;VIA DELLE PALME;all'intersezione con;VIA ERNESTO MAURI;VIA ERNESTO MAURI;;;Scontro frontale/laterale DX fra veicoli in marcia;Incrocio;Una carreggiata a senso unico di marcia;Bagnato (pioggia);Asfaltata;Verticale ed orizzontale;Pioggia in atto;Scarso;Buona;Ore Diurne;1;0;0;2;12,57168;41,89066;0;1;Autovettura privata;In marcia / fermata / arresto;Alfa Romeo;145;Passeggero;1940;F;Rimandato;0;NON DECEDUTO;Non accertato;Inesploso
3599614;7;14/12/2017 15:50:00;Strada Urbana;VIA DELLE PALME;all'intersezione con;VIA ERNESTO MAURI;VIA ERNESTO MAURI;;;Scontro frontale/laterale DX fra veicoli in marcia;Incrocio;Una carreggiata a senso unico di marcia;Bagnato (pioggia);Asfaltata;Verticale ed orizzontale;Pioggia in atto;Scarso;Buona;Ore Diurne;1;0;0;2;12,57168;41,89066;0;2;Autovettura privata;In marcia / fermata / arresto;Opel;Corsa;Conducente;1948;M;Illeso;0;;Non accertato;Inesploso
3599615;20;14/12/2017 14:30:00;Regionale entro l'abitato;VIA FLAMINIA;in prossimità;;del civico n.;855;;Tamponamento;Curva senza visuale libera;Due carreggiate;Asciutto;Asfaltata;Orizzontale;Nuvoloso;Scarso;Buona;Ore Diurne;0;0;0;2;;;0;1;Autovettura privata;In marcia / fermata / arresto;Ford;Fiesta;Conducente;1940;M;Illeso;0;;Non accertato;
3599615;20;14/12/2017 14:30:00;Regionale entro l'abitato;VIA FLAMINIA;in prossimità;;del civico n.;855;;Tamponamento;Curva senza visuale libera;Due carreggiate;Asciutto;Asfaltata;Orizzontale;Nuvoloso;Scarso;Buona;Ore Diurne;0;0;0;2;;;0;2;Autovettura di polizia;In marcia / fermata / arresto;Fiat;Ducato;Conducente;1978;M;Illeso;0;;Non accertato;
3599627;10;15/12/2017 07:30:00;Strada Urbana;VIA APPIA NUOVA;da specificare;;;;inversione di marcia f.c. 1259 dir. centro;Scontro laterale fra veicoli in marcia;Rettilineo;Due carreggiate;Bagnato (pioggia);Asfaltata;Verticale ed orizzontale;Pioggia in atto;Intenso;Buona;Ore Diurne;0;0;0;1;;;0;1;Autovettura privata;In marcia / fermata / arresto;Mitsubishi;L 200;Conducente;1974;M;Illeso;0;;Non accertato;Inesploso
3599633;3;12/12/2017 20:00:00;;VIA PAVIA;in prossimità;;del civico n.;28B;;Infortunio per sola frenata improvvisa;;;;;;;;;;0;0;0;2;;;0;1;Motociclo a solo;In marcia / fermata / arresto;Honda;SH;Conducente;0;F;Illeso;0;;;
3599633;3;12/12/2017 20:00:00;;VIA PAVIA;in prossimità;;del civico n.;28B;;Infortunio per sola frenata improvvisa;;;;;;;;;;0;0;0;2;;;0;2;Autovettura privata;In marcia / fermata / arresto;Hyundai;(non accertato);Conducente;0;M;Illeso;0;;;
3599634;6;14/12/2017 16:00:00;Strada Urbana;VIALE DELLA PRIMAVERA;da specificare;;;;fronte civico 233;Veicolo in marcia contro veicoli in sosta;Rettilineo;Più di due carreggiate;Bagnato (pioggia);Asfaltata;Orizzontale;Nuvoloso;Normale;Buona;Inesistente;1;0;0;0;12,56032;41,88113;-1;1;Autovettura privata;In marcia / fermata / arresto;Nissan;Micra;Conducente;1947;M;Rimandato;0;NON DECEDUTO;Non accertato;Esploso
3599637;20;14/12/2017 17:45:00;Strada Urbana;VIA DELLA MENDOLA;in prossimità;;del civico n.;171;;Veicolo in marcia contro veicoli in sosta;Curva a visuale libera;Una carreggiata a senso unico di marcia;Bagnato (umidità in atto);Asfaltata;Assente;Nuvoloso;Scarso;Sufficiente;Sufficiente;0;0;0;3;12,44145;41,94612;-1;1;Autovettura privata;In marcia / fermata / arresto;BMW;120 D;Conducente;1939;M;Illeso;0;;Non accertato;
3599637;20;14/12/2017 17:45:00;Strada Urbana;VIA DELLA MENDOLA;in prossimità;;del civico n.;171;;Veicolo in marcia contro veicoli in sosta;Curva a visuale libera;Una carreggiata a senso unico di marcia;Bagnato (umidità in atto);Asfaltata;Assente;Nuvoloso;Scarso;Sufficiente;Sufficiente;0;0;0;3;12,44145;41,94612;-1;1;Autovettura privata;In marcia / fermata / arresto;BMW;120 D;Passeggero;1997;F;Illeso;0;;Non accertato;
3599637;20;14/12/2017 17:45:00;Strada Urbana;VIA DELLA MENDOLA;in prossimità;;del civico n.;171;;Veicolo in marcia contro veicoli in sosta;Curva a visuale libera;Una carreggiata a senso unico di marcia;Bagnato (umidità in atto);Asfaltata;Assente;Nuvoloso;Scarso;Sufficiente;Sufficiente;0;0;0;3;12,44145;41,94612;-1;2;Autovettura privata;In marcia / fermata / arresto;Ford;KA;Conducente;1984;M;Illeso;0;;Non accertato;
3599654;3;14/12/2017 16:45:00;Strada Urbana;VIA DELLA LEGA LOMBARDA;in corrispondenza;;del civico n.;33;;Tamponamento;Pendenza;Una carreggiata a doppio senso;Asciutto;Asfaltata;Verticale ed orizzontale;Nuvoloso;Normale;Sufficiente;Insufficiente;1;0;0;1;12,52228;41,90925;0;1;Motociclo a solo;In marcia / fermata / arresto;Yamaha;XMax;Conducente;1991;M;Rimandato;0;NON DECEDUTO;Non accertato;
3599654;3;14/12/2017 16:45:00;Strada Urbana;VIA DELLA LEGA LOMBARDA;in corrispondenza;;del civico n.;33;;Tamponamento;Pendenza;Una carreggiata a doppio senso;Asciutto;Asfaltata;Verticale ed orizzontale;Nuvoloso;Normale;Sufficiente;Insufficiente;1;0;0;1;12,52228;41,90925;0;2;Autovettura privata;In marcia / fermata / arresto;Mercedes;A200;Conducente;1981;M;Illeso;0;;Non accertato;Inesploso
3599662;7;14/12/2017 17:50:00;Strada Urbana;VIA DEI CASTANI;all'intersezione con;VIA DEI GELSI;VIA DEI GELSI;;;Scontro frontale/laterale DX fra veicoli in marcia;Incrocio;Una carreggiata a doppio senso;Bagnato (pioggia);Asfaltata;Verticale ed orizzontale;Nuvoloso;Normale;Buona;Sufficiente;0;0;0;3;;;0;1;Autovettura privata;In marcia / fermata / arresto;Fiat;Multipla;Conducente;1967;F;Illeso;0;;Non accertato;Inesploso
3599662;7;14/12/2017 17:50:00;Strada Urbana;VIA DEI CASTANI;all'intersezione con;VIA DEI GELSI;VIA DEI GELSI;;;Scontro frontale/laterale DX fra veicoli in marcia;Incrocio;Una carreggiata a doppio senso;Bagnato (pioggia);Asfaltata;Verticale ed orizzontale;Nuvoloso;Normale;Buona;Sufficiente;0;0;0;3;;;0;2;Autovettura privata;In marcia / fermata / arresto;Mercedes;A 180 CDI;Conducente;1981;M;Illeso;0;;Non accertato;Inesploso
3599662;7;14/12/2017 17:50:00;Strada Urbana;VIA DEI CASTANI;all'intersezione con;VIA DEI GELSI;VIA DEI GELSI;;;Scontro frontale/laterale DX fra veicoli in marcia;Incrocio;Una carreggiata a doppio senso;Bagnato (pioggia);Asfaltata;Verticale ed orizzontale;Nuvoloso;Normale;Buona;Sufficiente;0;0;0;3;;;0;2;Autovettura privata;In marcia / fermata / arresto;Mercedes;A 180 CDI;Passeggero;2013;M;Illeso;0;;Non accertato;Inesploso
3599669;3;12/12/2017 21:10:00;;VIALE REGINA ELENA;all'intersezione con;VIALE DELL'UNIVERSITA';VIALE DELL'UNIVERSITA';;;Scontro frontale/laterale DX fra veicoli in marcia;;;;;;;;;;2;0;0;2;;;0;1;Autovettura privata;In marcia / fermata / arresto;Ford;Focus;Conducente;0;M;Illeso;0;;;
3599669;3;12/12/2017 21:10:00;;VIALE REGINA ELENA;all'intersezione con;VIALE DELL'UNIVERSITA';VIALE DELL'UNIVERSITA';;;Scontro frontale/laterale DX fra veicoli in marcia;;;;;;;;;;2;0;0;2;;;0;1;Autovettura privata;In marcia / fermata / arresto;Ford;Focus;Passeggero;0;M;Illeso;0;;;
3599669;3;12/12/2017 21:10:00;;VIALE REGINA ELENA;all'intersezione con;VIALE DELL'UNIVERSITA';VIALE DELL'UNIVERSITA';;;Scontro frontale/laterale DX fra veicoli in marcia;;;;;;;;;;2;0;0;2;;;0;2;Motociclo con passeggero;In marcia / fermata / arresto;Kymco;AGILITY;Conducente;0;M;Rifiuta cure immediate;0;NON DECEDUTO;;
3599669;3;12/12/2017 21:10:00;;VIALE REGINA ELENA;all'intersezione con;VIALE DELL'UNIVERSITA';VIALE DELL'UNIVERSITA';;;Scontro frontale/laterale DX fra veicoli in marcia;;;;;;;;;;2;0;0;2;;;0;2;Motociclo con passeggero;In marcia / fermata / arresto;Kymco;AGILITY;Passeggero;0;F;Rifiuta cure immediate;0;NON DECEDUTO;;
3599690;3;13/12/2017 19:00:00;Strada Urbana;PIAZZA GIROLAMO FABRIZIO;all'intersezione con;VIALE DEL POLICLINICO;VIALE DEL POLICLINICO;;;Scontro frontale/laterale SX fra veicoli in marcia;Intersezione semaforizzata;Una carreggiata a doppio senso;Asciutto;Asfaltata;Verticale ed orizzontale;Nuvoloso;Intenso;Buona;Sufficiente;0;0;0;2;;;0;1;Autovettura privata;In marcia / fermata / arresto;Seat;Arosa;Conducente;1998;M;Illeso;0;;Utilizzato;Inesploso
3599690;3;13/12/2017 19:00:00;Strada Urbana;PIAZZA GIROLAMO FABRIZIO;all'intersezione con;VIALE DEL POLICLINICO;VIALE DEL POLICLINICO;;;Scontro frontale/laterale SX fra veicoli in marcia;Intersezione semaforizzata;Una carreggiata a doppio senso;Asciutto;Asfaltata;Verticale ed orizzontale;Nuvoloso;Intenso;Buona;Sufficiente;0;0;0;2;;;0;2;Autovettura privata;In marcia / fermata / arresto;BMW;(non accertato);Conducente;1964;F;Illeso;0;;Non accertato;Inesploso
3599703;4;15/12/2017 00:15:00;Strada Urbana;VIA PIETRO RAIMONDI;in prossimità;;del civico n.;6;;Veicolo in marcia contro veicolo in sosta;Rettilineo;Una carreggiata a doppio senso;Asciutto;Asfaltata;Orizzontale;Nuvoloso;Scarso;Sufficiente;Sufficiente;0;0;0;1;12,49303;41,91621;0;1;Autovettura privata;In marcia / fermata / arresto;BMW;X 3;Conducente;1964;M;Illeso;0;;Non accertato;Esploso
3599706;3;14/12/2017 09:05:00;Strada Urbana;VIA CREMONA;all'intersezione con;VIA CALABRIA;VIA CALABRIA;;;Scontro frontale/laterale DX fra veicoli in marcia;Incrocio;Una carreggiata a senso unico di marcia;Asciutto;Asfaltata;Verticale ed orizzontale;Nuvoloso;Normale;Buona;Ore Diurne;0;0;0;2;12,51977;41,91189;0;1;Autovettura privata;In marcia / fermata / arresto;Hyundai; ix35;Conducente;1978;M;Illeso;0;;Non accertato;Inesploso
3599706;3;14/12/2017 09:05:00;Strada Urbana;VIA CREMONA;all'intersezione con;VIA CALABRIA;VIA CALABRIA;;;Scontro frontale/laterale DX fra veicoli in marcia;Incrocio;Una carreggiata a senso unico di marcia;Asciutto;Asfaltata;Verticale ed orizzontale;Nuvoloso;Normale;Buona;Ore Diurne;0;0;0;2;12,51977;41,91189;0;2;Autovettura privata;In marcia / fermata / arresto;Lancia;Ypsilon;Conducente;1994;F;Illeso;0;;Non accertato;Inesploso
3599707;4;14/12/2017 10:20:00;;VIA IVANOE BONOMI;in prossimità;;del civico n.;97;;Scontro laterale fra veicoli in marcia;;;;;;;;;;0;0;0;2;;;0;1;Autovettura privata;In marcia / fermata / arresto;Opel;Corsa;Conducente;1962;F;Illeso;0;;;
3599707;4;14/12/2017 10:20:00;;VIA IVANOE BONOMI;in prossimità;;del civico n.;97;;Scontro laterale fra veicoli in marcia;;;;;;;;;;0;0;0;2;;;0;2;Autovettura privata;In marcia / fermata / arresto;Fiat;Panda;Conducente;1966;M;Illeso;0;;;
3599720;7;14/12/2017 16:10:00;;VIA GIROLAMO COCCONI;in prossimità;;del civico n.;2;;Scontro laterale fra veicoli in marcia;;;;;;;;;;0;0;0;3;;;0;1;Autovettura privata;In marcia / fermata / arresto;Citroen;C 1;Conducente;1979;M;Illeso;0;;;
3599720;7;14/12/2017 16:10:00;;VIA GIROLAMO COCCONI;in prossimità;;del civico n.;2;;Scontro laterale fra veicoli in marcia;;;;;;;;;;0;0;0;3;;;0;1;Autovettura privata;In marcia / fermata / arresto;Citroen;C 1;Passeggero;2014;M;Illeso;0;;Non accertato;Inesploso
3599720;7;14/12/2017 16:10:00;;VIA GIROLAMO COCCONI;in prossimità;;del civico n.;2;;Scontro laterale fra veicoli in marcia;;;;;;;;;;0;0;0;3;;;0;2;Autovettura privata;In marcia / fermata / arresto;Alfa Romeo;MITO;Conducente;1970;M;Illeso;0;;;
3599725;6;14/12/2017 15:55:00;Strada Urbana;LARGO IRPINIA;in corrispondenza;;del civico n.;37;;Veicolo in marcia contro veicolo in sosta;Rettilineo;Una carreggiata a senso unico di marcia;Bagnato (pioggia);Asfaltata;Orizzontale;Pioggia in atto;Scarso;Buona;Ore Diurne;0;0;0;2;12,55052;41,89288;-1;1;Autovettura privata;In marcia / fermata / arresto;Fiat;500 X;Conducente;1932;M;Illeso;0;;Non accertato;Inesploso
3599725;6;14/12/2017 15:55:00;Strada Urbana;LARGO IRPINIA;in corrispondenza;;del civico n.;37;;Veicolo in marcia contro veicolo in sosta;Rettilineo;Una carreggiata a senso unico di marcia;Bagnato (pioggia);Asfaltata;Orizzontale;Pioggia in atto;Scarso;Buona;Ore Diurne;0;0;0;2;12,55052;41,89288;-1;1;Autovettura privata;In marcia / fermata / arresto;Fiat;500 X;Passeggero;1940;F;Illeso;0;;;
3599731;10;15/12/2017 09:30:00;Strada Urbana;VIA TUSCOLANA;all'intersezione semaforizzata con;VIA OTELLO STEFANINI;VIA OTELLO STEFANINI;;;Scontro frontale/laterale SX fra veicoli in marcia;Intersezione semaforizzata;Due carreggiate;Bagnato (pioggia);Asfaltata;Verticale ed orizzontale;Pioggia in atto;Normale;Buona;Ore Diurne;1;0;0;1;;;0;1;Autovettura privata;In marcia / fermata / arresto;Renault;Clio;Conducente;1932;M;Illeso;0;;Non accertato;Inesploso
3599731;10;15/12/2017 09:30:00;Strada Urbana;VIA TUSCOLANA;all'intersezione semaforizzata con;VIA OTELLO STEFANINI;VIA OTELLO STEFANINI;;;Scontro frontale/laterale SX fra veicoli in marcia;Intersezione semaforizzata;Due carreggiate;Bagnato (pioggia);Asfaltata;Verticale ed orizzontale;Pioggia in atto;Normale;Buona;Ore Diurne;1;0;0;1;;;0;2;Autovettura privata;In marcia / fermata / arresto;Ford;Fiesta;Conducente;1968;F;Rimandato;0;NON DECEDUTO;Non accertato;Inesistente
3599739;2;14/12/2017 16:40:00;;VIA ANTONIO ALLEGRI DA CORREGGIO;all'intersezione con;LUNGOTEVERE FLAMINIO;LUNGOTEVERE FLAMINIO;;;Scontro frontale/laterale DX fra veicoli in marcia;;;;;;;;;;1;0;0;2;12,46989;41,92237;0;1;Autovettura privata;In marcia / fermata / arresto;Daimler Chrysler;Jeep Cherokee;Conducente;1931;M;Illeso;0;;;
3599739;2;14/12/2017 16:40:00;;VIA ANTONIO ALLEGRI DA CORREGGIO;all'intersezione con;LUNGOTEVERE FLAMINIO;LUNGOTEVERE FLAMINIO;;;Scontro frontale/laterale DX fra veicoli in marcia;;;;;;;;;;1;0;0;2;12,46989;41,92237;0;1;Autovettura privata;In marcia / fermata / arresto;Daimler Chrysler;Jeep Cherokee;Passeggero;1933;F;Illeso;0;;;