Protocollo;Gruppo;DataOraIncidente;Localizzazione1;STRADA1;Localizzazione2;STRADA2;Strada02;Chilometrica;DaSpecificare;NaturaIncidente;particolaritastrade;TipoStrada;FondoStradale;Pavimentazione;Segnaletica;CondizioneAtmosferica;Traffico;Visibilita;Illuminazione;NUM_FERITI;NUM_RISERVATA;NUM_MORTI;NUM_ILLESI;Longitudine;Latitudine;Confermato;Progressivo;TipoVeicolo;StatoVeicolo;Marca;Modello;TipoPersona;AnnoNascita;Sesso;Tipolesione;Deceduto;DecedutoDopo;CinturaCascoUtilizzato;Airbag;
3600574;18;14/12/2017 19:00:00;Strada Urbana;VIA DI BOCCEA;all'intersezione con;VIA PIO IX;VIA PIO IX;;;Scontro frontale/laterale DX fra veicoli in marcia;Incrocio;Una carreggiata a doppio senso;Asciutto;Asfaltata;Verticale ed orizzontale;Nuvoloso;Intenso;Sufficiente;Sufficiente;0;0;0;2;;;0;2;Autovettura privata;In marcia / fermata / arresto;Toyota;Aygo;Conducente;1995;F;Illeso;0;;;
3600582;18;14/12/2017 17:30:00;Strada Urbana;VIA DI BOCCEA;in corrispondenza;;del civico n.;248;;Tamponamento Multiplo;Rettilineo;Una carreggiata a doppio senso;Asciutto;Asfaltata;Verticale ed orizzontale;Sereno;Normale;Buona;Sufficiente;0;0;0;2;12,41969;41,90367;0;1;Autovettura privata;In marcia / fermata / arresto;Renault;19;Conducente;1980;M;Illeso;0;;Non accertato;Inesistente
3600582;18;14/12/2017 17:30:00;Strada Urbana;VIA DI BOCCEA;in corrispondenza;;del civico n.;248;;Tamponamento Multiplo;Rettilineo;Una carreggiata a doppio senso;Asciutto;Asfaltata;Verticale ed orizzontale;Sereno;Normale;Buona;Sufficiente;0;0;0;2;12,41969;41,90367;0;2;Autovettura privata;In marcia / fermata / arresto;Mercedes;ML 320;Conducente;1959;F;Illeso;0;;Non accertato;Inesploso
3600589;18;14/12/2017 18:45:00;Strada Urbana;VIA TROFARELLO;all'intersezione con;VIA CARIGNANO;VIA CARIGNANO;;;Scontro frontale fra veicoli in marcia;Intersezione non regolata/non segnalata;Una carreggiata a doppio senso;Asciutto;Asfaltata;Verticale ed orizzontale;Sereno;Scarso;Buona;Sufficiente;1;0;0;2;12,3668;41,91363;0;1;Autovettura privata;In marcia / fermata / arresto;BMW;X3;Conducente;1973;M;Illeso;0;;;
3600589;18;14/12/2017 18:45:00;Strada Urbana;VIA TROFARELLO;all'intersezione con;VIA CARIGNANO;VIA CARIGNANO;;;Scontro frontale fra veicoli in marcia;Intersezione non regolata/non segnalata;Una carreggiata a doppio senso;Asciutto;Asfaltata;Verticale ed orizzontale;Sereno;Scarso;Buona;Sufficiente;1;0;0;2;12,3668;41,91363;0;2;Motociclo con passeggero;In marcia / fermata / arresto;Honda;@;Conducente;1996;M;Illeso;0;;;
3600589;18;14/12/2017 18:45:00;Strada Urbana;VIA TROFARELLO;all'intersezione con;VIA CARIGNANO;VIA CARIGNANO;;;Scontro frontale fra veicoli in marcia;Intersezione non regolata/non segnalata;Una carreggiata a doppio senso;Asciutto;Asfaltata;Verticale ed orizzontale;Sereno;Scarso;Buona;Sufficiente;1;0;0;2;12,3668;41,91363;0;2;Motociclo con passeggero;In marcia / fermata / arresto;Honda;@;Passeggero;1997;F;Rimandato;0;NON DECEDUTO;;
3600590;9;15/12/2017 09:50:00;;VIA APPIA NUOVA;da specificare;;;;fronte civico 443;Investimento di pedone;;;;;;;;;;0;0;0;1;12,52507;41,87332;0;;;;;;Pedone;1938;M;Illeso;0;;;
3600592;1;14/12/2017 10:30:00;Strada Urbana;PIAZZA DI S. GIOVANNI IN LATERANO;in prossimità;;del civico n.;82;;Scontro laterale fra veicoli in marcia;Rettilineo;Due carreggiate;Asciutto;Asfaltata;Verticale ed orizzontale;Nuvoloso;Normale;Buona;Ore Diurne;0;0;0;3;;;0;1;Autocarro inferiore 35 q.;In marcia / fermata / arresto;Iveco;140;Conducente;1969;M;Illeso;0;;Non accertato;
3600592;1;14/12/2017 10:30:00;Strada Urbana;PIAZZA DI S. GIOVANNI IN LATERANO;in prossimità;;del civico n.;82;;Scontro laterale fra veicoli in marcia;Rettilineo;Due carreggiate;Asciutto;Asfaltata;Verticale ed orizzontale;Nuvoloso;Normale;Buona;Ore Diurne;0;0;0;3;;;0;2;Autovettura privata;In marcia / fermata / arresto;BMW;X 3;Conducente;1981;M;Illeso;0;;Non accertato;
3600592;1;14/12/2017 10:30:00;Strada Urbana;PIAZZA DI S. GIOVANNI IN LATERANO;in prossimità;;del civico n.;82;;Scontro laterale fra veicoli in marcia;Rettilineo;Due carreggiate;Asciutto;Asfaltata;Verticale ed orizzontale;Nuvoloso;Normale;Buona;Ore Diurne;0;0;0;3;;;0;2;Autovettura privata;In marcia / fermata / arresto;BMW;X 3;Passeggero;1966;M;Illeso;0;;Non accertato;
3600594;9;15/12/2017 10:15:00;;VIALE CASTRENSE;da specificare;;;;altezza PANTANELLA;Tamponamento;;;;;;;;;;0;0;0;1;12,5193;41,88916;0;1;Autocarro inferiore 35 q.;In marcia / fermata / arresto;Fiat;Doblò;Conducente;1994;M;Illeso;0;;Non accertato;Inesploso
3600617;1;14/12/2017 18:50:00;Strada Urbana;VIA ELENIANA;in prossimità;;del civico n.;6;;Scontro laterale fra veicoli in marcia;Curva senza visuale libera;Una carreggiata a doppio senso;Bagnato (umidità in atto);Asfaltata;Verticale ed orizzontale;Nuvoloso;Intenso;Sufficiente;Sufficiente;0;0;0;3;12,51457;41,8905;0;1;Autovettura privata;In marcia / fermata / arresto;Fiat;500 X;Conducente;1983;F;Illeso;0;;Non accertato;Inesploso
3600617;1;14/12/2017 18:50:00;Strada Urbana;VIA ELENIANA;in prossimità;;del civico n.;6;;Scontro laterale fra veicoli in marcia;Curva senza visuale libera;Una carreggiata a doppio senso;Bagnato (umidità in atto);Asfaltata;Verticale ed orizzontale;Nuvoloso;Intenso;Sufficiente;Sufficiente;0;0;0;3;12,51457;41,8905;0;2;Autovettura privata;In marcia / fermata / arresto;Nissan;Almera;Conducente;1977;M;Illeso;0;;Non accertato;Inesploso
3600617;1;14/12/2017 18:50:00;Strada Urbana;VIA ELENIANA;in prossimità;;del civico n.;6;;Scontro laterale fra veicoli in marcia;Curva senza visuale libera;Una carreggiata a doppio senso;Bagnato (umidità in atto);Asfaltata;Verticale ed orizzontale;Nuvoloso;Intenso;Sufficiente;Sufficiente;0;0;0;3;12,51457;41,8905;0;2;Autovettura privata;In marcia / fermata / arresto;Nissan;Almera;Passeggero;1978;M;Illeso;0;;Non accertato;Inesploso
3600654;19;15/12/2017 12:20:00;Strada Urbana;VIA DI TORREVECCHIA;in corrispondenza;;del civico n.;156;;Investimento di pedone;Rettilineo;Una carreggiata a doppio senso;Bagnato (pioggia);Asfaltata;Verticale ed orizzontale;Pioggia in atto;Normale;Buona;Ore Diurne;1;0;0;1;12,41962;41,93137;0;;;;;;Pedone;1977;F;Rimandato;0;NON DECEDUTO;;
3600654;19;15/12/2017 12:20:00;Strada Urbana;VIA DI TORREVECCHIA;in corrispondenza;;del civico n.;156;;Investimento di pedone;Rettilineo;Una carreggiata a doppio senso;Bagnato (pioggia);Asfaltata;Verticale ed orizzontale;Pioggia in atto;Normale;Buona;Ore Diurne;1;0;0;1;12,41962;41,93137;0;1;Autovettura privata;In marcia / fermata / arresto;Audi;A3;Conducente;1976;M;Illeso;0;;Non accertato;Inesploso
3600667;9;15/12/2017 15:30:00;;VIA ALGHERO;in prossimità;;del civico n.;1/F;;Scontro laterale fra veicoli in marcia;;;;;;;;;;0;0;0;4;12,52176;41,88621;0;1;Autocarro inferiore 35 q.;In marcia / fermata / arresto;Fiat;Panda;Conducente;1984;M;Illeso;0;;Non accertato;Inesploso
3600667;9;15/12/2017 15:30:00;;VIA ALGHERO;in prossimità;;del civico n.;1/F;;Scontro laterale fra veicoli in marcia;;;;;;;;;;0;0;0;4;12,52176;41,88621;0;2;Autovettura privata;In marcia / fermata / arresto;Ford;C-MAX;Conducente;1970;M;Illeso;0;;Non accertato;Inesploso
3600667;9;15/12/2017 15:30:00;;VIA ALGHERO;in prossimità;;del civico n.;1/F;;Scontro laterale fra veicoli in marcia;;;;;;;;;;0;0;0;4;12,52176;41,88621;0;2;Autovettura privata;In marcia / fermata / arresto;Ford;C-MAX;Passeggero;1978;F;Illeso;0;;Non accertato;Inesploso
3600667;9;15/12/2017 15:30:00;;VIA ALGHERO;in prossimità;;del civico n.;1/F;;Scontro laterale fra veicoli in marcia;;;;;;;;;;0;0;0;4;12,52176;41,88621;0;2;Autovettura privata;In marcia / fermata / arresto;Ford;C-MAX;Passeggero;2012;M;Illeso;0;;;
3600670;9;15/12/2017 16:20:00;;CIRCONVALLAZIONE APPIA;all'intersezione semaforizzata con;VIA SIRIA;VIA SIRIA;;;Scontro frontale fra veicoli in marcia;;;;;;;;;;1;0;0;1;12,51155;41,87444;0;1;Autovettura privata;In marcia / fermata / arresto;Mercedes;Smart Fortwo Coupè;Conducente;1953;M;Illeso;0;;Non accertato;Inesploso
3600670;9;15/12/2017 16:20:00;;CIRCONVALLAZIONE APPIA;all'intersezione semaforizzata con;VIA SIRIA;VIA SIRIA;;;Scontro frontale fra veicoli in marcia;;;;;;;;;;1;0;0;1;12,51155;41,87444;0;2;Motociclo a solo;In marcia / fermata / arresto;Honda;SH;Conducente;1966;F;Rimandato;0;NON DECEDUTO;Non accertato;
3600685;18;15/12/2017 12:50:00;Strada Urbana;VIA BALDO DEGLI UBALDI;in corrispondenza;;del civico n.;340;;Scontro frontale/laterale SX fra veicoli in marcia;Rettilineo;Una carreggiata a senso unico di marcia;Bagnato (pioggia);Asfaltata;Verticale ed orizzontale;Pioggia in atto;Intenso;Buona;Ore Diurne;1;0;0;1;12,43996;41,90192;0;1;Autovettura privata;In marcia / fermata / arresto;Hyundai;i 10;Conducente;1972;F;Rimandato;0;NON DECEDUTO;Non accertato;Inesploso
3600685;18;15/12/2017 12:50:00;Strada Urbana;VIA BALDO DEGLI UBALDI;in corrispondenza;;del civico n.;340;;Scontro frontale/laterale SX fra veicoli in marcia;Rettilineo;Una carreggiata a senso unico di marcia;Bagnato (pioggia);Asfaltata;Verticale ed orizzontale;Pioggia in atto;Intenso;Buona;Ore Diurne;1;0;0;1;12,43996;41,90192;0;2;Autocarro inferiore 35 q.;In marcia / fermata / arresto;Scania;(ignoto);Conducente;1975;M;Illeso;0;;Utilizzato;Inesploso
3600690;20;15/12/2017 16:30:00;Strada Urbana;VIA CIVITELLA D'AGLIANO;da specificare;;;;prossimità via Lampertico;Scontro laterale fra veicoli in marcia;Rettilineo;Una carreggiata a doppio senso;Bagnato (pioggia);Asfaltata;Assente;Pioggia in atto;Scarso;Buona;Ore Diurne;0;0;0;2;;;0;1;Autocarro inferiore 35 q.;In marcia / fermata / arresto;Fiat;Iveco;Conducente;1959;M;Illeso;0;;;
3600690;20;15/12/2017 16:30:00;Strada Urbana;VIA CIVITELLA D'AGLIANO;da specificare;;;;prossimità via Lampertico;Scontro laterale fra veicoli in marcia;Rettilineo;Una carreggiata a doppio senso;Bagnato (pioggia);Asfaltata;Assente;Pioggia in atto;Scarso;Buona;Ore Diurne;0;0;0;2;;;0;2;Quadriciclo;In marcia / fermata / arresto;XINDAYANG;ZHIDOU (ZD) - ICARO;Conducente;1978;M;Illeso;0;;Non accertato;Inesistente
3600709;13;15/12/2017 16:00:00;;VIA CORRADO DEL GRECO;da specificare;;;;prossimità Via C.M. di Moriondo;Scontro frontale fra veicoli in marcia;;;;;;;;;;0;0;0;3;12,2713;41,73829;0;1;Autovettura privata;In marcia / fermata / arresto;Volkswagen;Bora;Conducente;1979;M;Illeso;0;;Non accertato;Inesploso
3600709;13;15/12/2017 16:00:00;;VIA CORRADO DEL GRECO;da specificare;;;;prossimità Via C.M. di Moriondo;Scontro frontale fra veicoli in marcia;;;;;;;;;;0;0;0;3;12,2713;41,73829;0;1;Autovettura privata;In marcia / fermata / arresto;Volkswagen;Bora;Passeggero;1982;F;Illeso;0;;Non accertato;Inesploso
3600709;13;15/12/2017 16:00:00;;VIA CORRADO DEL GRECO;da specificare;;;;prossimità Via C.M. di Moriondo;Scontro frontale fra veicoli in marcia;;;;;;;;;;0;0;0;3;12,2713;41,73829;0;2;Autovettura privata;In marcia / fermata / arresto;Fiat;Punto;Conducente;1939;M;Illeso;0;;Non accertato;Inesploso
3600720;19;15/12/2017 16:53:00;Strada Urbana;VIA DI TORREVECCHIA;all'intersezione semaforizzata con;VIA AUGUSTO TAMBURINI;VIA AUGUSTO TAMBURINI;;;Scontro frontale/laterale SX fra veicoli in marcia;Intersezione semaforizzata;Una carreggiata a doppio senso;Bagnato (pioggia);Asfaltata;Verticale ed orizzontale;Pioggia in atto;Intenso;Buona;Sufficiente;0;0;0;3;12,41223;41,92332;-1;1;Autovettura privata;In marcia / fermata / arresto;BMW;--;Conducente;1993;F;Illeso;0;;;
3600720;19;15/12/2017 16:53:00;Strada Urbana;VIA DI TORREVECCHIA;all'intersezione semaforizzata con;VIA AUGUSTO TAMBURINI;VIA AUGUSTO TAMBURINI;;;Scontro frontale/laterale SX fra veicoli in marcia;Intersezione semaforizzata;Una carreggiata a doppio senso;Bagnato (pioggia);Asfaltata;Verticale ed orizzontale;Pioggia in atto;Intenso;Buona;Sufficiente;0;0;0;3;12,41223;41,92332;-1;2;Autovettura privata;In marcia / fermata / arresto;Citroen;C 3;Conducente;1976;M;Illeso;0;;;
3600720;19;15/12/2017 16:53:00;Strada Urbana;VIA DI TORREVECCHIA;all'intersezione semaforizzata con;VIA AUGUSTO TAMBURINI;VIA AUGUSTO TAMBURINI;;;Scontro frontale/laterale SX fra veicoli in marcia;Intersezione semaforizzata;Una carreggiata a doppio senso;Bagnato (pioggia);Asfaltata;Verticale ed orizzontale;Pioggia in atto;Intenso;Buona;Sufficiente;0;0;0;3;12,41223;41,92332;-1;2;Autovettura privata;In marcia / fermata / arresto;Citroen;C 3;Passeggero;2014;F;Illeso;0;;;
3600756;9;15/12/2017 18:10:00;;VIA NUMANZIA;da specificare;;;;prossimità VIA LATINA;Scontro laterale fra veicoli in marcia;;;;;;;;;;0;0;0;2;12,5118;41,87372;0;1;Autocarro inferiore 35 q.;In marcia / fermata / arresto;Fiat;Fiorino;Conducente;1991;M;Illeso;0;;Non accertato;Inesploso
3600756;9;15/12/2017 18:10:00;;VIA NUMANZIA;da specificare;;;;prossimità VIA LATINA;Scontro laterale fra veicoli in marcia;;;;;;;;;;0;0;0;2;12,5118;41,87372;0;2;Autovettura privata;In marcia / fermata / arresto;Mercedes;Smart Fortwo Coupè;Conducente;1961;F;Illeso;0;;Non accertato;Inesploso
3601173;15;15/12/2017 15:40:00;;VIA DELLA PISANA;da specificare;;;;altezza GRA (rampa direz. Aurelia);Scontro frontale/laterale DX fra veicoli in marcia;;;;;;;;;;0;0;0;3;;;0;1;Autovettura privata;In marcia / fermata / arresto;Fiat;Cinquecento;Conducente;0;M;Illeso;0;;;
3601173;15;15/12/2017 15:40:00;;VIA DELLA PISANA;da specificare;;;;altezza GRA (rampa direz. Aurelia);Scontro frontale/laterale DX fra veicoli in marcia;;;;;;;;;;0;0;0;3;;;0;2;Autovettura privata;In marcia / fermata / arresto;Fiat;Panda;Conducente;0;F;Illeso;0;;;
3601173;15;15/12/2017 15:40:00;;VIA DELLA PISANA;da specificare;;;;altezza GRA (rampa direz. Aurelia);Scontro frontale/laterale DX fra veicoli in marcia;;;;;;;;;;0;0;0;3;;;0;2;Autovettura privata;In marcia / fermata / arresto;Fiat;Panda;Passeggero;0;F;Illeso;0;;;
3601179;15;15/12/2017 18:30:00;;VIA DELLA PISANA;in corrispondenza;;del palo luce n.;8;;Veicolo in marcia contro ostacolo accidentale;;;;;;;;;;0;0;0;1;;;0;1;Autovettura privata;In marcia / fermata / arresto;Ford;Fiesta;Conducente;0;M;Illeso;0;;;
3601183;9;15/12/2017 19:20:00;;VIA APPIA NUOVA;in corrispondenza;;del civico n.;478;;Investimento di pedone;;;;;;;;;;1;0;0;1;12,52349;41,87378;0;;;;;;Pedone;1956;F;Rimandato;0;NON DECEDUTO;;
3601183;9;15/12/2017 19:20:00;;VIA APPIA NUOVA;in corrispondenza;;del civico n.;478;;Investimento di pedone;;;;;;;;;;1;0;0;1;12,52349;41,87378;0;1;Autovettura privata;In marcia / fermata / arresto;Citroen;C 1;Conducente;1939;M;Illeso;0;;Non accertato;Inesploso
3601184;9;15/12/2017 21:40:00;;PIAZZA EPIRO;in prossimità;;del civico n.;12;;Scontro laterale fra veicoli in marcia;;;;;;;;;;1;0;0;2;12,50305;41,87869;0;1;Autovettura privata;In marcia / fermata / arresto;Fiat;Panda;Conducente;1964;M;Illeso;0;;Non accertato;Inesploso
3601184;9;15/12/2017 21:40:00;;PIAZZA EPIRO;in prossimità;;del civico n.;12;;Scontro laterale fra veicoli in marcia;;;;;;;;;;1;0;0;2;12,50305;41,87869;0;1;Autovettura privata;In marcia / fermata / arresto;Fiat;Panda;Passeggero;1998;M;Illeso;0;;Non accertato;Inesploso
3601184;9;15/12/2017 21:40:00;;PIAZZA EPIRO;in prossimità;;del civico n.;12;;Scontro laterale fra veicoli in marcia;;;;;;;;;;1;0;0;2;12,50305;41,87869;0;2;Motociclo a solo;In marcia / fermata / arresto;Piaggio;Liberty 150;Conducente;1990;M;Rimandato;0;NON DECEDUTO;;
3601186;9;16/12/2017 01:30:00;;VIA SERRATA;in prossimità;;del civico n.;21A;;Veicolo in marcia contro ostacolo fisso;;;;;;;;;;0;0;0;1;12,61683;41,8104;0;1;Autovettura privata;In marcia / fermata / arresto;Fiat;500;Conducente;1983;M;Illeso;0;;Non accertato;Inesploso
3601239;15;15/12/2017 17:00:00;;VIA ANTONIO PACINOTTI;in corrispondenza;;del civico n.;18;;Investimento di pedone;;;;;;;;;;1;0;0;4;;;0;;;;;;Pedone;0;F;Rifiuta cure immediate;0;NON DECEDUTO;;
3601239;15;15/12/2017 17:00:00;;VIA ANTONIO PACINOTTI;in corrispondenza;;del civico n.;18;;Investimento di pedone;;;;;;;;;;1;0;0;4;;;0;1;Autovettura privata;In marcia / fermata / arresto;Jeep;Renegade;Conducente;0;M;Illeso;0;;;
3601239;15;15/12/2017 17:00:00;;VIA ANTONIO PACINOTTI;in corrispondenza;;del civico n.;18;;Investimento di pedone;;;;;;;;;;1;0;0;4;;;0;1;Autovettura privata;In marcia / fermata / arresto;Jeep;Renegade;Passeggero;0;F;Illeso;0;;;
3601239;15;15/12/2017 17:00:00;;VIA ANTONIO PACINOTTI;in corrispondenza;;del civico n.;18;;Investimento di pedone;;;;;;;;;;1;0;0;4;;;0;1;Autovettura privata;In marcia / fermata / arresto;Jeep;Renegade;Passeggero;0;M;Illeso;0;;;
3601256;8;15/12/2017 08:20:00;Strada Urbana;VIA DI CASA CALDA;all'intersezione con;VIA DEI BALESTRUCCI;VIA DEI BALESTRUCCI;;;Investimento di pedone;Incrocio;Una carreggiata a doppio senso;Bagnato (pioggia);Asfaltata;Verticale ed orizzontale;Pioggia in atto;Normale;Sufficiente;Sufficiente;1;0;0;1;12,59311;41,87413;0;;;;;;Pedone;1954;F;Rimandato;0;NON DECEDUTO;;
3601256;8;15/12/2017 08:20:00;Strada Urbana;VIA DI CASA CALDA;all'intersezione con;VIA DEI BALESTRUCCI;VIA DEI BALESTRUCCI;;;Investimento di pedone;Incrocio;Una carreggiata a doppio senso;Bagnato (pioggia);Asfaltata;Verticale ed orizzontale;Pioggia in atto;Normale;Sufficiente;Sufficiente;1;0;0;1;12,59311;41,87413;0;1;Autovettura privata;In marcia / fermata / arresto;Fiat;Punto;Conducente;1971;M;Illeso;0;;Non accertato;Inesploso
3601258;11;15/12/2017 15:30:00;Strada Urbana;VIA CRISTOFORO COLOMBO;in prossimità;;del palo luce n.;45;;Scontro frontale/laterale DX fra veicoli in marcia;Rettilineo;Più di due carreggiate;Bagnato (pioggia);Asfaltata;Verticale ed orizzontale;Pioggia in atto;Intenso;Sufficiente;Ore Diurne;0;0;0;2;12,41155;41,78584;-1;1;Autovettura privata;In marcia / fermata / arresto;Fiat;Cinquecento;Conducente;1964;F;Illeso;0;;Non accertato;
3601258;11;15/12/2017 15:30:00;Strada Urbana;VIA CRISTOFORO COLOMBO;in prossimità;;del palo luce n.;45;;Scontro frontale/laterale DX fra veicoli in marcia;Rettilineo;Più di due carreggiate;Bagnato (pioggia);Asfaltata;Verticale ed orizzontale;Pioggia in atto;Intenso;Sufficiente;Ore Diurne;0;0;0;2;12,41155;41,78584;-1;2;Autovettura privata;In marcia / fermata / arresto;Ford;EcoSport;Conducente;1969;F;Illeso;0;;Non accertato;
3601266;8;15/12/2017 09:35:00;;VIA ALENDA;all'intersezione con;VIA JACOMO MAGNOLINO;VIA JACOMO MAGNOLINO;;;Scontro frontale/laterale DX fra veicoli in marcia;;;;;;;;;;0;0;0;2;12,60902;41,86025;0;1;Autovettura privata;In marcia / fermata / arresto;Toyota;Yaris;Conducente;1970;M;Illeso;0;;;
3601266;8;15/12/2017 09:35:00;;VIA ALENDA;all'intersezione con;VIA JACOMO MAGNOLINO;VIA JACOMO MAGNOLINO;;;Scontro frontale/laterale DX fra veicoli in marcia;;;;;;;;;;0;0;0;2;12,60902;41,86025;0;2;Autovettura privata;In marcia / fermata / arresto;Fiat;Seicento;Conducente;1945;M;Illeso;0;;;
3601267;8;15/12/2017 09:50:00;Strada Urbana;VIA AMICO ASPERTINI;all'intersezione con;VIA BATTISTA PANZERA;VIA BATTISTA PANZERA;;;Scontro frontale/laterale DX fra veicoli in marcia;Incrocio;Una carreggiata a doppio senso;Bagnato (pioggia);Asfaltata;Verticale ed orizzontale;Pioggia in atto;Normale;Sufficiente;Ore Diurne;3;0;0;0;12,62835;41,87455;0;1;Autovettura privata;In marcia / fermata / arresto;BMW;118D;Conducente;1982;M;Rimandato;0;NON DECEDUTO;Non accertato;Inesploso
3601267;8;15/12/2017 09:50:00;Strada Urbana;VIA AMICO ASPERTINI;all'intersezione con;VIA BATTISTA PANZERA;VIA BATTISTA PANZERA;;;Scontro frontale/laterale DX fra veicoli in marcia;Incrocio;Una carreggiata a doppio senso;Bagnato (pioggia);Asfaltata;Verticale ed orizzontale;Pioggia in atto;Normale;Sufficiente;Ore Diurne;3;0;0;0;12,62835;41,87455;0;2;Autovettura privata;In marcia / fermata / arresto;Opel;Corsa;Conducente;1953;M;Rimandato;0;NON DECEDUTO;Non accertato;Inesploso
3601267;8;15/12/2017 09:50:00;Strada Urbana;VIA AMICO ASPERTINI;all'intersezione con;VIA BATTISTA PANZERA;VIA BATTISTA PANZERA;;;Scontro frontale/laterale DX fra veicoli in marcia;Incrocio;Una carreggiata a doppio senso;Bagnato (pioggia);Asfaltata;Verticale ed orizzontale;Pioggia in atto;Normale;Sufficiente;Ore Diurne;3;0;0;0;12,62835;41,87455;0;2;Autovettura privata;In marcia / fermata / arresto;Opel;Corsa;Passeggero;1993;M;Rimandato;0;NON DECEDUTO;Non accertato;Inesploso
3601268;11;15/12/2017 15:50:00;Strada Urbana;VIA TEMISTOCLE CALZECCHI ONESTI;in corrispondenza;;del civico n.;30;;Tamponamento Multiplo;Rettilineo;Due carreggiate;Bagnato (pioggia);Asfaltata;Verticale ed orizzontale;Pioggia in atto;Intenso;Buona;Sufficiente;0;0;0;4;12,47292;41,85714;0;1;Autovettura privata;In marcia / fermata / arresto;Ford;Fiesta;Conducente;1974;F;Illeso;0;;Utilizzato;Inesploso
3601268;11;15/12/2017 15:50:00;Strada Urbana;VIA TEMISTOCLE CALZECCHI ONESTI;in corrispondenza;;del civico n.;30;;Tamponamento Multiplo;Rettilineo;Due carreggiate;Bagnato (pioggia);Asfaltata;Verticale ed orizzontale;Pioggia in atto;Intenso;Buona;Sufficiente;0;0;0;4;12,47292;41,85714;0;1;Autovettura privata;In marcia / fermata / arresto;Ford;Fiesta;Passeggero;1985;M;Illeso;0;;Non accertato;
3601268;11;15/12/2017 15:50:00;Strada Urbana;VIA TEMISTOCLE CALZECCHI ONESTI;in corrispondenza;;del civico n.;30;;Tamponamento Multiplo;Rettilineo;Due carreggiate;Bagnato (pioggia);Asfaltata;Verticale ed orizzontale;Pioggia in atto;Intenso;Buona;Sufficiente;0;0;0;4;12,47292;41,85714;0;2;Autovettura privata;Allontanatosi;Citroen;C 1;Conducente;1998;F;Illeso;0;;;
3601268;11;15/12/2017 15:50:00;Strada Urbana;VIA TEMISTOCLE CALZECCHI ONESTI;in corrispondenza;;del civico n.;30;;Tamponamento Multiplo;Rettilineo;Due carreggiate;Bagnato (pioggia);Asfaltata;Verticale ed orizzontale;Pioggia in atto;Intenso;Buona;Sufficiente;0;0;0;4;12,47292;41,85714;0;3;Autovettura privata;In marcia / fermata / arresto;Fiat;500 L;Conducente;1970;M;Illeso;0;;Non accertato;
3601270;8;15/12/2017 10:00:00;;VIA DI TOR VERGATA;all'intersezione semaforizzata con;VIA MARCELLO ALESSIO;VIA MARCELLO ALESSIO;;;Veicolo in marcia contro ostacolo fisso;;;;;;;;;;0;0;0;1;12,62501;41,84997;0;1;Autovettura privata;In marcia / fermata / arresto;Toyota;Yaris;Conducente;1997;M;Illeso;0;;;
3601271;8;15/12/2017 10:00:00;;VIA POLENSE;in corrispondenza;;della chilometrica;32.5;;Veicolo in marcia contro ostacolo accidentale;;;;;;;;;;0;0;0;1;12,70311;41,8955;0;1;Autocarro inferiore 35 q.;In marcia / fermata / arresto;Man;(ignoto);Conducente;1968;M;Illeso;0;;;
3601273;8;15/12/2017 12:30:00;Provinciale entro l'abitato;VIA PRENESTINA;in prossimità;;del civico n.;1178;;Tamponamento;Rettilineo;Una carreggiata a doppio senso;Bagnato (pioggia);Asfaltata;Verticale;Pioggia in atto;Intenso;Buona;Ore Diurne;1;0;0;1;12,62269;41,89275;0;1;Autovettura privata;In marcia / fermata / arresto;Opel;ADAM;Conducente;1991;M;Rimandato;0;NON DECEDUTO;Non accertato;Inesploso
3601273;8;15/12/2017 12:30:00;Provinciale entro l'abitato;VIA PRENESTINA;in prossimità;;del civico n.;1178;;Tamponamento;Rettilineo;Una carreggiata a doppio senso;Bagnato (pioggia);Asfaltata;Verticale;Pioggia in atto;Intenso;Buona;Ore Diurne;1;0;0;1;12,62269;41,89275;0;2;Autovettura privata;In marcia / fermata / arresto;Ford;Fiesta;Conducente;1970;M;Illeso;0;;Non accertato;Inesploso
3601274;8;15/12/2017 16:30:00;;VIA PUBLIO DE TOMMASI;da specificare;;;;SOTTO IL PONTE GRA;Scontro frontale/laterale SX fra veicoli in marcia;;;;;;;;;;0;0;0;3;12,61568;41,90992;0;1;Autovettura pubblica;In marcia / fermata / arresto;Mercedes;C220 CDI;Conducente;1975;;Illeso;0;;;
3601274;8;15/12/2017 16:30:00;;VIA PUBLIO DE TOMMASI;da specificare;;;;SOTTO IL PONTE GRA;Scontro frontale/laterale SX fra veicoli in marcia;;;;;;;;;;0;0;0;3;12,61568;41,90992;0;2;Autovettura privata;In marcia / fermata / arresto;Renault;Clio;Conducente;1999;M;Illeso;0;;;
3601274;8;15/12/2017 16:30:00;;VIA PUBLIO DE TOMMASI;da specificare;;;;SOTTO IL PONTE GRA;Scontro frontale/laterale SX fra veicoli in marcia;;;;;;;;;;0;0;0;3;12,61568;41,90992;0;2;Autovettura privata;In marcia / fermata / arresto;Renault;Clio;Passeggero;2000;F;Illeso;0;;Non accertato;Inesploso