Protocollo;Gruppo;DataOraIncidente;Localizzazione1;STRADA1;Localizzazione2;STRADA2;Strada02;Chilometrica;DaSpecificare;NaturaIncidente;particolaritastrade;TipoStrada;FondoStradale;Pavimentazione;Segnaletica;CondizioneAtmosferica;Traffico;Visibilita;Illuminazione;NUM_FERITI;NUM_RISERVATA;NUM_MORTI;NUM_ILLESI;Longitudine;Latitudine;Confermato;Progressivo;TipoVeicolo;StatoVeicolo;Marca;Modello;TipoPersona;AnnoNascita;Sesso;Tipolesione;Deceduto;DecedutoDopo;CinturaCascoUtilizzato;Airbag;
3601908;23;15/12/2017 14:53:00;Strada Urbana;VIALE AVENTINO;in prossimità;;del civico n.;7;;Veicolo in marcia contro veicolo in sosta;Rettilineo;Una carreggiata a senso unico di marcia;Bagnato (pioggia);Asfaltata;Verticale ed orizzontale;Pioggia in atto;Intenso;Sufficiente;Ore Diurne;0;0;0;4;12,48753;41,88287;-1;2;Autovettura privata;In marcia / fermata / arresto;Toyota;IQ;Passeggero;1967;F;Illeso;0;;Non accertato;Inesploso
3601908;23;15/12/2017 14:53:00;Strada Urbana;VIALE AVENTINO;in prossimità;;del civico n.;7;;Veicolo in marcia contro veicolo in sosta;Rettilineo;Una carreggiata a senso unico di marcia;Bagnato (pioggia);Asfaltata;Verticale ed orizzontale;Pioggia in atto;Intenso;Sufficiente;Ore Diurne;0;0;0;4;12,48753;41,88287;-1;2;Autovettura privata;In marcia / fermata / arresto;Toyota;IQ;Passeggero;2004;M;Illeso;0;;Non accertato;Inesploso
3601909;3;14/12/2017 20:10:00;;VIA ENRICO ELIA;da specificare;;;;ALTEZZA VIA DEI CAMPANI;Veicolo in marcia contro ostacolo fisso;;;;;;;;;;0;0;0;1;;;0;1;Autovettura di polizia;In marcia / fermata / arresto;Seat;Leon;Conducente;0;M;Illeso;0;;;
3601911;3;15/12/2017 02:00:00;Strada Urbana;VIA SUVERETO;all'intersezione semaforizzata con;VIA CALCINAIA;VIA CALCINAIA;;;Tamponamento;Intersezione semaforizzata;Due carreggiate;Bagnato (pioggia);Asfaltata;Verticale ed orizzontale;Nuvoloso;Scarso;Sufficiente;Sufficiente;0;0;0;2;;;0;1;Autovettura privata;In marcia / fermata / arresto;Fiat;Punto;Conducente;1993;M;Illeso;0;;Non accertato;Inesploso
3601911;3;15/12/2017 02:00:00;Strada Urbana;VIA SUVERETO;all'intersezione semaforizzata con;VIA CALCINAIA;VIA CALCINAIA;;;Tamponamento;Intersezione semaforizzata;Due carreggiate;Bagnato (pioggia);Asfaltata;Verticale ed orizzontale;Nuvoloso;Scarso;Sufficiente;Sufficiente;0;0;0;2;;;0;2;Autovettura privata;In marcia / fermata / arresto;BMW;520 D;Conducente;1975;M;Illeso;0;;Non accertato;Inesploso
3601940;20;16/12/2017 14:00:00;Strada Urbana;VIA DI VALLE MURICANA;in corrispondenza;;del civico n.;166;;Scontro frontale/laterale DX fra veicoli in marcia;Curva senza visuale libera;Una carreggiata a doppio senso;Bagnato (pioggia);Asfaltata;Verticale ed orizzontale;Sereno;Scarso;Buona;Ore Diurne;0;0;0;3;12,47781;42,01106;-1;1;Autovettura privata;In marcia / fermata / arresto;Alfa Romeo;Giulietta;Conducente;1952;M;Illeso;0;;Non accertato;Inesploso
3601940;20;16/12/2017 14:00:00;Strada Urbana;VIA DI VALLE MURICANA;in corrispondenza;;del civico n.;166;;Scontro frontale/laterale DX fra veicoli in marcia;Curva senza visuale libera;Una carreggiata a doppio senso;Bagnato (pioggia);Asfaltata;Verticale ed orizzontale;Sereno;Scarso;Buona;Ore Diurne;0;0;0;3;12,47781;42,01106;-1;1;Autovettura privata;In marcia / fermata / arresto;Alfa Romeo;Giulietta;Passeggero;1995;M;Illeso;0;;Non accertato;Inesploso
3601940;20;16/12/2017 14:00:00;Strada Urbana;VIA DI VALLE MURICANA;in corrispondenza;;del civico n.;166;;Scontro frontale/laterale DX fra veicoli in marcia;Curva senza visuale libera;Una carreggiata a doppio senso;Bagnato (pioggia);Asfaltata;Verticale ed orizzontale;Sereno;Scarso;Buona;Ore Diurne;0;0;0;3;12,47781;42,01106;-1;2;Autovettura privata;In marcia / fermata / arresto;Fiat;Seicento;Conducente;1995;M;Illeso;0;;Non accertato;Inesploso
3601989;19;16/12/2017 12:45:00;Strada Urbana;VIA DI SELVA CANDIDA;in prossimità;;del civico n.;401;;Tamponamento;Rettilineo;Una carreggiata a doppio senso;Asciutto;Asfaltata;Orizzontale;Nuvoloso;Scarso;Sufficiente;Ore Diurne;0;0;0;4;12,37924;41,94018;-1;1;Autocarro inferiore 35 q.;In marcia / fermata / arresto;Ford;Transit;Conducente;1987;M;Illeso;0;;;
3601989;19;16/12/2017 12:45:00;Strada Urbana;VIA DI SELVA CANDIDA;in prossimità;;del civico n.;401;;Tamponamento;Rettilineo;Una carreggiata a doppio senso;Asciutto;Asfaltata;Orizzontale;Nuvoloso;Scarso;Sufficiente;Ore Diurne;0;0;0;4;12,37924;41,94018;-1;2;Autovettura privata;In marcia / fermata / arresto;Ford;C - MAX;Conducente;1974;M;Illeso;0;;;
3601989;19;16/12/2017 12:45:00;Strada Urbana;VIA DI SELVA CANDIDA;in prossimità;;del civico n.;401;;Tamponamento;Rettilineo;Una carreggiata a doppio senso;Asciutto;Asfaltata;Orizzontale;Nuvoloso;Scarso;Sufficiente;Ore Diurne;0;0;0;4;12,37924;41,94018;-1;2;Autovettura privata;In marcia / fermata / arresto;Ford;C - MAX;Passeggero;1964;M;Illeso;0;;;
3601989;19;16/12/2017 12:45:00;Strada Urbana;VIA DI SELVA CANDIDA;in prossimità;;del civico n.;401;;Tamponamento;Rettilineo;Una carreggiata a doppio senso;Asciutto;Asfaltata;Orizzontale;Nuvoloso;Scarso;Sufficiente;Ore Diurne;0;0;0;4;12,37924;41,94018;-1;2;Autovettura privata;In marcia / fermata / arresto;Ford;C - MAX;Passeggero;1972;M;Illeso;0;;;
3602060;20;16/12/2017 14:50:00;Strada Urbana;VIA VINCENZO COMPARINI;all'intersezione con;VIA FRANCESCO TORFANINI;VIA FRANCESCO TORFANINI;;;Scontro frontale/laterale DX fra veicoli in marcia;Incrocio;Una carreggiata a senso unico di marcia;Asciutto;Asfaltata;Verticale ed orizzontale;Nuvoloso;Scarso;Buona;Ore Diurne;0;0;0;6;12,48387;41,99208;-1;1;Autovettura privata;In marcia / fermata / arresto;Mercedes;B 180 CDI;Conducente;1989;M;Illeso;0;;Non accertato;Inesploso
3602060;20;16/12/2017 14:50:00;Strada Urbana;VIA VINCENZO COMPARINI;all'intersezione con;VIA FRANCESCO TORFANINI;VIA FRANCESCO TORFANINI;;;Scontro frontale/laterale DX fra veicoli in marcia;Incrocio;Una carreggiata a senso unico di marcia;Asciutto;Asfaltata;Verticale ed orizzontale;Nuvoloso;Scarso;Buona;Ore Diurne;0;0;0;6;12,48387;41,99208;-1;2;Autovettura privata;In marcia / fermata / arresto;Fiat;Multipla;Conducente;1977;M;Illeso;0;;Non accertato;Inesploso
3602060;20;16/12/2017 14:50:00;Strada Urbana;VIA VINCENZO COMPARINI;all'intersezione con;VIA FRANCESCO TORFANINI;VIA FRANCESCO TORFANINI;;;Scontro frontale/laterale DX fra veicoli in marcia;Incrocio;Una carreggiata a senso unico di marcia;Asciutto;Asfaltata;Verticale ed orizzontale;Nuvoloso;Scarso;Buona;Ore Diurne;0;0;0;6;12,48387;41,99208;-1;2;Autovettura privata;In marcia / fermata / arresto;Fiat;Multipla;Passeggero;1971;M;Illeso;0;;Non accertato;Inesploso
3602060;20;16/12/2017 14:50:00;Strada Urbana;VIA VINCENZO COMPARINI;all'intersezione con;VIA FRANCESCO TORFANINI;VIA FRANCESCO TORFANINI;;;Scontro frontale/laterale DX fra veicoli in marcia;Incrocio;Una carreggiata a senso unico di marcia;Asciutto;Asfaltata;Verticale ed orizzontale;Nuvoloso;Scarso;Buona;Ore Diurne;0;0;0;6;12,48387;41,99208;-1;2;Autovettura privata;In marcia / fermata / arresto;Fiat;Multipla;Passeggero;2003;M;Illeso;0;;Non accertato;Inesploso
3602060;20;16/12/2017 14:50:00;Strada Urbana;VIA VINCENZO COMPARINI;all'intersezione con;VIA FRANCESCO TORFANINI;VIA FRANCESCO TORFANINI;;;Scontro frontale/laterale DX fra veicoli in marcia;Incrocio;Una carreggiata a senso unico di marcia;Asciutto;Asfaltata;Verticale ed orizzontale;Nuvoloso;Scarso;Buona;Ore Diurne;0;0;0;6;12,48387;41,99208;-1;2;Autovettura privata;In marcia / fermata / arresto;Fiat;Multipla;Passeggero;2008;F;Illeso;0;;Non utilizzato;Inesploso
3602060;20;16/12/2017 14:50:00;Strada Urbana;VIA VINCENZO COMPARINI;all'intersezione con;VIA FRANCESCO TORFANINI;VIA FRANCESCO TORFANINI;;;Scontro frontale/laterale DX fra veicoli in marcia;Incrocio;Una carreggiata a senso unico di marcia;Asciutto;Asfaltata;Verticale ed orizzontale;Nuvoloso;Scarso;Buona;Ore Diurne;0;0;0;6;12,48387;41,99208;-1;2;Autovettura privata;In marcia / fermata / arresto;Fiat;Multipla;Passeggero;2010;F;Illeso;0;;Non accertato;Inesploso
3602067;17;16/12/2017 15:15:00;Strada Urbana;VIA CIPRO;da specificare;;;;fronte civico 10;Tamponamento;Rettilineo;Due carreggiate;Bagnato (pioggia);Asfaltata;Verticale ed orizzontale;Nuvoloso;Normale;Buona;Ore Diurne;0;0;0;2;12,44674;41,90712;0;1;Autovettura privata;In marcia / fermata / arresto;Fiat-Lancia;delta;Conducente;1982;F;Illeso;0;;Non accertato;
3602067;17;16/12/2017 15:15:00;Strada Urbana;VIA CIPRO;da specificare;;;;fronte civico 10;Tamponamento;Rettilineo;Due carreggiate;Bagnato (pioggia);Asfaltata;Verticale ed orizzontale;Nuvoloso;Normale;Buona;Ore Diurne;0;0;0;2;12,44674;41,90712;0;2;Autovettura privata;In marcia / fermata / arresto;Renault;Clio;Conducente;1943;F;Illeso;0;;Non accertato;
3602103;17;15/12/2017 15:40:00;Strada Urbana;VIA CRESCENZIO;all'intersezione con;VIA PROPERZIO;VIA PROPERZIO;;;Scontro frontale/laterale DX fra veicoli in marcia;Intersezione stradale segnalata;Una carreggiata a doppio senso;Bagnato (pioggia);In cubetti di porfido;Verticale ed orizzontale;Pioggia in atto;Intenso;Sufficiente;Ore Diurne;0;0;0;2;12,46125;41,9059;0;1;Motociclo a solo;In marcia / fermata / arresto;Honda;Silver Wing;Conducente;1972;M;Illeso;0;;;
3602103;17;15/12/2017 15:40:00;Strada Urbana;VIA CRESCENZIO;all'intersezione con;VIA PROPERZIO;VIA PROPERZIO;;;Scontro frontale/laterale DX fra veicoli in marcia;Intersezione stradale segnalata;Una carreggiata a doppio senso;Bagnato (pioggia);In cubetti di porfido;Verticale ed orizzontale;Pioggia in atto;Intenso;Sufficiente;Ore Diurne;0;0;0;2;12,46125;41,9059;0;2;Autovettura privata;In marcia / fermata / arresto;Citroen;Cactus;Conducente;1939;M;Illeso;0;;;
3602142;17;15/12/2017 19:15:00;Strada Urbana;VIA SABOTINO;all'intersezione con;VIA FULCIERI PAULUCCI DE CALBOLI;VIA FULCIERI PAULUCCI DE CALBOLI;;;Scontro frontale/laterale SX fra veicoli in marcia;Incrocio;Due carreggiate;Bagnato (pioggia);Asfaltata;Verticale ed orizzontale;Pioggia in atto;Normale;Sufficiente;Insufficiente;0;0;0;2;12,46148;41,91654;0;1;Autovettura privata;In marcia / fermata / arresto;Lancia;Y;Conducente;1994;M;Illeso;0;;;
3602142;17;15/12/2017 19:15:00;Strada Urbana;VIA SABOTINO;all'intersezione con;VIA FULCIERI PAULUCCI DE CALBOLI;VIA FULCIERI PAULUCCI DE CALBOLI;;;Scontro frontale/laterale SX fra veicoli in marcia;Incrocio;Due carreggiate;Bagnato (pioggia);Asfaltata;Verticale ed orizzontale;Pioggia in atto;Normale;Sufficiente;Insufficiente;0;0;0;2;12,46148;41,91654;0;2;Autovettura privata;In marcia / fermata / arresto;Toyota;Corolla;Conducente;1957;M;Illeso;0;;;
3602150;2;16/12/2017 14:20:00;;VIALE XVII OLIMPIADE;all'intersezione con;VIA SVEZIA;VIA SVEZIA;;;Scontro frontale/laterale SX fra veicoli in marcia;;;;;;;;;;1;0;0;1;;;0;1;Autovettura privata;In marcia / fermata / arresto;Volkswagen;UP;Conducente;1981;F;Illeso;0;;Non accertato;Inesploso
3602150;2;16/12/2017 14:20:00;;VIALE XVII OLIMPIADE;all'intersezione con;VIA SVEZIA;VIA SVEZIA;;;Scontro frontale/laterale SX fra veicoli in marcia;;;;;;;;;;1;0;0;1;;;0;2;Quadriciclo leggero;In marcia / fermata / arresto;Simpa JDM;09Y2DB;Conducente;2000;M;Ricoverato;0;NON DECEDUTO;Non accertato;Inesploso
3602188;15;16/12/2017 17:20:00;Strada Urbana;VIA PORTUENSE;in corrispondenza;;del civico n.;333;;Scontro frontale/laterale SX fra veicoli in marcia;Rettilineo;Una carreggiata a doppio senso;Asciutto;Asfaltata;Orizzontale;Nuvoloso;Normale;Buona;Sufficiente;1;0;0;1;12,45945;41,86541;0;1;Autovettura privata;In marcia / fermata / arresto;Renault;Modus;Conducente;1996;M;Illeso;0;;;
3602188;15;16/12/2017 17:20:00;Strada Urbana;VIA PORTUENSE;in corrispondenza;;del civico n.;333;;Scontro frontale/laterale SX fra veicoli in marcia;Rettilineo;Una carreggiata a doppio senso;Asciutto;Asfaltata;Orizzontale;Nuvoloso;Normale;Buona;Sufficiente;1;0;0;1;12,45945;41,86541;0;2;Motociclo a solo;In marcia / fermata / arresto;Harley Davidson;883;Conducente;1989;M;Rimandato;0;NON DECEDUTO;Non accertato;
3602300;20;16/12/2017 18:15:00;Regionale entro l'abitato;VIA FLAMINIA;in corrispondenza;;della chilometrica;10.5;;Veicolo in marcia contro ostacolo accidentale;Rettilineo;Due carreggiate;Asciutto;Asfaltata;Verticale ed orizzontale;Nuvoloso;Normale;Sufficiente;Sufficiente;0;0;0;1;12,47183;41,94192;-1;1;Autovettura privata;In marcia / fermata / arresto;Mini;Cooper D;Conducente;1966;M;Illeso;0;;Non accertato;Inesploso
3602357;17;15/12/2017 16:55:00;Strada Urbana;PIAZZA BAINSIZZA;in prossimità;;del civico n.;1;;Investimento di pedone;Curva a visuale libera;Una carreggiata a senso unico di marcia;Bagnato (pioggia);Asfaltata;Orizzontale;Pioggia in atto;Normale;Sufficiente;Sufficiente;1;0;0;1;12,46094;41,91972;0;;;;;;Pedone;1986;M;Rimandato;0;NON DECEDUTO;;
3602357;17;15/12/2017 16:55:00;Strada Urbana;PIAZZA BAINSIZZA;in prossimità;;del civico n.;1;;Investimento di pedone;Curva a visuale libera;Una carreggiata a senso unico di marcia;Bagnato (pioggia);Asfaltata;Orizzontale;Pioggia in atto;Normale;Sufficiente;Sufficiente;1;0;0;1;12,46094;41,91972;0;1;Autovettura privata;In marcia / fermata / arresto;Peugeot;206;Conducente;1967;M;Illeso;0;;;
3602383;17;15/12/2017 20:30:00;Strada Urbana;VIA LUIGI SETTEMBRINI;in prossimità;;del civico n.;21;;Veicolo in marcia contro veicolo fermo;Rettilineo;Due carreggiate;Bagnato (pioggia);Asfaltata;Verticale ed orizzontale;Nuvoloso;Normale;Sufficiente;Sufficiente;0;0;0;3;12,46598;41,91511;0;1;Motociclo a solo;In marcia / fermata / arresto;Honda;FJS 400;Conducente;1959;M;Illeso;0;;;
3602383;17;15/12/2017 20:30:00;Strada Urbana;VIA LUIGI SETTEMBRINI;in prossimità;;del civico n.;21;;Veicolo in marcia contro veicolo fermo;Rettilineo;Due carreggiate;Bagnato (pioggia);Asfaltata;Verticale ed orizzontale;Nuvoloso;Normale;Sufficiente;Sufficiente;0;0;0;3;12,46598;41,91511;0;2;Autovettura privata;In marcia / fermata / arresto;Toyota;Aygo;Conducente;1946;M;Illeso;0;;;
3602383;17;15/12/2017 20:30:00;Strada Urbana;VIA LUIGI SETTEMBRINI;in prossimità;;del civico n.;21;;Veicolo in marcia contro veicolo fermo;Rettilineo;Due carreggiate;Bagnato (pioggia);Asfaltata;Verticale ed orizzontale;Nuvoloso;Normale;Sufficiente;Sufficiente;0;0;0;3;12,46598;41,91511;0;2;Autovettura privata;In marcia / fermata / arresto;Toyota;Aygo;Passeggero;1951;M;Illeso;0;;;Inesploso
3602396;15;16/12/2017 14:50:00;;VIA PIAN DUE TORRI;all'intersezione con;VIA LARI;VIA LARI;;;Scontro frontale/laterale SX fra veicoli in marcia;;;;;;;;;;0;0;0;2;;;0;1;Autocarro inferiore 35 q.;In marcia / fermata / arresto;Nissan;CAB STAR;Conducente;0;M;Illeso;0;;;
3602396;15;16/12/2017 14:50:00;;VIA PIAN DUE TORRI;all'intersezione con;VIA LARI;VIA LARI;;;Scontro frontale/laterale SX fra veicoli in marcia;;;;;;;;;;0;0;0;2;;;0;2;Autovettura privata;In marcia / fermata / arresto;Kia;Rio;Conducente;0;F;Illeso;0;;;
3602398;17;15/12/2017 21:50:00;Strada Urbana;CIRCONVALLAZIONE TRIONFALE;all'intersezione con;VIA GIOVANNI BOVIO;VIA GIOVANNI BOVIO;;;Tamponamento;Intersezione non regolata/non segnalata;Due carreggiate;Bagnato (pioggia);Asfaltata;Verticale ed orizzontale;Nuvoloso;Scarso;Sufficiente;Sufficiente;1;0;0;2;12,45033;41,91284;0;1;Autovettura privata;In marcia / fermata / arresto;Fiat;Punto;Conducente;1985;M;Illeso;0;;;Inesploso
3602398;17;15/12/2017 21:50:00;Strada Urbana;CIRCONVALLAZIONE TRIONFALE;all'intersezione con;VIA GIOVANNI BOVIO;VIA GIOVANNI BOVIO;;;Tamponamento;Intersezione non regolata/non segnalata;Due carreggiate;Bagnato (pioggia);Asfaltata;Verticale ed orizzontale;Nuvoloso;Scarso;Sufficiente;Sufficiente;1;0;0;2;12,45033;41,91284;0;1;Autovettura privata;In marcia / fermata / arresto;Fiat;Punto;Passeggero;1990;F;Illeso;0;;;
3602398;17;15/12/2017 21:50:00;Strada Urbana;CIRCONVALLAZIONE TRIONFALE;all'intersezione con;VIA GIOVANNI BOVIO;VIA GIOVANNI BOVIO;;;Tamponamento;Intersezione non regolata/non segnalata;Due carreggiate;Bagnato (pioggia);Asfaltata;Verticale ed orizzontale;Nuvoloso;Scarso;Sufficiente;Sufficiente;1;0;0;2;12,45033;41,91284;0;2;Motociclo a solo;In marcia / fermata / arresto;S.Y.M.;Symphony;Conducente;1995;M;Rimandato;0;NON DECEDUTO;;
3602737;13;16/12/2017 17:35:00;;VIA DOBBIACO;all'intersezione con;VIA CIMA VALLONA;VIA CIMA VALLONA;;;Scontro frontale/laterale SX fra veicoli in marcia;;;;;;;;;;0;0;0;3;;;0;1;Autovettura privata;In marcia / fermata / arresto;Nissan;Micra;Conducente;1971;F;Illeso;0;;Non accertato;Inesploso
3602737;13;16/12/2017 17:35:00;;VIA DOBBIACO;all'intersezione con;VIA CIMA VALLONA;VIA CIMA VALLONA;;;Scontro frontale/laterale SX fra veicoli in marcia;;;;;;;;;;0;0;0;3;;;0;1;Autovettura privata;In marcia / fermata / arresto;Nissan;Micra;Passeggero;1965;F;Illeso;0;;Non accertato;
3602737;13;16/12/2017 17:35:00;;VIA DOBBIACO;all'intersezione con;VIA CIMA VALLONA;VIA CIMA VALLONA;;;Scontro frontale/laterale SX fra veicoli in marcia;;;;;;;;;;0;0;0;3;;;0;2;Autovettura privata;In marcia / fermata / arresto;Peugeot;106;Conducente;1979;M;Illeso;0;;Non accertato;
3602743;6;16/12/2017 12:50:00;Strada Urbana;VIA PRENESTINA;all'intersezione con;VIA BELLEGRA;VIA BELLEGRA;;;Scontro laterale fra veicoli in marcia;Incrocio;Più di due carreggiate;Asciutto;Asfaltata;Orizzontale;Nuvoloso;Scarso;Buona;Ore Diurne;0;0;0;2;12,5564;41,89431;-1;1;Autovettura privata;In marcia / fermata / arresto;Ford;Fiesta;Conducente;1957;F;Illeso;0;;;
3602743;6;16/12/2017 12:50:00;Strada Urbana;VIA PRENESTINA;all'intersezione con;VIA BELLEGRA;VIA BELLEGRA;;;Scontro laterale fra veicoli in marcia;Incrocio;Più di due carreggiate;Asciutto;Asfaltata;Orizzontale;Nuvoloso;Scarso;Buona;Ore Diurne;0;0;0;2;12,5564;41,89431;-1;2;Autovettura privata;In marcia / fermata / arresto;Daewoo;Matiz;Conducente;1972;F;Illeso;0;;;
3602750;6;16/12/2017 15:10:00;Strada Urbana;VIA PRENESTINA;in corrispondenza;;del civico n.;23;;Scontro laterale fra veicoli in marcia;Rettilineo;Più di due carreggiate;Asciutto;Asfaltata;Verticale ed orizzontale;Nuvoloso;Normale;Buona;Ore Diurne;0;0;0;2;12,51819;41,89163;-1;1;Autovettura privata;In marcia / fermata / arresto;Subaru;Forester;Conducente;1963;M;Illeso;0;;;
3602750;6;16/12/2017 15:10:00;Strada Urbana;VIA PRENESTINA;in corrispondenza;;del civico n.;23;;Scontro laterale fra veicoli in marcia;Rettilineo;Più di due carreggiate;Asciutto;Asfaltata;Verticale ed orizzontale;Nuvoloso;Normale;Buona;Ore Diurne;0;0;0;2;12,51819;41,89163;-1;2;Autovettura privata;In marcia / fermata / arresto;Toyota;Yaris;Conducente;1989;M;Illeso;0;;;
3602755;13;17/12/2017 01:05:00;Strada Urbana;VIA CARLO DEL GRECO;in corrispondenza;;del civico n.;69;;Veicolo in marcia contro ostacolo accidentale;Rettilineo;Due carreggiate;Bagnato (umidità in atto);Asfaltata;Verticale;Nuvoloso;Scarso;Sufficiente;Sufficiente;0;0;0;3;12,29063;41,73411;0;1;Autovettura di polizia;In marcia / fermata / arresto;Lancia;Delta;Conducente;1977;M;Illeso;0;;Non accertato;Inesploso
3602755;13;17/12/2017 01:05:00;Strada Urbana;VIA CARLO DEL GRECO;in corrispondenza;;del civico n.;69;;Veicolo in marcia contro ostacolo accidentale;Rettilineo;Due carreggiate;Bagnato (umidità in atto);Asfaltata;Verticale;Nuvoloso;Scarso;Sufficiente;Sufficiente;0;0;0;3;12,29063;41,73411;0;1;Autovettura di polizia;In marcia / fermata / arresto;Lancia;Delta;Passeggero;1960;F;Illeso;0;;Non accertato;
3602755;13;17/12/2017 01:05:00;Strada Urbana;VIA CARLO DEL GRECO;in corrispondenza;;del civico n.;69;;Veicolo in marcia contro ostacolo accidentale;Rettilineo;Due carreggiate;Bagnato (umidità in atto);Asfaltata;Verticale;Nuvoloso;Scarso;Sufficiente;Sufficiente;0;0;0;3;12,29063;41,73411;0;1;Autovettura di polizia;In marcia / fermata / arresto;Lancia;Delta;Passeggero;1976;M;Illeso;0;;Non accertato;
3602766;13;16/12/2017 11:30:00;;VIALE VASCO DE GAMA;in corrispondenza;;del civico n.;19;;Scontro laterale fra veicoli in marcia;;;;;;;;;;0;0;0;2;;;0;1;Autovettura privata;In marcia / fermata / arresto;Fiat-Lancia;YPSILON;Conducente;1978;M;Illeso;0;;Non accertato;
3602766;13;16/12/2017 11:30:00;;VIALE VASCO DE GAMA;in corrispondenza;;del civico n.;19;;Scontro laterale fra veicoli in marcia;;;;;;;;;;0;0;0;2;;;0;2;Autovettura privata;In marcia / fermata / arresto;Citroen;DS;Conducente;1986;M;Illeso;0;;Non accertato;
3602779;10;16/12/2017 13:00:00;;VIA DEL CASALE FERRANTI;all'intersezione con;VIA ALBERTO BURRI;VIA ALBERTO BURRI;;;Scontro frontale fra veicoli in marcia;;;;;;;;;;2;0;0;2;;;0;1;Autovettura privata;In marcia / fermata / arresto;Ford;Fiesta;Conducente;1961;F;Rimandato;0;NON DECEDUTO;;
3602779;10;16/12/2017 13:00:00;;VIA DEL CASALE FERRANTI;all'intersezione con;VIA ALBERTO BURRI;VIA ALBERTO BURRI;;;Scontro frontale fra veicoli in marcia;;;;;;;;;;2;0;0;2;;;0;1;Autovettura privata;In marcia / fermata / arresto;Ford;Fiesta;Passeggero;1939;F;Rimandato;0;NON DECEDUTO;;
3602779;10;16/12/2017 13:00:00;;VIA DEL CASALE FERRANTI;all'intersezione con;VIA ALBERTO BURRI;VIA ALBERTO BURRI;;;Scontro frontale fra veicoli in marcia;;;;;;;;;;2;0;0;2;;;0;1;Autovettura privata;In marcia / fermata / arresto;Ford;Fiesta;Passeggero;1995;F;Illeso;0;;;
3602779;10;16/12/2017 13:00:00;;VIA DEL CASALE FERRANTI;all'intersezione con;VIA ALBERTO BURRI;VIA ALBERTO BURRI;;;Scontro frontale fra veicoli in marcia;;;;;;;;;;2;0;0;2;;;0;2;Autovettura privata;In marcia / fermata / arresto;Volkswagen;Golf;Conducente;1988;M;Illeso;0;;;
3602787;10;16/12/2017 17:00:00;;VIA APPIA NUOVA;da specificare;;;;km. 15,900 direzione Roma centro;Tamponamento Multiplo;;;;;;;;;;0;0;0;9;;;0;1;Autovettura privata;In marcia / fermata / arresto;Ford;S - MAX;Conducente;1982;M;Illeso;0;;;
3602787;10;16/12/2017 17:00:00;;VIA APPIA NUOVA;da specificare;;;;km. 15,900 direzione Roma centro;Tamponamento Multiplo;;;;;;;;;;0;0;0;9;;;0;1;Autovettura privata;In marcia / fermata / arresto;Ford;S - MAX;Passeggero;0;F;Illeso;0;;;
3602787;10;16/12/2017 17:00:00;;VIA APPIA NUOVA;da specificare;;;;km. 15,900 direzione Roma centro;Tamponamento Multiplo;;;;;;;;;;0;0;0;9;;;0;1;Autovettura privata;In marcia / fermata / arresto;Ford;S - MAX;Passeggero;2013;F;Illeso;0;;;
3602787;10;16/12/2017 17:00:00;;VIA APPIA NUOVA;da specificare;;;;km. 15,900 direzione Roma centro;Tamponamento Multiplo;;;;;;;;;;0;0;0;9;;;0;1;Autovettura privata;In marcia / fermata / arresto;Ford;S - MAX;Passeggero;2016;M;Illeso;0;;;
3602787;10;16/12/2017 17:00:00;;VIA APPIA NUOVA;da specificare;;;;km. 15,900 direzione Roma centro;Tamponamento Multiplo;;;;;;;;;;0;0;0;9;;;0;1;Autovettura privata;In marcia / fermata / arresto;Ford;S - MAX;Passeggero;2017;F;Illeso;0;;;
3602787;10;16/12/2017 17:00:00;;VIA APPIA NUOVA;da specificare;;;;km. 15,900 direzione Roma centro;Tamponamento Multiplo;;;;;;;;;;0;0;0;9;;;0;2;Autovettura privata;In marcia / fermata / arresto;Mercedes;A 160;Conducente;1938;F;Illeso;0;;;
3602787;10;16/12/2017 17:00:00;;VIA APPIA NUOVA;da specificare;;;;km. 15,900 direzione Roma centro;Tamponamento Multiplo;;;;;;;;;;0;0;0;9;;;0;3;Autovettura privata;In marcia / fermata / arresto;Ford;Focus;Conducente;1947;F;Illeso;0;;;
3602787;10;16/12/2017 17:00:00;;VIA APPIA NUOVA;da specificare;;;;km. 15,900 direzione Roma centro;Tamponamento Multiplo;;;;;;;;;;0;0;0;9;;;0;4;Autovettura privata;In marcia / fermata / arresto;Nissan;QASHQAI;Conducente;1966;M;Illeso;0;;;
3602787;10;16/12/2017 17:00:00;;VIA APPIA NUOVA;da specificare;;;;km. 15,900 direzione Roma centro;Tamponamento Multiplo;;;;;;;;;;0;0;0;9;;;0;4;Autovettura privata;In marcia / fermata / arresto;Nissan;QASHQAI;Passeggero;1999;M;Illeso;0;;;
3602788;13;16/12/2017 05:40:00;;VIA TANCREDI CHIARALUCE;in prossimità;;del civico n.;281;;Fuoriuscita dalla sede stradale;;;;;;;;;;0;0;0;1;;;0;1;Autovettura privata;In marcia / fermata / arresto;Dacia;Sandero;Conducente;1983;F;Illeso;0;;Non accertato;Esploso
3602811;13;16/12/2017 15:00:00;;VIA DI SAPONARA;in prossimità;;del civico n.;709;;Scontro frontale/laterale DX fra veicoli in marcia;;;;;;;;;;0;0;0;3;;;0;1;Autovettura privata;In marcia / fermata / arresto;Daimler;Mercedes A 170;Conducente;1996;M;Illeso;0;;Non accertato;Esploso