Protocollo;Gruppo;DataOraIncidente;Localizzazione1;STRADA1;Localizzazione2;STRADA2;Strada02;Chilometrica;DaSpecificare;NaturaIncidente;particolaritastrade;TipoStrada;FondoStradale;Pavimentazione;Segnaletica;CondizioneAtmosferica;Traffico;Visibilita;Illuminazione;NUM_FERITI;NUM_RISERVATA;NUM_MORTI;NUM_ILLESI;Longitudine;Latitudine;Confermato;Progressivo;TipoVeicolo;StatoVeicolo;Marca;Modello;TipoPersona;AnnoNascita;Sesso;Tipolesione;Deceduto;DecedutoDopo;CinturaCascoUtilizzato;Airbag;
3603995;19;17/12/2017 23:40:00;Strada Urbana;VIA DI TORREVECCHIA;in prossimità;;del civico n.;42;;Scontro frontale fra veicoli in marcia;Rettilineo;Una carreggiata a doppio senso;Asciutto;Asfaltata;Assente;Sereno;Scarso;Buona;Sufficiente;0;0;0;4;12,42212;41,93614;0;2;Autovettura privata;In marcia / fermata / arresto;Hyundai;Matrix;Conducente;1954;M;Illeso;0;;Non accertato;Inesploso
3603996;7;16/12/2017 18:15:00;;VIA DI TOR TRE TESTE;in prossimità;;del palo luce n.;101/102;;Veicolo in marcia contro ostacolo accidentale;;;;;;;;;;0;0;0;2;;;0;1;Autovettura privata;In marcia / fermata / arresto;Citroen;C 3;Conducente;1992;F;Illeso;0;;Non accertato;Inesploso
3603996;7;16/12/2017 18:15:00;;VIA DI TOR TRE TESTE;in prossimità;;del palo luce n.;101/102;;Veicolo in marcia contro ostacolo accidentale;;;;;;;;;;0;0;0;2;;;0;1;Autovettura privata;In marcia / fermata / arresto;Citroen;C 3;Passeggero;1967;F;Illeso;0;;Non accertato;Inesploso
3603997;8;17/12/2017 15:30:00;;VIA PRENESTINA;da specificare;;;;150 m da "Istituto Agrario SERENI";Veicolo in marcia contro ostacolo accidentale;;;;;;;;;;0;0;0;1;12,61059;41,89346;0;1;Autovettura privata;In marcia / fermata / arresto;Opel;Corsa;Conducente;1978;F;Illeso;0;;Non accertato;Inesploso
3603999;8;17/12/2017 15:40:00;Provinciale entro l'abitato;VIA PRENESTINA;all'intersezione con;VIA PATERNOPOLI;VIA PATERNOPOLI;;;Scontro frontale/laterale DX fra veicoli in marcia;Intersezione stradale segnalata;Una carreggiata a doppio senso;Asciutto;Asfaltata;Verticale ed orizzontale;Sereno;Intenso;Buona;Ore Diurne;1;0;0;3;12,63355;41,89261;0;1;Autovettura privata;In marcia / fermata / arresto;Ford;Fiesta;Conducente;1968;M;Illeso;0;;Non accertato;Inesploso
3603999;8;17/12/2017 15:40:00;Provinciale entro l'abitato;VIA PRENESTINA;all'intersezione con;VIA PATERNOPOLI;VIA PATERNOPOLI;;;Scontro frontale/laterale DX fra veicoli in marcia;Intersezione stradale segnalata;Una carreggiata a doppio senso;Asciutto;Asfaltata;Verticale ed orizzontale;Sereno;Intenso;Buona;Ore Diurne;1;0;0;3;12,63355;41,89261;0;2;Autovettura privata;In marcia / fermata / arresto;Volkswagen;Golf;Conducente;1988;M;Illeso;0;;Non accertato;Esploso
3603999;8;17/12/2017 15:40:00;Provinciale entro l'abitato;VIA PRENESTINA;all'intersezione con;VIA PATERNOPOLI;VIA PATERNOPOLI;;;Scontro frontale/laterale DX fra veicoli in marcia;Intersezione stradale segnalata;Una carreggiata a doppio senso;Asciutto;Asfaltata;Verticale ed orizzontale;Sereno;Intenso;Buona;Ore Diurne;1;0;0;3;12,63355;41,89261;0;2;Autovettura privata;In marcia / fermata / arresto;Volkswagen;Golf;Passeggero;1998;F;Illeso;0;;;
3603999;8;17/12/2017 15:40:00;Provinciale entro l'abitato;VIA PRENESTINA;all'intersezione con;VIA PATERNOPOLI;VIA PATERNOPOLI;;;Scontro frontale/laterale DX fra veicoli in marcia;Intersezione stradale segnalata;Una carreggiata a doppio senso;Asciutto;Asfaltata;Verticale ed orizzontale;Sereno;Intenso;Buona;Ore Diurne;1;0;0;3;12,63355;41,89261;0;2;Autovettura privata;In marcia / fermata / arresto;Volkswagen;Golf;Passeggero;2017;F;Rimandato;0;NON DECEDUTO;;
3604001;8;16/12/2017 09:10:00;Strada Urbana;VIA DEL PADIGLIONE;all'intersezione con;VIA DI PRATAPORCI;VIA DI PRATAPORCI;;;Scontro frontale/laterale SX fra veicoli in marcia;Incrocio;Una carreggiata a doppio senso;Asciutto;Asfaltata;Verticale;Nuvoloso;Normale;Buona;Ore Diurne;0;0;0;2;12,68455;41,85441;-1;1;Autovettura privata;In marcia / fermata / arresto;BMW;316;Conducente;1970;M;Illeso;0;;Non accertato;Inesploso
3604001;8;16/12/2017 09:10:00;Strada Urbana;VIA DEL PADIGLIONE;all'intersezione con;VIA DI PRATAPORCI;VIA DI PRATAPORCI;;;Scontro frontale/laterale SX fra veicoli in marcia;Incrocio;Una carreggiata a doppio senso;Asciutto;Asfaltata;Verticale;Nuvoloso;Normale;Buona;Ore Diurne;0;0;0;2;12,68455;41,85441;-1;2;Autovettura privata;In marcia / fermata / arresto;Renault;Captur;Conducente;1988;M;Illeso;0;;Non accertato;Inesploso
3604011;18;15/12/2017 20:05:00;Strada Urbana;VIA DI BOCCEA;da specificare;;;;PROSSIMITA' CIVICO 478;Veicolo in marcia contro ostacolo accidentale;Rettilineo;Due carreggiate;Bagnato (pioggia);Asfaltata;Verticale ed orizzontale;Pioggia in atto;Normale;Sufficiente;Sufficiente;0;0;0;1;12,39091;41,91292;0;1;Autovettura privata;In marcia / fermata / arresto;Opel;Corsa;Conducente;1996;M;Illeso;0;;;
3604012;7;16/12/2017 18:20:00;;VIA DI TOR TRE TESTE;in prossimità;;del palo luce n.;101/102;;Veicolo in marcia contro ostacolo accidentale;;;;;;;;;;0;0;0;2;;;0;1;Autovettura privata;In marcia / fermata / arresto;Ford;Focus;Conducente;1966;M;Illeso;0;;Non accertato;Inesploso
3604012;7;16/12/2017 18:20:00;;VIA DI TOR TRE TESTE;in prossimità;;del palo luce n.;101/102;;Veicolo in marcia contro ostacolo accidentale;;;;;;;;;;0;0;0;2;;;0;1;Autovettura privata;In marcia / fermata / arresto;Ford;Focus;Passeggero;2009;M;Illeso;0;;Non accertato;Inesploso
3604015;8;16/12/2017 05:00:00;;VIA DEI COLOMBI;in corrispondenza;;del civico n.;148;;Scontro frontale/laterale DX fra veicoli in marcia;;;;;;;;;;1;0;0;3;12,59458;41,87312;0;1;Autovettura privata;In marcia / fermata / arresto;Toyota;Rav 4;Conducente;1988;M;Illeso;0;;Non accertato;Inesploso
3604015;8;16/12/2017 05:00:00;;VIA DEI COLOMBI;in corrispondenza;;del civico n.;148;;Scontro frontale/laterale DX fra veicoli in marcia;;;;;;;;;;1;0;0;3;12,59458;41,87312;0;1;Autovettura privata;In marcia / fermata / arresto;Toyota;Rav 4;Passeggero;1996;M;Illeso;0;;Non accertato;Inesploso
3604015;8;16/12/2017 05:00:00;;VIA DEI COLOMBI;in corrispondenza;;del civico n.;148;;Scontro frontale/laterale DX fra veicoli in marcia;;;;;;;;;;1;0;0;3;12,59458;41,87312;0;1;Autovettura privata;In marcia / fermata / arresto;Toyota;Rav 4;Passeggero;1998;M;Illeso;0;;Non accertato;Inesploso
3604015;8;16/12/2017 05:00:00;;VIA DEI COLOMBI;in corrispondenza;;del civico n.;148;;Scontro frontale/laterale DX fra veicoli in marcia;;;;;;;;;;1;0;0;3;12,59458;41,87312;0;2;Autovettura privata;In marcia / fermata / arresto;Lancia;Ypsilon;Conducente;1976;M;Rifiuta cure immediate;0;NON DECEDUTO;Non accertato;Inesploso
3604016;7;16/12/2017 11:20:00;Strada Urbana;VIA DEI CASTANI;in corrispondenza;;del civico n.;124;;Scontro frontale/laterale DX fra veicoli in marcia;Rettilineo;Una carreggiata a doppio senso;Asciutto;Asfaltata;Verticale ed orizzontale;Sereno;Intenso;Sufficiente;Ore Diurne;1;0;0;1;12,56695;41,88383;0;1;Motociclo a solo;In marcia / fermata / arresto;Piaggio;Beverly;Conducente;1964;M;Ricoverato;0;NON DECEDUTO;Non accertato;
3604016;7;16/12/2017 11:20:00;Strada Urbana;VIA DEI CASTANI;in corrispondenza;;del civico n.;124;;Scontro frontale/laterale DX fra veicoli in marcia;Rettilineo;Una carreggiata a doppio senso;Asciutto;Asfaltata;Verticale ed orizzontale;Sereno;Intenso;Sufficiente;Ore Diurne;1;0;0;1;12,56695;41,88383;0;2;Autovettura privata;In marcia / fermata / arresto;Renault;Megane;Conducente;1975;M;Illeso;0;;Non accertato;Inesploso
3604022;18;15/12/2017 20:00:00;Strada Urbana;VIA DI BOCCEA;da specificare;;;;PROSSIMITA' CIVICO 478;Veicolo in marcia contro ostacolo accidentale;Rettilineo;Due carreggiate;Bagnato (pioggia);Asfaltata;Verticale ed orizzontale;Pioggia in atto;Normale;Sufficiente;Sufficiente;0;0;0;2;;;0;1;Autovettura privata;In marcia / fermata / arresto;Toyota;Yaris;Conducente;1971;M;Illeso;0;;;
3604022;18;15/12/2017 20:00:00;Strada Urbana;VIA DI BOCCEA;da specificare;;;;PROSSIMITA' CIVICO 478;Veicolo in marcia contro ostacolo accidentale;Rettilineo;Due carreggiate;Bagnato (pioggia);Asfaltata;Verticale ed orizzontale;Pioggia in atto;Normale;Sufficiente;Sufficiente;0;0;0;2;;;0;1;Autovettura privata;In marcia / fermata / arresto;Toyota;Yaris;Passeggero;1978;F;Illeso;0;;;
3604025;8;16/12/2017 15:30:00;Strada Urbana;VIA DELL'AQUILA REALE;in prossimità;;del civico n.;24;;Scontro frontale/laterale SX fra veicoli in marcia;Rettilineo;Una carreggiata a doppio senso;Asciutto;Asfaltata;Orizzontale;Nuvoloso;Normale;Buona;Ore Diurne;0;0;0;4;12,59619;41,86549;-1;1;Autovettura privata;In marcia / fermata / arresto;BMW;X5;Conducente;1971;F;Illeso;0;;;Inesploso
3604025;8;16/12/2017 15:30:00;Strada Urbana;VIA DELL'AQUILA REALE;in prossimità;;del civico n.;24;;Scontro frontale/laterale SX fra veicoli in marcia;Rettilineo;Una carreggiata a doppio senso;Asciutto;Asfaltata;Orizzontale;Nuvoloso;Normale;Buona;Ore Diurne;0;0;0;4;12,59619;41,86549;-1;2;Autocarro inferiore 35 q.;In marcia / fermata / arresto; Mercedes ;Vito;Conducente;1963;M;Illeso;0;;;
3604025;8;16/12/2017 15:30:00;Strada Urbana;VIA DELL'AQUILA REALE;in prossimità;;del civico n.;24;;Scontro frontale/laterale SX fra veicoli in marcia;Rettilineo;Una carreggiata a doppio senso;Asciutto;Asfaltata;Orizzontale;Nuvoloso;Normale;Buona;Ore Diurne;0;0;0;4;12,59619;41,86549;-1;2;Autocarro inferiore 35 q.;In marcia / fermata / arresto; Mercedes ;Vito;Passeggero;1967;M;Illeso;0;;Non accertato;Inesploso
3604025;8;16/12/2017 15:30:00;Strada Urbana;VIA DELL'AQUILA REALE;in prossimità;;del civico n.;24;;Scontro frontale/laterale SX fra veicoli in marcia;Rettilineo;Una carreggiata a doppio senso;Asciutto;Asfaltata;Orizzontale;Nuvoloso;Normale;Buona;Ore Diurne;0;0;0;4;12,59619;41,86549;-1;2;Autocarro inferiore 35 q.;In marcia / fermata / arresto; Mercedes ;Vito;Passeggero;1968;M;Illeso;0;;;
3604030;8;16/12/2017 21:30:00;Strada Urbana;VIA CASINA;in corrispondenza;;del civico n.;1888/D;;Tamponamento Multiplo;Rettilineo;Una carreggiata a doppio senso;Bagnato (umidità in atto);Asfaltata;Orizzontale;Sereno;Normale;Sufficiente;Sufficiente;0;0;0;4;12,49637;41,90278;-1;1;Autovettura privata;In marcia / fermata / arresto;Fiat;Punto;Conducente;1973;M;Illeso;0;;Non accertato;Inesploso
3604030;8;16/12/2017 21:30:00;Strada Urbana;VIA CASINA;in corrispondenza;;del civico n.;1888/D;;Tamponamento Multiplo;Rettilineo;Una carreggiata a doppio senso;Bagnato (umidità in atto);Asfaltata;Orizzontale;Sereno;Normale;Sufficiente;Sufficiente;0;0;0;4;12,49637;41,90278;-1;2;Autovettura privata;In marcia / fermata / arresto;Renault;Scenic;Conducente;1971;M;Illeso;0;;Non accertato;Inesistente
3604030;8;16/12/2017 21:30:00;Strada Urbana;VIA CASINA;in corrispondenza;;del civico n.;1888/D;;Tamponamento Multiplo;Rettilineo;Una carreggiata a doppio senso;Bagnato (umidità in atto);Asfaltata;Orizzontale;Sereno;Normale;Sufficiente;Sufficiente;0;0;0;4;12,49637;41,90278;-1;2;Autovettura privata;In marcia / fermata / arresto;Renault;Scenic;Passeggero;1971;F;Illeso;0;;Non accertato;Inesploso
3604030;8;16/12/2017 21:30:00;Strada Urbana;VIA CASINA;in corrispondenza;;del civico n.;1888/D;;Tamponamento Multiplo;Rettilineo;Una carreggiata a doppio senso;Bagnato (umidità in atto);Asfaltata;Orizzontale;Sereno;Normale;Sufficiente;Sufficiente;0;0;0;4;12,49637;41,90278;-1;3;Autovettura privata;In marcia / fermata / arresto;Ford;Focus;Conducente;1968;M;Illeso;0;;Non accertato;Inesploso
3604034;19;16/12/2017 20:00:00;Strada Urbana;VIA DI TORREVECCHIA;in corrispondenza;;del civico n.;83;;Investimento di pedone;Rettilineo;Una carreggiata a doppio senso;Bagnato (pioggia);Asfaltata;Orizzontale;Pioggia in atto;Normale;Buona;Sufficiente;1;0;0;1;;;0;;;;;;Pedone;1944;F;Ricoverato;0;NON DECEDUTO;;
3604034;19;16/12/2017 20:00:00;Strada Urbana;VIA DI TORREVECCHIA;in corrispondenza;;del civico n.;83;;Investimento di pedone;Rettilineo;Una carreggiata a doppio senso;Bagnato (pioggia);Asfaltata;Orizzontale;Pioggia in atto;Normale;Buona;Sufficiente;1;0;0;1;;;0;1;Autovettura privata;In marcia / fermata / arresto;Nissan;Micra;Conducente;1973;M;Illeso;0;;;
3604035;8;16/12/2017 09:15:00;;VIA CASILINA;all'intersezione con;VIA MUSSOMELI;VIA MUSSOMELI;;;Scontro frontale/laterale DX fra veicoli in marcia;;;;;;;;;;1;0;0;1;12,62713;41,86324;0;1;Motociclo a solo;In marcia / fermata / arresto;Yamaha;TMAX;Conducente;1993;M;Rimandato;0;NON DECEDUTO;Non accertato;
3604035;8;16/12/2017 09:15:00;;VIA CASILINA;all'intersezione con;VIA MUSSOMELI;VIA MUSSOMELI;;;Scontro frontale/laterale DX fra veicoli in marcia;;;;;;;;;;1;0;0;1;12,62713;41,86324;0;2;Autovettura privata;In marcia / fermata / arresto;Kia;Carnival;Conducente;1969;M;Illeso;0;;Non accertato;Inesploso
3604036;18;15/12/2017 19:50:00;Strada Urbana;VIA DI BOCCEA;in prossimità;;del civico n.;478;;Veicolo in marcia contro ostacolo accidentale;Rettilineo;Due carreggiate;Bagnato (pioggia);Asfaltata;Verticale ed orizzontale;Pioggia in atto;Normale;Sufficiente;Sufficiente;0;0;0;1;12,39767;41,91205;0;1;Autovettura privata;In marcia / fermata / arresto;Fiat;600;Conducente;1991;F;Illeso;0;;;
3604055;19;17/12/2017 02:00:00;Strada Urbana;VIA UGO DE CAROLIS;all'intersezione semaforizzata con;LARGO DAMIANO CHIESA;LARGO DAMIANO CHIESA;;;Scontro frontale/laterale DX fra veicoli in marcia;Intersezione semaforizzata;Una carreggiata a doppio senso;Asciutto;Asfaltata;Verticale ed orizzontale;Sereno;Scarso;Sufficiente;Sufficiente;0;0;0;2;12,43835;41,91945;0;1;Autovettura privata;In marcia / fermata / arresto;Mercedes; Smart Coupè ;Conducente;1990;F;Illeso;0;;Non accertato;Inesploso
3604055;19;17/12/2017 02:00:00;Strada Urbana;VIA UGO DE CAROLIS;all'intersezione semaforizzata con;LARGO DAMIANO CHIESA;LARGO DAMIANO CHIESA;;;Scontro frontale/laterale DX fra veicoli in marcia;Intersezione semaforizzata;Una carreggiata a doppio senso;Asciutto;Asfaltata;Verticale ed orizzontale;Sereno;Scarso;Sufficiente;Sufficiente;0;0;0;2;12,43835;41,91945;0;2;Autovettura privata;In marcia / fermata / arresto;Opel;KARL;Conducente;1996;M;Illeso;0;;Non accertato;Inesploso
3604061;7;15/12/2017 20:30:00;Strada Urbana;VIA PRENESTINA;in corrispondenza;;del civico n.;961;;Veicolo in marcia contro ostacolo accidentale;Rettilineo;Una carreggiata a doppio senso;Bagnato (pioggia);Asfaltata;Orizzontale;Pioggia in atto;Scarso;Insufficiente;Insufficiente;0;0;0;1;;;0;1;Autovettura privata;In marcia / fermata / arresto;Toyota;Aygo;Conducente;1953;M;Illeso;0;;;
3604062;7;16/12/2017 12:50:00;;VIALE PALMIRO TOGLIATTI;da specificare;;;;cavalcavia roa pescara direz. prenestina;Veicolo in marcia contro ostacolo accidentale;;;;;;;;;;0;0;0;2;;;0;1;Autovettura privata;In marcia / fermata / arresto;Mercedes;Class A;Conducente;1987;F;Illeso;0;;;
3604062;7;16/12/2017 12:50:00;;VIALE PALMIRO TOGLIATTI;da specificare;;;;cavalcavia roa pescara direz. prenestina;Veicolo in marcia contro ostacolo accidentale;;;;;;;;;;0;0;0;2;;;0;1;Autovettura privata;In marcia / fermata / arresto;Mercedes;Class A;Passeggero;1968;M;Illeso;0;;;
3604071;7;16/12/2017 08:35:00;Strada Urbana;VIALE DELLA PRIMAVERA;in corrispondenza;;del civico n.;16;;Scontro laterale fra veicoli in marcia;Rettilineo;Una carreggiata a senso unico di marcia;Asciutto;Asfaltata;Verticale;Sereno;Intenso;Buona;Ore Diurne;0;0;0;2;12,56121;41,88671;-1;1;Autocarro inferiore 35 q.;In marcia / fermata / arresto;Fiat;Ducato;Conducente;1979;M;Illeso;0;;Non accertato;Inesploso
3604071;7;16/12/2017 08:35:00;Strada Urbana;VIALE DELLA PRIMAVERA;in corrispondenza;;del civico n.;16;;Scontro laterale fra veicoli in marcia;Rettilineo;Una carreggiata a senso unico di marcia;Asciutto;Asfaltata;Verticale;Sereno;Intenso;Buona;Ore Diurne;0;0;0;2;12,56121;41,88671;-1;2;Autovettura privata;In marcia / fermata / arresto;Opel;Corsa;Conducente;1972;F;Illeso;0;;Non accertato;Inesploso
3604073;18;15/12/2017 19:45:00;Strada Urbana;VIA DI BOCCEA;in corrispondenza;;del civico n.;478;;Veicolo in marcia contro ostacolo accidentale;Pendenza;Due carreggiate;Bagnato (pioggia);Con buche;Orizzontale;Nuvoloso;Normale;Sufficiente;Sufficiente;0;0;0;1;;;0;1;Autovettura privata;In marcia / fermata / arresto;Nissan;Micra;Conducente;1972;F;Illeso;0;;Non accertato;Inesploso
3604081;7;16/12/2017 14:00:00;;VIALE PALMIRO TOGLIATTI;da specificare;;;;cavlcavia....;Veicolo in marcia contro ostacolo accidentale;;;;;;;;;;0;0;0;1;;;0;1;Autovettura privata;In marcia / fermata / arresto;Ford;Fiesta;Conducente;1986;F;Illeso;0;;;
3604083;6;16/12/2017 10:10:00;Strada Urbana;VIA L'AQUILA;all'intersezione con;PIAZZA DEL PIGNETO;PIAZZA DEL PIGNETO;;;Veicolo in marcia contro veicolo fermo;Intersezione semaforizzata;Una carreggiata a senso unico di marcia;Asciutto;Asfaltata;Verticale ed orizzontale;Sereno;Normale;Buona;Ore Diurne;0;0;0;3;12,52356;41,88976;-1;1;Autovettura privata;In marcia / fermata / arresto;Mercedes;Smart For Two;Conducente;1997;F;Illeso;0;;;
3604083;6;16/12/2017 10:10:00;Strada Urbana;VIA L'AQUILA;all'intersezione con;PIAZZA DEL PIGNETO;PIAZZA DEL PIGNETO;;;Veicolo in marcia contro veicolo fermo;Intersezione semaforizzata;Una carreggiata a senso unico di marcia;Asciutto;Asfaltata;Verticale ed orizzontale;Sereno;Normale;Buona;Ore Diurne;0;0;0;3;12,52356;41,88976;-1;1;Autovettura privata;In marcia / fermata / arresto;Mercedes;Smart For Two;Passeggero;1991;F;Illeso;0;;;
3604083;6;16/12/2017 10:10:00;Strada Urbana;VIA L'AQUILA;all'intersezione con;PIAZZA DEL PIGNETO;PIAZZA DEL PIGNETO;;;Veicolo in marcia contro veicolo fermo;Intersezione semaforizzata;Una carreggiata a senso unico di marcia;Asciutto;Asfaltata;Verticale ed orizzontale;Sereno;Normale;Buona;Ore Diurne;0;0;0;3;12,52356;41,88976;-1;2;Motociclo di polizia;In marcia / fermata / arresto;BMW;(ignoto);Conducente;1985;M;Illeso;0;;;
3604087;16;15/12/2017 08:45:00;;CIRCONVALLAZIONE GIANICOLENSE;in corrispondenza;;del civico n.;fronte 98;;Veicolo in marcia contro ostacolo accidentale;;;;;;;;;;1;0;0;0;;;0;1;Motociclo a solo;In marcia / fermata / arresto;Piaggio;Liberty;Conducente;1973;F;Ricoverato;0;NON DECEDUTO;;
3604095;18;16/12/2017 01:00:00;Strada Urbana;VIA AURELIA ANTICA;in prossimità;;del civico n.;497;;Veicolo in marcia contro ostacolo accidentale;Rettilineo;Una carreggiata a doppio senso;Bagnato (pioggia);Asfaltata;;Pioggia in atto;Normale;Buona;Sufficiente;0;0;0;2;;;0;1;Autovettura di polizia;In marcia / fermata / arresto;Alfa Romeo;Giulietta;Conducente;1983;M;Illeso;0;;;
3604095;18;16/12/2017 01:00:00;Strada Urbana;VIA AURELIA ANTICA;in prossimità;;del civico n.;497;;Veicolo in marcia contro ostacolo accidentale;Rettilineo;Una carreggiata a doppio senso;Bagnato (pioggia);Asfaltata;;Pioggia in atto;Normale;Buona;Sufficiente;0;0;0;2;;;0;1;Autovettura di polizia;In marcia / fermata / arresto;Alfa Romeo;Giulietta;Passeggero;1995;M;Illeso;0;;;
3604100;7;16/12/2017 23:50:00;Strada Urbana;VIA DI TOR VERGATA;in corrispondenza;;del civico n.;34;;Veicolo in marcia contro ostacolo accidentale;Rettilineo;Una carreggiata a doppio senso;Asciutto;Asfaltata;Verticale ed orizzontale;Sereno;Scarso;Buona;Sufficiente;0;0;0;2;12,62212;41,85967;-1;1;Autovettura privata;In marcia / fermata / arresto;Mercedes;Smart Fortwo;Conducente;1996;M;Illeso;0;;Non accertato;Inesploso
3604100;7;16/12/2017 23:50:00;Strada Urbana;VIA DI TOR VERGATA;in corrispondenza;;del civico n.;34;;Veicolo in marcia contro ostacolo accidentale;Rettilineo;Una carreggiata a doppio senso;Asciutto;Asfaltata;Verticale ed orizzontale;Sereno;Scarso;Buona;Sufficiente;0;0;0;2;12,62212;41,85967;-1;1;Autovettura privata;In marcia / fermata / arresto;Mercedes;Smart Fortwo;Passeggero;1994;F;Illeso;0;;Non accertato;Inesploso
3604107;16;15/12/2017 00:30:00;;VIA DELLA PISANA;in prossimità;;del civico n.;153;;Veicolo in marcia contro ostacolo accidentale;;;;;;;;;;0;0;0;1;;;0;1;Autovettura privata;In marcia / fermata / arresto;Kia;Picanto;Conducente;1976;M;Illeso;0;;;
3604109;13;17/12/2017 19:10:00;Strada Urbana;VIALE DEI ROMAGNOLI;da specificare;;;;altezza VIA CARLO CASINI;Tamponamento;Rettilineo;Una carreggiata a doppio senso;Asciutto;Asfaltata;Verticale ed orizzontale;Sereno;Normale;Buona;Sufficiente;2;0;0;1;12,34127;41,77626;0;1;Autovettura privata;In marcia / fermata / arresto;Mercedes;Smart Fortwo Coupè;Conducente;1992;M;Rimandato;0;NON DECEDUTO;Non accertato;Inesploso
3604109;13;17/12/2017 19:10:00;Strada Urbana;VIALE DEI ROMAGNOLI;da specificare;;;;altezza VIA CARLO CASINI;Tamponamento;Rettilineo;Una carreggiata a doppio senso;Asciutto;Asfaltata;Verticale ed orizzontale;Sereno;Normale;Buona;Sufficiente;2;0;0;1;12,34127;41,77626;0;1;Autovettura privata;In marcia / fermata / arresto;Mercedes;Smart Fortwo Coupè;Passeggero;1990;M;Rimandato;0;NON DECEDUTO;Non accertato;Inesploso
3604109;13;17/12/2017 19:10:00;Strada Urbana;VIALE DEI ROMAGNOLI;da specificare;;;;altezza VIA CARLO CASINI;Tamponamento;Rettilineo;Una carreggiata a doppio senso;Asciutto;Asfaltata;Verticale ed orizzontale;Sereno;Normale;Buona;Sufficiente;2;0;0;1;12,34127;41,77626;0;2;Autovettura privata;In marcia / fermata / arresto;Hyundai;Tucson;Conducente;1992;M;Illeso;0;;Non accertato;Inesploso
3604111;6;16/12/2017 11:05:00;Strada Urbana;VIALE DELLA VENEZIA GIULIA;all'intersezione con;VIALE DELLA SERENISSIMA;VIALE DELLA SERENISSIMA;;;Scontro frontale/laterale DX fra veicoli in marcia;Incrocio;Due carreggiate;Bagnato (umidità in atto);Asfaltata;Verticale;Sereno;Normale;Buona;Ore Diurne;2;0;0;1;;;0;1;Autovettura privata;In marcia / fermata / arresto;Daihatsu;Cuore;Conducente;1962;F;Illeso;0;;;
3604111;6;16/12/2017 11:05:00;Strada Urbana;VIALE DELLA VENEZIA GIULIA;all'intersezione con;VIALE DELLA SERENISSIMA;VIALE DELLA SERENISSIMA;;;Scontro frontale/laterale DX fra veicoli in marcia;Incrocio;Due carreggiate;Bagnato (umidità in atto);Asfaltata;Verticale;Sereno;Normale;Buona;Ore Diurne;2;0;0;1;;;0;2;Motociclo a solo;In marcia / fermata / arresto;Honda;PANTHEON;Conducente;1941;M;Rifiuta cure immediate;0;NON DECEDUTO;;
3604111;6;16/12/2017 11:05:00;Strada Urbana;VIALE DELLA VENEZIA GIULIA;all'intersezione con;VIALE DELLA SERENISSIMA;VIALE DELLA SERENISSIMA;;;Scontro frontale/laterale DX fra veicoli in marcia;Incrocio;Due carreggiate;Bagnato (umidità in atto);Asfaltata;Verticale;Sereno;Normale;Buona;Ore Diurne;2;0;0;1;;;0;2;Motociclo a solo;In marcia / fermata / arresto;Honda;PANTHEON;Passeggero;1975;M;Rifiuta cure immediate;0;NON DECEDUTO;;
3604113;18;15/12/2017 20:02:00;Strada Urbana;VIA DI BOCCEA;in corrispondenza;;del civico n.;478;;Veicolo in marcia contro ostacolo accidentale;Pendenza;Due carreggiate;Bagnato (pioggia);Con buche;Orizzontale;Nuvoloso;Normale;Sufficiente;Sufficiente;0;0;0;1;;;0;1;Autovettura privata;In marcia / fermata / arresto;Renault;Scenic;Conducente;1934;M;Illeso;0;;Non accertato;Inesploso
3604114;6;17/12/2017 20:30:00;;VIA PRENESTINA;all'intersezione semaforizzata con;VIA TOR DE' SCHIAVI;VIA TOR DE' SCHIAVI;;;Scontro frontale/laterale DX fra veicoli in marcia;;;;;;;;;;1;0;0;5;;;0;1;Autovettura privata;In marcia / fermata / arresto;Volkswagen;Golf;Conducente;1996;F;Illeso;0;;;
3604114;6;17/12/2017 20:30:00;;VIA PRENESTINA;all'intersezione semaforizzata con;VIA TOR DE' SCHIAVI;VIA TOR DE' SCHIAVI;;;Scontro frontale/laterale DX fra veicoli in marcia;;;;;;;;;;1;0;0;5;;;0;1;Autovettura privata;In marcia / fermata / arresto;Volkswagen;Golf;Passeggero;1992;M;Illeso;0;;;
3604114;6;17/12/2017 20:30:00;;VIA PRENESTINA;all'intersezione semaforizzata con;VIA TOR DE' SCHIAVI;VIA TOR DE' SCHIAVI;;;Scontro frontale/laterale DX fra veicoli in marcia;;;;;;;;;;1;0;0;5;;;0;1;Autovettura privata;In marcia / fermata / arresto;Volkswagen;Golf;Passeggero;1992;M;Rifiuta cure immediate;0;NON DECEDUTO;;
3604114;6;17/12/2017 20:30:00;;VIA PRENESTINA;all'intersezione semaforizzata con;VIA TOR DE' SCHIAVI;VIA TOR DE' SCHIAVI;;;Scontro frontale/laterale DX fra veicoli in marcia;;;;;;;;;;1;0;0;5;;;0;1;Autovettura privata;In marcia / fermata / arresto;Volkswagen;Golf;Passeggero;1993;M;Illeso;0;;;