Protocollo;Gruppo;DataOraIncidente;Localizzazione1;STRADA1;Localizzazione2;STRADA2;Strada02;Chilometrica;DaSpecificare;NaturaIncidente;particolaritastrade;TipoStrada;FondoStradale;Pavimentazione;Segnaletica;CondizioneAtmosferica;Traffico;Visibilita;Illuminazione;NUM_FERITI;NUM_RISERVATA;NUM_MORTI;NUM_ILLESI;Longitudine;Latitudine;Confermato;Progressivo;TipoVeicolo;StatoVeicolo;Marca;Modello;TipoPersona;AnnoNascita;Sesso;Tipolesione;Deceduto;DecedutoDopo;CinturaCascoUtilizzato;Airbag;
3604477;12;15/12/2017 19:45:00;Provinciale;VIA DELLA SOLFARATA;in prossimità;;della chilometrica;10;;Veicolo in marcia contro ostacolo accidentale;Curva senza visuale libera;Una carreggiata a doppio senso;Bagnato (pioggia);Strada pavimentata dissestata;Verticale ed orizzontale;Pioggia in atto;Normale;Insufficiente;Inesistente;0;0;0;1;12,54575;41,70648;0;1;Autovettura privata;In marcia / fermata / arresto;Ford;KA;Conducente;1995;M;Illeso;0;;Non accertato;Inesploso
3604499;6;17/12/2017 13:00:00;Strada Urbana;VIA CASILINA VECCHIA;in corrispondenza;;del civico n.;419;;Tamponamento;Rettilineo;Due carreggiate;Asciutto;Asfaltata;Assente;Sereno;Scarso;Buona;Ore Diurne;0;0;0;4;12,54043;41,88096;-1;1;Autovettura privata;In marcia / fermata / arresto;Fiat;Punto;Conducente;1959;F;Illeso;0;;;
3604499;6;17/12/2017 13:00:00;Strada Urbana;VIA CASILINA VECCHIA;in corrispondenza;;del civico n.;419;;Tamponamento;Rettilineo;Due carreggiate;Asciutto;Asfaltata;Assente;Sereno;Scarso;Buona;Ore Diurne;0;0;0;4;12,54043;41,88096;-1;1;Autovettura privata;In marcia / fermata / arresto;Fiat;Punto;Passeggero;1972;F;Illeso;0;;;
3604499;6;17/12/2017 13:00:00;Strada Urbana;VIA CASILINA VECCHIA;in corrispondenza;;del civico n.;419;;Tamponamento;Rettilineo;Due carreggiate;Asciutto;Asfaltata;Assente;Sereno;Scarso;Buona;Ore Diurne;0;0;0;4;12,54043;41,88096;-1;2;Autovettura privata;In marcia / fermata / arresto;Ford;C - MAX;Conducente;1989;M;Illeso;0;;;
3604499;6;17/12/2017 13:00:00;Strada Urbana;VIA CASILINA VECCHIA;in corrispondenza;;del civico n.;419;;Tamponamento;Rettilineo;Due carreggiate;Asciutto;Asfaltata;Assente;Sereno;Scarso;Buona;Ore Diurne;0;0;0;4;12,54043;41,88096;-1;2;Autovettura privata;In marcia / fermata / arresto;Ford;C - MAX;Passeggero;1963;F;Illeso;0;;;
3604505;12;15/12/2017 09:00:00;;VIA LAURENTINA;in prossimità;;della chilometrica;10;;Tamponamento;;;;;;;;;;0;0;0;2;;;0;1;Autovettura privata;In marcia / fermata / arresto;Volkswagen;Polo;Conducente;1994;M;Illeso;0;;Utilizzato;Inesploso
3604505;12;15/12/2017 09:00:00;;VIA LAURENTINA;in prossimità;;della chilometrica;10;;Tamponamento;;;;;;;;;;0;0;0;2;;;0;2;Autovettura privata;In marcia / fermata / arresto;Nissan;Micra;Conducente;1952;M;Illeso;0;;Utilizzato;Inesploso
3604507;3;17/12/2017 03:30:00;Strada Urbana;PIAZZA SALERNO;da specificare;;;;f.c. 3;Infortunio per sola frenata improvvisa;Rettilineo;Una carreggiata a senso unico di marcia;Asciutto;Asfaltata;Verticale ed orizzontale;Sereno;Scarso;Buona;Sufficiente;1;0;0;0;12,51293;41,91059;0;1;Motociclo a solo;In marcia / fermata / arresto;Honda;SH;Conducente;1983;M;Rifiuta cure immediate;0;NON DECEDUTO;Non accertato;
3604525;12;15/12/2017 19:30:00;Provinciale;VIA DELLA SOLFARATA;in prossimità;;della chilometrica;8.7;;Veicolo in marcia contro ostacolo accidentale;Rettilineo;Una carreggiata a doppio senso;Bagnato (pioggia);Strada pavimentata dissestata;Verticale ed orizzontale;Pioggia in atto;Scarso;Insufficiente;Inesistente;0;0;0;1;12,54575;41,70648;0;1;Autovettura privata;In marcia / fermata / arresto;Ford;Focus;Conducente;1974;M;Illeso;0;;Non accertato;Inesploso
3604529;5;18/12/2017 11:15:00;;VIA TIBURTINA;da specificare;;;;prossimità Via Tossicia;Fuoriuscita dalla sede stradale;;;;;;;;;;0;0;0;1;12,63142;41,94034;0;1;Motociclo a solo;In marcia / fermata / arresto;BMW;R 1200 GS;Conducente;1970;M;Illeso;0;;;
3604565;6;17/12/2017 03:45:00;Strada Urbana;VIALE DEL MURO TORTO;in prossimità;;del civico n.;5;;Veicolo in marcia contro ostacolo fisso;Curva a visuale libera;Una carreggiata a doppio senso;Asciutto;Asfaltata;Orizzontale;Nuvoloso;Scarso;Buona;Sufficiente;0;0;0;1;12,48622;41,90875;0;1;Autovettura privata;In marcia / fermata / arresto;BMW;120 D;Conducente;1994;M;Illeso;0;;;
3604574;3;17/12/2017 19:30:00;Strada Urbana;VIALE DELLO SCALO S. LORENZO;in prossimità;;del civico n.;62;;Tamponamento Multiplo;Rettilineo;Più di due carreggiate;Asciutto;Asfaltata;Orizzontale;Sereno;Normale;Sufficiente;Insufficiente;0;0;0;5;12,51894;41,89609;-1;1;Autovettura privata;In marcia / fermata / arresto;Renault;NEW TWINGO;Conducente;1989;M;Illeso;0;;Non accertato;
3604574;3;17/12/2017 19:30:00;Strada Urbana;VIALE DELLO SCALO S. LORENZO;in prossimità;;del civico n.;62;;Tamponamento Multiplo;Rettilineo;Più di due carreggiate;Asciutto;Asfaltata;Orizzontale;Sereno;Normale;Sufficiente;Insufficiente;0;0;0;5;12,51894;41,89609;-1;1;Autovettura privata;In marcia / fermata / arresto;Renault;NEW TWINGO;Passeggero;1988;F;Illeso;0;;Non accertato;
3604574;3;17/12/2017 19:30:00;Strada Urbana;VIALE DELLO SCALO S. LORENZO;in prossimità;;del civico n.;62;;Tamponamento Multiplo;Rettilineo;Più di due carreggiate;Asciutto;Asfaltata;Orizzontale;Sereno;Normale;Sufficiente;Insufficiente;0;0;0;5;12,51894;41,89609;-1;2;Autovettura privata;In marcia / fermata / arresto;Opel;KARL;Conducente;1949;M;Illeso;0;;Non accertato;
3604574;3;17/12/2017 19:30:00;Strada Urbana;VIALE DELLO SCALO S. LORENZO;in prossimità;;del civico n.;62;;Tamponamento Multiplo;Rettilineo;Più di due carreggiate;Asciutto;Asfaltata;Orizzontale;Sereno;Normale;Sufficiente;Insufficiente;0;0;0;5;12,51894;41,89609;-1;2;Autovettura privata;In marcia / fermata / arresto;Opel;KARL;Passeggero;1958;F;Illeso;0;;Non accertato;
3604574;3;17/12/2017 19:30:00;Strada Urbana;VIALE DELLO SCALO S. LORENZO;in prossimità;;del civico n.;62;;Tamponamento Multiplo;Rettilineo;Più di due carreggiate;Asciutto;Asfaltata;Orizzontale;Sereno;Normale;Sufficiente;Insufficiente;0;0;0;5;12,51894;41,89609;-1;3;Autovettura privata;In marcia / fermata / arresto;Opel;Zafira;Conducente;1965;M;Illeso;0;;Non accertato;
3604584;20;18/12/2017 11:35:00;Regionale entro l'abitato;VIA CASSIA;in corrispondenza;;del civico n.;764;;Scontro frontale/laterale SX fra veicoli in marcia;Rettilineo;Una carreggiata a doppio senso;Asciutto;Asfaltata;Orizzontale;Sereno;Intenso;Buona;Ore Diurne;0;0;0;2;12,44246;41,96637;-1;1;Motociclo a solo;In marcia / fermata / arresto;Aprilia;Scarabeo 200;Conducente;1959;M;Illeso;0;;Non accertato;
3604584;20;18/12/2017 11:35:00;Regionale entro l'abitato;VIA CASSIA;in corrispondenza;;del civico n.;764;;Scontro frontale/laterale SX fra veicoli in marcia;Rettilineo;Una carreggiata a doppio senso;Asciutto;Asfaltata;Orizzontale;Sereno;Intenso;Buona;Ore Diurne;0;0;0;2;12,44246;41,96637;-1;2;Autovettura privata;In marcia / fermata / arresto;Fiat;Seicento;Conducente;1990;M;Illeso;0;;Non accertato;Inesploso
3604591;6;16/12/2017 17:00:00;Strada Urbana;VIA BARTOLOMEO PERESTRELLO;in prossimità;;del civico n.;116;;Scontro laterale fra veicoli in marcia;Rettilineo;Una carreggiata a doppio senso;Asciutto;Asfaltata;Orizzontale;Sereno;Scarso;Buona;Sufficiente;0;0;0;2;12,54065;41,88545;-1;1;Autovettura privata;In marcia / fermata / arresto;Fiat;500 L;Conducente;1985;M;Illeso;0;;;
3604591;6;16/12/2017 17:00:00;Strada Urbana;VIA BARTOLOMEO PERESTRELLO;in prossimità;;del civico n.;116;;Scontro laterale fra veicoli in marcia;Rettilineo;Una carreggiata a doppio senso;Asciutto;Asfaltata;Orizzontale;Sereno;Scarso;Buona;Sufficiente;0;0;0;2;12,54065;41,88545;-1;2;Autovettura privata;In marcia / fermata / arresto;Mercedes;Smart For Two;Conducente;1994;M;Illeso;0;;;
3604596;6;16/12/2017 17:00:00;Strada Urbana;VIA PRENESTINA;all'intersezione con;VIALE GIOVANNI BATTISTA VALENTE;VIALE GIOVANNI BATTISTA VALENTE;;;Investimento di pedone;Incrocio;Più di due carreggiate;Asciutto;Asfaltata;Verticale ed orizzontale;Nuvoloso;Normale;Sufficiente;Ore Diurne;1;0;0;1;12,56666;41,895;-1;;;;;;Pedone;1932;F;Rimandato;0;NON DECEDUTO;;
3604596;6;16/12/2017 17:00:00;Strada Urbana;VIA PRENESTINA;all'intersezione con;VIALE GIOVANNI BATTISTA VALENTE;VIALE GIOVANNI BATTISTA VALENTE;;;Investimento di pedone;Incrocio;Più di due carreggiate;Asciutto;Asfaltata;Verticale ed orizzontale;Nuvoloso;Normale;Sufficiente;Ore Diurne;1;0;0;1;12,56666;41,895;-1;1;Autovettura privata;In marcia / fermata / arresto;smart for two;(ignoto);Conducente;1967;M;Illeso;0;;Non accertato;Inesploso
3604597;7;09/12/2017 07:20:00;;VIA DEI PIOPPI;in prossimità;;del civico n.;60;;Veicolo in marcia contro ostacolo accidentale;;;;;;;;;;0;0;0;1;;;0;1;Autobus di linea;In marcia / fermata / arresto;TEMSA;.;Conducente;1976;M;Illeso;0;;;
3604602;3;15/12/2017 13:40:00;;VIA DEI RAMNI;all'intersezione con;VIA DEI LUCERI;VIA DEI LUCERI;;;Infortunio per sola frenata improvvisa;;;;;;;;;;1;0;0;0;;;0;1;Motociclo a solo;In marcia / fermata / arresto;Piaggio;(ignoto);Conducente;0;M;Rifiuta cure immediate;0;NON DECEDUTO;;
3604612;10;17/12/2017 21:35:00;;VIALE PALMIRO TOGLIATTI;all'intersezione con;VIA QUINTO PUBLICIO;VIA QUINTO PUBLICIO;;;Scontro frontale/laterale SX fra veicoli in marcia;;;;;;;;;;1;0;0;1;;;0;1;Autovettura privata;In marcia / fermata / arresto;Nissan;Micra;Conducente;0;M;Illeso;0;;;
3604612;10;17/12/2017 21:35:00;;VIALE PALMIRO TOGLIATTI;all'intersezione con;VIA QUINTO PUBLICIO;VIA QUINTO PUBLICIO;;;Scontro frontale/laterale SX fra veicoli in marcia;;;;;;;;;;1;0;0;1;;;0;2;Autovettura privata;In marcia / fermata / arresto;Nissan;Micra;Conducente;1981;F;Rimandato;0;NON DECEDUTO;;
3604618;3;15/12/2017 22:05:00;Strada Urbana;CIRCONVALLAZIONE TIBURTINA;da specificare;;;;Direzione Salaria alt. Easy Box;Tamponamento Multiplo;Rettilineo;Due carreggiate;Bagnato (pioggia);Asfaltata;Verticale ed orizzontale;Nuvoloso;Normale;Sufficiente;Sufficiente;0;0;0;4;;;0;1;Autocarro inferiore 35 q.;In marcia / fermata / arresto;Fiat;Scudo;Conducente;1975;M;Illeso;0;;Non accertato;Inesploso
3604618;3;15/12/2017 22:05:00;Strada Urbana;CIRCONVALLAZIONE TIBURTINA;da specificare;;;;Direzione Salaria alt. Easy Box;Tamponamento Multiplo;Rettilineo;Due carreggiate;Bagnato (pioggia);Asfaltata;Verticale ed orizzontale;Nuvoloso;Normale;Sufficiente;Sufficiente;0;0;0;4;;;0;1;Autocarro inferiore 35 q.;In marcia / fermata / arresto;Fiat;Scudo;Passeggero;2000;M;Illeso;0;;Non accertato;Inesploso
3604618;3;15/12/2017 22:05:00;Strada Urbana;CIRCONVALLAZIONE TIBURTINA;da specificare;;;;Direzione Salaria alt. Easy Box;Tamponamento Multiplo;Rettilineo;Due carreggiate;Bagnato (pioggia);Asfaltata;Verticale ed orizzontale;Nuvoloso;Normale;Sufficiente;Sufficiente;0;0;0;4;;;0;2;Autovettura privata;In marcia / fermata / arresto;Fiat;500;Conducente;1981;M;Illeso;0;;Non accertato;Inesploso
3604618;3;15/12/2017 22:05:00;Strada Urbana;CIRCONVALLAZIONE TIBURTINA;da specificare;;;;Direzione Salaria alt. Easy Box;Tamponamento Multiplo;Rettilineo;Due carreggiate;Bagnato (pioggia);Asfaltata;Verticale ed orizzontale;Nuvoloso;Normale;Sufficiente;Sufficiente;0;0;0;4;;;0;3;Autovettura privata;In marcia / fermata / arresto;Fiat;Punto;Conducente;1977;M;Illeso;0;;Non accertato;Inesploso
3604655;1;06/12/2017 09:00:00;;LARGO DELL'AMBA ARADAM;all'intersezione semaforizzata con;VIA DELLA NAVICELLA;VIA DELLA NAVICELLA;;;Veicolo in marcia contro veicoli in arresto;;;;;;;;;;0;0;0;2;;;0;1;Autovettura privata;In marcia / fermata / arresto;Fiat;Panda;Conducente;0;F;Illeso;0;;;
3604655;1;06/12/2017 09:00:00;;LARGO DELL'AMBA ARADAM;all'intersezione semaforizzata con;VIA DELLA NAVICELLA;VIA DELLA NAVICELLA;;;Veicolo in marcia contro veicoli in arresto;;;;;;;;;;0;0;0;2;;;0;2;Motociclo a solo;In marcia / fermata / arresto;Yamaha;Majesty;Conducente;1965;M;Illeso;0;;;
3604657;3;15/12/2017 18:00:00;Strada Urbana;Tangenziale Est direzione S. Giovanni;da specificare;;;;altezza scalo san lorenzo civico 58;Tamponamento Multiplo;Rettilineo;Una carreggiata a senso unico di marcia;Bagnato (pioggia);Asfaltata;Verticale ed orizzontale;Pioggia in atto;Intenso;Sufficiente;Sufficiente;0;0;0;4;12,49637;41,90278;0;1;Autovettura privata;In marcia / fermata / arresto;Fiat;Panda;Conducente;1994;F;Illeso;0;;Non accertato;Inesploso
3604657;3;15/12/2017 18:00:00;Strada Urbana;Tangenziale Est direzione S. Giovanni;da specificare;;;;altezza scalo san lorenzo civico 58;Tamponamento Multiplo;Rettilineo;Una carreggiata a senso unico di marcia;Bagnato (pioggia);Asfaltata;Verticale ed orizzontale;Pioggia in atto;Intenso;Sufficiente;Sufficiente;0;0;0;4;12,49637;41,90278;0;1;Autovettura privata;In marcia / fermata / arresto;Fiat;Panda;Passeggero;1967;F;Illeso;0;;Non accertato;Inesploso
3604657;3;15/12/2017 18:00:00;Strada Urbana;Tangenziale Est direzione S. Giovanni;da specificare;;;;altezza scalo san lorenzo civico 58;Tamponamento Multiplo;Rettilineo;Una carreggiata a senso unico di marcia;Bagnato (pioggia);Asfaltata;Verticale ed orizzontale;Pioggia in atto;Intenso;Sufficiente;Sufficiente;0;0;0;4;12,49637;41,90278;0;2;Autovettura privata;In marcia / fermata / arresto;Ford;Fiesta;Conducente;1992;M;Illeso;0;;Non accertato;Inesploso
3604657;3;15/12/2017 18:00:00;Strada Urbana;Tangenziale Est direzione S. Giovanni;da specificare;;;;altezza scalo san lorenzo civico 58;Tamponamento Multiplo;Rettilineo;Una carreggiata a senso unico di marcia;Bagnato (pioggia);Asfaltata;Verticale ed orizzontale;Pioggia in atto;Intenso;Sufficiente;Sufficiente;0;0;0;4;12,49637;41,90278;0;3;Autovettura privata;In marcia / fermata / arresto;Ford;Fiesta;Conducente;1966;M;Illeso;0;;Non accertato;Inesploso
3604658;3;15/12/2017 16:10:00;;VIA NOMENTANA;all'intersezione semaforizzata con;VIALE GORIZIA;VIALE GORIZIA;;;Scontro frontale/laterale SX fra veicoli in marcia;;;;;;;;;;1;0;0;1;;;0;1;Autoambulanza;In marcia / fermata / arresto;Fiat;Ducato;Conducente;0;M;Rifiuta cure immediate;0;NON DECEDUTO;;
3604658;3;15/12/2017 16:10:00;;VIA NOMENTANA;all'intersezione semaforizzata con;VIALE GORIZIA;VIALE GORIZIA;;;Scontro frontale/laterale SX fra veicoli in marcia;;;;;;;;;;1;0;0;1;;;0;2;Autovettura privata;In marcia / fermata / arresto;Volkswagen;Polo;Conducente;0;M;Illeso;0;;;
3604694;3;16/12/2017 08:40:00;;Tangenziale Est direzione S. Giovanni;da specificare;;;;altezza sacrario;Scontro frontale fra veicoli in marcia;;;;;;;;;;0;0;0;1;;;0;1;Autovettura privata;In marcia / fermata / arresto;Fiat;Panda;Conducente;1990;M;Illeso;0;;;
3604700;3;15/12/2017 21:00:00;Strada Urbana;VIALE REGINA ELENA;all'intersezione semaforizzata con;VIALE DELL'UNIVERSITA';VIALE DELL'UNIVERSITA';;;Scontro frontale/laterale DX fra veicoli in marcia;Intersezione semaforizzata;Una carreggiata a doppio senso;Bagnato (pioggia);Asfaltata;Verticale ed orizzontale;Pioggia in atto;Normale;Sufficiente;Sufficiente;1;0;0;1;12,51569;41,90556;0;1;Autovettura privata;In marcia / fermata / arresto;Smart ;ForFour;Conducente;1981;M;Illeso;0;;Non accertato;Inesploso
3604700;3;15/12/2017 21:00:00;Strada Urbana;VIALE REGINA ELENA;all'intersezione semaforizzata con;VIALE DELL'UNIVERSITA';VIALE DELL'UNIVERSITA';;;Scontro frontale/laterale DX fra veicoli in marcia;Intersezione semaforizzata;Una carreggiata a doppio senso;Bagnato (pioggia);Asfaltata;Verticale ed orizzontale;Pioggia in atto;Normale;Sufficiente;Sufficiente;1;0;0;1;12,51569;41,90556;0;2;Motociclo a solo;In marcia / fermata / arresto;Kimco;AGILITY;Conducente;1988;M;Rimandato;0;NON DECEDUTO;Non accertato;
3604745;6;18/12/2017 07:45:00;;VIA DI ACQUA BULLICANTE;all'intersezione con;VIA GIUSEPPE DALLA VEDOVA;VIA GIUSEPPE DALLA VEDOVA;;;Scontro frontale/laterale DX fra veicoli in marcia;;;;;;;;;;1;0;0;1;;;0;1;Autovettura privata;In marcia / fermata / arresto;Opel;Astra;Conducente;1981;M;Illeso;0;;;
3604745;6;18/12/2017 07:45:00;;VIA DI ACQUA BULLICANTE;all'intersezione con;VIA GIUSEPPE DALLA VEDOVA;VIA GIUSEPPE DALLA VEDOVA;;;Scontro frontale/laterale DX fra veicoli in marcia;;;;;;;;;;1;0;0;1;;;0;2;Motociclo a solo;In marcia / fermata / arresto;Honda;SH;Conducente;1984;M;Rimandato;0;NON DECEDUTO;;
3604765;6;18/12/2017 12:40:00;Strada Urbana;VIA OLEVANO ROMANO;in corrispondenza;;del civico n.;1;;Tamponamento;Rettilineo;Due carreggiate;Asciutto;Asfaltata;Orizzontale;Sereno;Scarso;Buona;Ore Diurne;0;0;0;2;12,55512;41,89389;-1;1;Autovettura privata;In marcia / fermata / arresto;Daimler;CLASSE A;Conducente;1963;M;Illeso;0;;Non accertato;Inesploso
3604765;6;18/12/2017 12:40:00;Strada Urbana;VIA OLEVANO ROMANO;in corrispondenza;;del civico n.;1;;Tamponamento;Rettilineo;Due carreggiate;Asciutto;Asfaltata;Orizzontale;Sereno;Scarso;Buona;Ore Diurne;0;0;0;2;12,55512;41,89389;-1;2;Autovettura privata;In marcia / fermata / arresto;smart for two;(ignoto);Conducente;1986;F;Illeso;0;;Non accertato;Inesploso
3604770;16;15/12/2017 17:50:00;;VIA SILVESTRI;in corrispondenza;;del civico n.;236;;Veicoli in marcia contro veicolo fermo;;;;;;;;;;0;0;0;2;12,43006;41,87722;0;1;Autobus di linea;Sosta;Bredamenarini;(ignoto);Conducente;0;M;Illeso;0;;;
3604770;16;15/12/2017 17:50:00;;VIA SILVESTRI;in corrispondenza;;del civico n.;236;;Veicoli in marcia contro veicolo fermo;;;;;;;;;;0;0;0;2;12,43006;41,87722;0;2;Autocarro inferiore 35 q.;In marcia / fermata / arresto;Fiat;Ducato;Conducente;0;M;Illeso;0;;;
3604787;18;18/12/2017 12:40:00;Strada Urbana;CIRCONVALLAZIONE AURELIA;in prossimità;;del civico n.;23;;Scontro laterale fra veicoli in marcia;Rettilineo;Una carreggiata a senso unico di marcia;Asciutto;Asfaltata;Verticale ed orizzontale;Sereno;Normale;Buona;Ore Diurne;0;0;0;3;12,42854;41,89728;0;1;Autovettura privata;In marcia / fermata / arresto;Renault;Clio;Conducente;1963;F;Illeso;0;;Non accertato;Inesploso
3604787;18;18/12/2017 12:40:00;Strada Urbana;CIRCONVALLAZIONE AURELIA;in prossimità;;del civico n.;23;;Scontro laterale fra veicoli in marcia;Rettilineo;Una carreggiata a senso unico di marcia;Asciutto;Asfaltata;Verticale ed orizzontale;Sereno;Normale;Buona;Ore Diurne;0;0;0;3;12,42854;41,89728;0;1;Autovettura privata;In marcia / fermata / arresto;Renault;Clio;Passeggero;2001;F;Illeso;0;;Non accertato;Inesploso
3604787;18;18/12/2017 12:40:00;Strada Urbana;CIRCONVALLAZIONE AURELIA;in prossimità;;del civico n.;23;;Scontro laterale fra veicoli in marcia;Rettilineo;Una carreggiata a senso unico di marcia;Asciutto;Asfaltata;Verticale ed orizzontale;Sereno;Normale;Buona;Ore Diurne;0;0;0;3;12,42854;41,89728;0;2;Autocarro superiore 35 q.;In marcia / fermata / arresto;Irizar Scania;(ignoto);Conducente;1975;M;Illeso;0;;Non accertato;Inesistente
3604794;2;16/12/2017 22:10:00;;VIA TOMMASO SALVINI;all'intersezione con;VIA ADELAIDE RISTORI;VIA ADELAIDE RISTORI;;;Scontro frontale/laterale SX fra veicoli in marcia;;;;;;;;;;0;0;0;2;;;0;1;Autovettura privata;In marcia / fermata / arresto;Daimler Chrysler;C200;Conducente;1971;M;Illeso;0;;;
3604794;2;16/12/2017 22:10:00;;VIA TOMMASO SALVINI;all'intersezione con;VIA ADELAIDE RISTORI;VIA ADELAIDE RISTORI;;;Scontro frontale/laterale SX fra veicoli in marcia;;;;;;;;;;0;0;0;2;;;0;2;Motociclo a solo;In marcia / fermata / arresto;Yamaha;Xenter;Conducente;1979;M;Illeso;0;;;
3604804;2;16/12/2017 23:40:00;;VIA FLAMINIA;in corrispondenza;;del civico n.;515;;Veicoli in marcia contro veicolo fermo;;;;;;;;;;0;0;0;3;;;0;1;Autovettura di polizia;In marcia / fermata / arresto;Peugeot;208;Conducente;1977;M;Illeso;0;;Non accertato;Inesploso
3604804;2;16/12/2017 23:40:00;;VIA FLAMINIA;in corrispondenza;;del civico n.;515;;Veicoli in marcia contro veicolo fermo;;;;;;;;;;0;0;0;3;;;0;1;Autovettura di polizia;In marcia / fermata / arresto;Peugeot;208;Passeggero;1974;F;Illeso;0;;Non accertato;Inesploso
3604804;2;16/12/2017 23:40:00;;VIA FLAMINIA;in corrispondenza;;del civico n.;515;;Veicoli in marcia contro veicolo fermo;;;;;;;;;;0;0;0;3;;;0;2;Autovettura privata;In marcia / fermata / arresto;Volkswagen;Golf;Conducente;1974;M;Illeso;0;;Non accertato;Inesploso
3604822;18;15/12/2017 19:55:00;Strada Urbana;VIA DI BOCCEA;in prossimità;;del civico n.;478;;Veicolo in marcia contro ostacolo accidentale;Pendenza;Due carreggiate;Bagnato (pioggia);Con buche;Orizzontale;Nuvoloso;Normale;Sufficiente;Sufficiente;0;0;0;1;;;0;1;Autovettura privata;In marcia / fermata / arresto;Ford;Focus;Conducente;1968;M;Illeso;0;;Non accertato;Inesploso
3604877;16;15/12/2017 18:20:00;;VIA RAFFAELE BATTISTINI;in prossimità;;del civico n.;60;;Veicolo in marcia contro ostacolo accidentale;;;;;;;;;;1;0;0;0;12,44651;41,8658;0;1;Motociclo a solo;In marcia / fermata / arresto;Honda;sh300;Conducente;1968;F;Rimandato;0;NON DECEDUTO;;
3604917;16;16/12/2017 18:20:00;;VIA ADOLFO GANDIGLIO;in corrispondenza;;del civico n.;60;;Tamponamento;;;;;;;;;;0;0;0;3;12,4403;41,86512;0;1;Motociclo a solo;In marcia / fermata / arresto;Yamaha;TMAX;Conducente;0;M;Illeso;0;;;
3604917;16;16/12/2017 18:20:00;;VIA ADOLFO GANDIGLIO;in corrispondenza;;del civico n.;60;;Tamponamento;;;;;;;;;;0;0;0;3;12,4403;41,86512;0;1;Motociclo a solo;In marcia / fermata / arresto;Yamaha;TMAX;Passeggero;0;M;Illeso;0;;;
3604917;16;16/12/2017 18:20:00;;VIA ADOLFO GANDIGLIO;in corrispondenza;;del civico n.;60;;Tamponamento;;;;;;;;;;0;0;0;3;12,4403;41,86512;0;2;Autovettura privata;In marcia / fermata / arresto;Fiat;Punto;Conducente;0;F;Illeso;0;;;
3604935;16;17/12/2017 14:45:00;;PIAZZA S. GIOVANNI DI DIO;da specificare;;;;fronte civico 19;Scontro frontale/laterale SX fra veicoli in marcia;;;;;;;;;;0;0;0;2;12,44664;41,87448;0;1;Autovettura privata;In marcia / fermata / arresto;Fiat;Seicento;Conducente;0;F;Illeso;0;;;
3604935;16;17/12/2017 14:45:00;;PIAZZA S. GIOVANNI DI DIO;da specificare;;;;fronte civico 19;Scontro frontale/laterale SX fra veicoli in marcia;;;;;;;;;;0;0;0;2;12,44664;41,87448;0;2;Autovettura privata;In marcia / fermata / arresto;Volkswagen;TIGUAN;Conducente;0;F;Illeso;0;;;
3604952;18;18/12/2017 15:30:00;Strada Urbana;VIA DI CASAL DEL MARMO;da specificare;;;;altezza palo acea n.137;Veicolo in marcia contro ostacolo accidentale;Curva a visuale libera;Due carreggiate;Asciutto;Asfaltata;Verticale ed orizzontale;Sereno;Normale;Buona;Ore Diurne;0;0;0;1;12,38134;41,92889;0;1;Autovettura privata;In marcia / fermata / arresto;Opel;Corsa;Conducente;1982;M;Illeso;0;;Non accertato;Inesploso
3604962;18;16/12/2017 11:30:00;Strada Urbana;VIA GREGORIO VII;all'intersezione con;VIA ORMISDA;VIA ORMISDA;;;Tamponamento;Intersezione semaforizzata;Più di due carreggiate;Asciutto;Asfaltata;Verticale ed orizzontale;Nuvoloso;Normale;Buona;Ore Diurne;0;0;0;3;;;0;1;Autovettura privata;In marcia / fermata / arresto;Fiat;Panda;Conducente;1929;F;Illeso;0;;Non accertato;
3604962;18;16/12/2017 11:30:00;Strada Urbana;VIA GREGORIO VII;all'intersezione con;VIA ORMISDA;VIA ORMISDA;;;Tamponamento;Intersezione semaforizzata;Più di due carreggiate;Asciutto;Asfaltata;Verticale ed orizzontale;Nuvoloso;Normale;Buona;Ore Diurne;0;0;0;3;;;0;2;Autovettura privata;In marcia / fermata / arresto;Volkswagen;Polo;Conducente;1971;M;Illeso;0;;;
3604962;18;16/12/2017 11:30:00;Strada Urbana;VIA GREGORIO VII;all'intersezione con;VIA ORMISDA;VIA ORMISDA;;;Tamponamento;Intersezione semaforizzata;Più di due carreggiate;Asciutto;Asfaltata;Verticale ed orizzontale;Nuvoloso;Normale;Buona;Ore Diurne;0;0;0;3;;;0;2;Autovettura privata;In marcia / fermata / arresto;Volkswagen;Polo;Passeggero;1981;M;Illeso;0;;;
3605032;16;17/12/2017 20:00:00;;PIAZZA FONTEIANA;da specificare;;;;area parcheggio fronte civico 16;Veicolo in marcia contro veicolo in sosta;;;;;;;;;;0;0;0;1;12,45436;41,88062;0;1;Autovettura privata;In marcia / fermata / arresto;Fiat;Panda;Conducente;0;F;Illeso;0;;;
3605033;2;18/12/2017 00:30:00;;VIA FLAMINIA;da specificare;;;;IN PROSSIMITA' DI VIA FRASSINETO;Investimento di pedone;;;;;;;;;;1;0;0;1;;;0;;;;;;Pedone;1968;F;Rimandato;0;NON DECEDUTO;;
3605033;2;18/12/2017 00:30:00;;VIA FLAMINIA;da specificare;;;;IN PROSSIMITA' DI VIA FRASSINETO;Investimento di pedone;;;;;;;;;;1;0;0;1;;;0;1;Autovettura privata;In marcia / fermata / arresto;Ford;Fiesta;Conducente;1978;F;Illeso;0;;;