Protocollo;Gruppo;DataOraIncidente;Localizzazione1;STRADA1;Localizzazione2;STRADA2;Strada02;Chilometrica;DaSpecificare;NaturaIncidente;particolaritastrade;TipoStrada;FondoStradale;Pavimentazione;Segnaletica;CondizioneAtmosferica;Traffico;Visibilita;Illuminazione;NUM_FERITI;NUM_RISERVATA;NUM_MORTI;NUM_ILLESI;Longitudine;Latitudine;Confermato;Progressivo;TipoVeicolo;StatoVeicolo;Marca;Modello;TipoPersona;AnnoNascita;Sesso;Tipolesione;Deceduto;DecedutoDopo;CinturaCascoUtilizzato;Airbag;
3605036;18;16/12/2017 19:30:00;Strada Urbana;VIALE DELLE MURA AURELIE;da specificare;;;;200 metri prima del civico 5 ;Veicolo in marcia contro ostacolo fisso;Curva senza visuale libera;Una carreggiata a senso unico di marcia;Bagnato (pioggia);Asfaltata;Verticale;Nuvoloso;Scarso;Sufficiente;Sufficiente;1;1;0;0;12,45925;41,89419;0;1;Motociclo con passeggero;In marcia / fermata / arresto;Honda;SH 125;Conducente;1995;M;Prognosi riservata;0;NON DECEDUTO;Non accertato;
3605036;18;16/12/2017 19:30:00;Strada Urbana;VIALE DELLE MURA AURELIE;da specificare;;;;200 metri prima del civico 5 ;Veicolo in marcia contro ostacolo fisso;Curva senza visuale libera;Una carreggiata a senso unico di marcia;Bagnato (pioggia);Asfaltata;Verticale;Nuvoloso;Scarso;Sufficiente;Sufficiente;1;1;0;0;12,45925;41,89419;0;1;Motociclo con passeggero;In marcia / fermata / arresto;Honda;SH 125;Passeggero;1998;F;Rimandato;0;NON DECEDUTO;Non accertato;
3605044;16;17/12/2017 23:20:00;;VIA QUIRINO MAJORANA;all'intersezione semaforizzata con;VIA ODERISI DA GUBBIO;VIA ODERISI DA GUBBIO;;;Veicolo in marcia contro ostacolo accidentale;;;;;;;;;;0;0;0;1;12,46223;41,86827;0;1;Autovettura privata;In marcia / fermata / arresto;Fiat;500;Conducente;0;M;Illeso;0;;;
3605052;18;17/12/2017 03:00:00;;VIA AURELIA;in prossimità;;della chilometrica;14;;Veicolo in marcia contro ostacolo fisso;;;;;;;;;;1;0;0;0;;;0;1;Autovettura privata;In marcia / fermata / arresto;Fiat;Panda;Conducente;0;M;Ricoverato;0;NON DECEDUTO;;
3605067;18;18/12/2017 07:45:00;;VIA DI BOCCEA;all'intersezione con;VIA FEDERICO GALEOTTI;VIA FEDERICO GALEOTTI;;;Scontro frontale/laterale DX fra veicoli in marcia;;;;;;;;;;1;0;0;2;;;0;1;Autovettura privata;In marcia / fermata / arresto;Peugeot;108;Conducente;0;F;Illeso;0;;;
3605067;18;18/12/2017 07:45:00;;VIA DI BOCCEA;all'intersezione con;VIA FEDERICO GALEOTTI;VIA FEDERICO GALEOTTI;;;Scontro frontale/laterale DX fra veicoli in marcia;;;;;;;;;;1;0;0;2;;;0;2;Motociclo con passeggero;In marcia / fermata / arresto;Yamaha;MT03;Conducente;0;M;Illeso;0;;;
3605067;18;18/12/2017 07:45:00;;VIA DI BOCCEA;all'intersezione con;VIA FEDERICO GALEOTTI;VIA FEDERICO GALEOTTI;;;Scontro frontale/laterale DX fra veicoli in marcia;;;;;;;;;;1;0;0;2;;;0;2;Motociclo con passeggero;In marcia / fermata / arresto;Yamaha;MT03;Passeggero;0;F;Rimandato;0;NON DECEDUTO;;
3605068;2;17/12/2017 01:00:00;;CORSO DI FRANCIA;all'intersezione semaforizzata con;VIA BARTOLOMEO GOSIO;VIA BARTOLOMEO GOSIO;;;Tamponamento;;;;;;;;;;1;0;0;2;;;0;1;Autovettura privata;In marcia / fermata / arresto;Suzuki;Gran Vitara;Conducente;1960;M;Rifiuta cure immediate;0;NON DECEDUTO;;
3605068;2;17/12/2017 01:00:00;;CORSO DI FRANCIA;all'intersezione semaforizzata con;VIA BARTOLOMEO GOSIO;VIA BARTOLOMEO GOSIO;;;Tamponamento;;;;;;;;;;1;0;0;2;;;0;1;Autovettura privata;In marcia / fermata / arresto;Suzuki;Gran Vitara;Passeggero;1966;F;Illeso;0;;;
3605068;2;17/12/2017 01:00:00;;CORSO DI FRANCIA;all'intersezione semaforizzata con;VIA BARTOLOMEO GOSIO;VIA BARTOLOMEO GOSIO;;;Tamponamento;;;;;;;;;;1;0;0;2;;;0;2;Autovettura pubblica;In marcia / fermata / arresto;Dacia;Duster;Conducente;1962;M;Illeso;0;;;
3605074;17;16/12/2017 10:35:00;Strada Urbana;PIAZZA S. MARIA DELLE GRAZIE;in prossimità;;del civico n.;3;;Investimento di pedone;Rettilineo;Una carreggiata a senso unico di marcia;Asciutto;Asfaltata;Verticale ed orizzontale;Sereno;Intenso;Buona;Ore Diurne;1;0;0;1;12,44853;41,90744;0;;;;;;Pedone;1964;M;Ricoverato;0;NON DECEDUTO;;
3605074;17;16/12/2017 10:35:00;Strada Urbana;PIAZZA S. MARIA DELLE GRAZIE;in prossimità;;del civico n.;3;;Investimento di pedone;Rettilineo;Una carreggiata a senso unico di marcia;Asciutto;Asfaltata;Verticale ed orizzontale;Sereno;Intenso;Buona;Ore Diurne;1;0;0;1;12,44853;41,90744;0;1;Autovettura privata;In marcia / fermata / arresto;Audi;A1;Conducente;1996;M;Illeso;0;;;
3605087;9;18/12/2017 12:30:00;Strada Urbana;VIA LANUVIO;all'intersezione semaforizzata con;VIA APPIA NUOVA;VIA APPIA NUOVA;;;Tamponamento;Intersezione semaforizzata;Una carreggiata a senso unico di marcia;Asciutto;Asfaltata;Verticale ed orizzontale;Sereno;Normale;Buona;Ore Diurne;0;0;0;2;;;0;1;Autovettura privata;In marcia / fermata / arresto;Volkswagen;Touran;Conducente;1993;M;Illeso;0;;Non accertato;
3605087;9;18/12/2017 12:30:00;Strada Urbana;VIA LANUVIO;all'intersezione semaforizzata con;VIA APPIA NUOVA;VIA APPIA NUOVA;;;Tamponamento;Intersezione semaforizzata;Una carreggiata a senso unico di marcia;Asciutto;Asfaltata;Verticale ed orizzontale;Sereno;Normale;Buona;Ore Diurne;0;0;0;2;;;0;1;Autovettura privata;In marcia / fermata / arresto;Volkswagen;Touran;Passeggero;1991;M;Illeso;0;;Non accertato;
3605121;13;15/12/2017 14:30:00;;VIA AMEDEO BOCCHI;in prossimità;;del civico n.;104;;Tamponamento;;;;;;;;;;0;0;0;1;;;0;1;Autovettura privata;In marcia / fermata / arresto;Toyota;Yaris;Conducente;1976;F;Illeso;0;;Non accertato;Inesploso
3605125;2;17/12/2017 11:05:00;;VIA NOMENTANA;in corrispondenza;;del civico n.;353;;Scontro frontale/laterale DX fra veicoli in marcia;;;;;;;;;;4;0;0;1;;;0;1;Autovettura privata;In marcia / fermata / arresto;Suzuki;Swift;Conducente;1969;F;Rifiuta cure immediate;0;NON DECEDUTO;;
3605125;2;17/12/2017 11:05:00;;VIA NOMENTANA;in corrispondenza;;del civico n.;353;;Scontro frontale/laterale DX fra veicoli in marcia;;;;;;;;;;4;0;0;1;;;0;1;Autovettura privata;In marcia / fermata / arresto;Suzuki;Swift;Passeggero;1970;M;Rimandato;0;NON DECEDUTO;;
3605125;2;17/12/2017 11:05:00;;VIA NOMENTANA;in corrispondenza;;del civico n.;353;;Scontro frontale/laterale DX fra veicoli in marcia;;;;;;;;;;4;0;0;1;;;0;1;Autovettura privata;In marcia / fermata / arresto;Suzuki;Swift;Passeggero;2007;F;Rimandato;0;NON DECEDUTO;;
3605125;2;17/12/2017 11:05:00;;VIA NOMENTANA;in corrispondenza;;del civico n.;353;;Scontro frontale/laterale DX fra veicoli in marcia;;;;;;;;;;4;0;0;1;;;0;1;Autovettura privata;In marcia / fermata / arresto;Suzuki;Swift;Passeggero;2012;F;Rimandato;0;NON DECEDUTO;;
3605125;2;17/12/2017 11:05:00;;VIA NOMENTANA;in corrispondenza;;del civico n.;353;;Scontro frontale/laterale DX fra veicoli in marcia;;;;;;;;;;4;0;0;1;;;0;2;Autovettura privata;In marcia / fermata / arresto;Toyota;Auris;Conducente;1941;M;Illeso;0;;;
3605147;19;18/12/2017 10:00:00;Strada Urbana;VIA S. GIUSEPPE DA COPERTINO;da specificare;;;;pros. ingresso parcheggio ipogeo degli Ottavi;Scontro laterale fra veicoli in marcia;Curva a visuale libera;Una carreggiata a senso unico di marcia;Asciutto;Asfaltata;Orizzontale;Sereno;Normale;Buona;Ore Diurne;0;0;0;2;;;0;1;Autovettura privata;In marcia / fermata / arresto;Fiat;Panda;Conducente;1928;M;Illeso;0;;Non accertato;Inesploso
3605147;19;18/12/2017 10:00:00;Strada Urbana;VIA S. GIUSEPPE DA COPERTINO;da specificare;;;;pros. ingresso parcheggio ipogeo degli Ottavi;Scontro laterale fra veicoli in marcia;Curva a visuale libera;Una carreggiata a senso unico di marcia;Asciutto;Asfaltata;Orizzontale;Sereno;Normale;Buona;Ore Diurne;0;0;0;2;;;0;2;Autovettura privata;In marcia / fermata / arresto;Ford;Fiesta;Conducente;1980;M;Illeso;0;;Non accertato;Inesploso
3605215;12;14/12/2017 19:00:00;Strada Urbana;VIA RISERVA DELLA TORRETTA;da specificare;;;;dir. Via di Brava a circa 70 mt da v. dell'Acquafr;Scontro frontale fra veicoli in marcia;Curva senza visuale libera;Una carreggiata a doppio senso;Bagnato (umidità in atto);Asfaltata;Verticale ed orizzontale;Nuvoloso;Scarso;Sufficiente;Sufficiente;3;0;0;0;;;0;1;Autovettura privata;In marcia / fermata / arresto;Volkswagen;FOX;Conducente;1939;F;Ricoverato;0;NON DECEDUTO;;
3605215;12;14/12/2017 19:00:00;Strada Urbana;VIA RISERVA DELLA TORRETTA;da specificare;;;;dir. Via di Brava a circa 70 mt da v. dell'Acquafr;Scontro frontale fra veicoli in marcia;Curva senza visuale libera;Una carreggiata a doppio senso;Bagnato (umidità in atto);Asfaltata;Verticale ed orizzontale;Nuvoloso;Scarso;Sufficiente;Sufficiente;3;0;0;0;;;0;2;Autovettura privata;In marcia / fermata / arresto;Fiat;600;Conducente;1976;F;Rimandato;0;NON DECEDUTO;Utilizzato;Esploso
3605215;12;14/12/2017 19:00:00;Strada Urbana;VIA RISERVA DELLA TORRETTA;da specificare;;;;dir. Via di Brava a circa 70 mt da v. dell'Acquafr;Scontro frontale fra veicoli in marcia;Curva senza visuale libera;Una carreggiata a doppio senso;Bagnato (umidità in atto);Asfaltata;Verticale ed orizzontale;Nuvoloso;Scarso;Sufficiente;Sufficiente;3;0;0;0;;;0;2;Autovettura privata;In marcia / fermata / arresto;Fiat;600;Passeggero;2010;M;Rimandato;0;NON DECEDUTO;Utilizzato;
3605217;2;17/12/2017 05:40:00;;CORSO DI FRANCIA;in corrispondenza;;del civico n.;230;;Veicolo in marcia contro veicolo in sosta;;;;;;;;;;0;0;0;1;;;0;2;Autovettura privata;In marcia / fermata / arresto;Toyota;Corolla;Conducente;1971;F;Illeso;0;;Non accertato;Inesploso
3605233;9;18/12/2017 08:40:00;;VIA GALLIA;all'intersezione con;VIA LUNI;VIA LUNI;;;Veicolo in marcia contro ostacolo fisso;;;;;;;;;;0;0;0;1;;;0;1;Autovettura privata;In marcia / fermata / arresto;Iveco;Daily;Conducente;1984;M;Illeso;0;;;
3605251;16;15/12/2017 17:10:00;;VIALE ISACCO NEWTON;da specificare;;;;fronte civico 109;Veicolo in marcia contro ostacolo accidentale;;;;;;;;;;0;0;0;2;12,44238;41,84875;0;1;Autovettura privata;In marcia / fermata / arresto;Toyota;Aygo;Conducente;0;F;Illeso;0;;;
3605251;16;15/12/2017 17:10:00;;VIALE ISACCO NEWTON;da specificare;;;;fronte civico 109;Veicolo in marcia contro ostacolo accidentale;;;;;;;;;;0;0;0;2;12,44238;41,84875;0;1;Autovettura privata;In marcia / fermata / arresto;Toyota;Aygo;Passeggero;0;M;Illeso;0;;;
3605258;16;15/12/2017 17:15:00;Strada Urbana;VIALE ISACCO NEWTON;da specificare;;;;fronte civico 109;Veicolo in marcia contro ostacolo accidentale;Rettilineo;Due carreggiate;Bagnato (pioggia);Asfaltata;Verticale ed orizzontale;Pioggia in atto;Normale;Sufficiente;Sufficiente;0;0;0;1;12,44238;41,84875;-1;1;Autovettura privata;In marcia / fermata / arresto;Fiat;500;Conducente;1969;M;Illeso;0;;Non accertato;
3605262;16;15/12/2017 17:20:00;;VIALE ISACCO NEWTON;da specificare;;;;fronte civico 109;Veicolo in marcia contro ostacolo accidentale;;;;;;;;;;0;0;0;2;12,44238;41,84875;0;1;Autovettura privata;In marcia / fermata / arresto;Ford;(ignoto);Conducente;0;F;Illeso;0;;;
3605262;16;15/12/2017 17:20:00;;VIALE ISACCO NEWTON;da specificare;;;;fronte civico 109;Veicolo in marcia contro ostacolo accidentale;;;;;;;;;;0;0;0;2;12,44238;41,84875;0;1;Autovettura privata;In marcia / fermata / arresto;Ford;(ignoto);Passeggero;0;M;Illeso;0;;;
3605270;16;18/12/2017 08:00:00;;VIALE DEI QUATTRO VENTI;da specificare;;;;PROX VIA MAIDALCHINI;Tamponamento;;;;;;;;;;0;0;0;2;;;0;1;Autovettura privata;In marcia / fermata / arresto;Renault;Clio;Conducente;0;F;Illeso;0;;;
3605270;16;18/12/2017 08:00:00;;VIALE DEI QUATTRO VENTI;da specificare;;;;PROX VIA MAIDALCHINI;Tamponamento;;;;;;;;;;0;0;0;2;;;0;2;Autocarro inferiore 35 q.;In marcia / fermata / arresto;Fiat;Panda Van;Conducente;0;M;Illeso;0;;;
3605271;16;18/12/2017 08:15:00;;VIA DI DONNA OLIMPIA;da specificare;;;;prossimità di V. F. Maidalchini;Scontro laterale fra veicoli in marcia;;;;;;;;;;0;0;0;3;12,45353;41,87674;0;1;Autovettura privata;In marcia / fermata / arresto;Mercedes;Smart Fortwo;Conducente;0;F;Illeso;0;;;
3605271;16;18/12/2017 08:15:00;;VIA DI DONNA OLIMPIA;da specificare;;;;prossimità di V. F. Maidalchini;Scontro laterale fra veicoli in marcia;;;;;;;;;;0;0;0;3;12,45353;41,87674;0;2;Motociclo a solo;In marcia / fermata / arresto;Honda;SH 150;Conducente;0;M;Illeso;0;;;
3605271;16;18/12/2017 08:15:00;;VIA DI DONNA OLIMPIA;da specificare;;;;prossimità di V. F. Maidalchini;Scontro laterale fra veicoli in marcia;;;;;;;;;;0;0;0;3;12,45353;41,87674;0;2;Motociclo a solo;In marcia / fermata / arresto;Honda;SH 150;Passeggero;0;F;Illeso;0;;;
3605276;16;18/12/2017 08:20:00;;VIA LEONE XIII;in corrispondenza;;del palo luce n.;54;;Tamponamento Multiplo;;;;;;;;;;0;0;0;7;12,44044;41,88694;0;1;Autovettura privata;In marcia / fermata / arresto;Volkswagen;UP;Conducente;0;M;Illeso;0;;;
3605276;16;18/12/2017 08:20:00;;VIA LEONE XIII;in corrispondenza;;del palo luce n.;54;;Tamponamento Multiplo;;;;;;;;;;0;0;0;7;12,44044;41,88694;0;2;Autovettura privata;In marcia / fermata / arresto;Hyundai;Athos;Conducente;0;M;Illeso;0;;;
3605276;16;18/12/2017 08:20:00;;VIA LEONE XIII;in corrispondenza;;del palo luce n.;54;;Tamponamento Multiplo;;;;;;;;;;0;0;0;7;12,44044;41,88694;0;2;Autovettura privata;In marcia / fermata / arresto;Hyundai;Athos;Passeggero;0;F;Illeso;0;;;
3605276;16;18/12/2017 08:20:00;;VIA LEONE XIII;in corrispondenza;;del palo luce n.;54;;Tamponamento Multiplo;;;;;;;;;;0;0;0;7;12,44044;41,88694;0;3;Autovettura privata;In marcia / fermata / arresto;Fiat;Punto;Conducente;0;M;Illeso;0;;;
3605276;16;18/12/2017 08:20:00;;VIA LEONE XIII;in corrispondenza;;del palo luce n.;54;;Tamponamento Multiplo;;;;;;;;;;0;0;0;7;12,44044;41,88694;0;3;Autovettura privata;In marcia / fermata / arresto;Fiat;Punto;Passeggero;0;F;Illeso;0;;;
3605276;16;18/12/2017 08:20:00;;VIA LEONE XIII;in corrispondenza;;del palo luce n.;54;;Tamponamento Multiplo;;;;;;;;;;0;0;0;7;12,44044;41,88694;0;4;Autovettura privata;In marcia / fermata / arresto;Fiat;Panda;Conducente;0;F;Illeso;0;;;
3605276;16;18/12/2017 08:20:00;;VIA LEONE XIII;in corrispondenza;;del palo luce n.;54;;Tamponamento Multiplo;;;;;;;;;;0;0;0;7;12,44044;41,88694;0;5;Motociclo a solo;In marcia / fermata / arresto;Yamaha;TMAX;Conducente;0;M;Illeso;0;;;
3605577;10;17/12/2017 17:15:00;;VIA APPIA NUOVA;da specificare;;;;km. 15,300 dir. Roma Centro;Tamponamento;;;;;;;;;;0;0;0;1;;;0;1;Autovettura privata;In marcia / fermata / arresto;Volkswagen;Golf;Conducente;1990;M;Illeso;0;;;
3605580;9;18/12/2017 18:40:00;;PIAZZA LUGO;all'intersezione semaforizzata con;VIA TARANTO;VIA TARANTO;;;Veicolo in marcia contro veicolo in sosta;;;;;;;;;;1;0;0;0;;;0;1;Ciclomotore;In marcia / fermata / arresto;Piaggio;Ape;Conducente;1974;M;Rimandato;0;NON DECEDUTO;;
3605581;15;18/12/2017 20:00:00;;VIA PORTUENSE;da specificare;;;;salita S. Carlo;Scontro laterale fra veicoli in marcia;;;;;;;;;;1;0;0;1;;;0;1;Autovettura privata;In marcia / fermata / arresto;Mitsubishi;Colt;Conducente;0;F;Illeso;0;;;
3605581;15;18/12/2017 20:00:00;;VIA PORTUENSE;da specificare;;;;salita S. Carlo;Scontro laterale fra veicoli in marcia;;;;;;;;;;1;0;0;1;;;0;2;Motociclo a solo;In marcia / fermata / arresto;Yamaha;Fazer;Conducente;1962;M;Rifiuta cure immediate;0;NON DECEDUTO;Utilizzato;
3605583;15;18/12/2017 15:15:00;;VIADOTTO DELLA MAGLIANA;da specificare;;;;prossimità riva pian due torri;Tamponamento Multiplo;;;;;;;;;;0;0;0;4;12,46314;41,84172;0;1;Autovettura privata;In marcia / fermata / arresto;Jeep;Renegade;Conducente;0;M;Illeso;0;;;
3605583;15;18/12/2017 15:15:00;;VIADOTTO DELLA MAGLIANA;da specificare;;;;prossimità riva pian due torri;Tamponamento Multiplo;;;;;;;;;;0;0;0;4;12,46314;41,84172;0;2;Autovettura privata;In marcia / fermata / arresto;Mercedes;Smart For Two;Conducente;0;M;Illeso;0;;;
3605583;15;18/12/2017 15:15:00;;VIADOTTO DELLA MAGLIANA;da specificare;;;;prossimità riva pian due torri;Tamponamento Multiplo;;;;;;;;;;0;0;0;4;12,46314;41,84172;0;3;Autovettura privata;In marcia / fermata / arresto;Mercedes;B 180;Conducente;0;M;Illeso;0;;;
3605583;15;18/12/2017 15:15:00;;VIADOTTO DELLA MAGLIANA;da specificare;;;;prossimità riva pian due torri;Tamponamento Multiplo;;;;;;;;;;0;0;0;4;12,46314;41,84172;0;4;Autovettura privata;In marcia / fermata / arresto;Mercedes;124C;Conducente;0;M;Illeso;0;;;
3605584;10;17/12/2017 23:30:00;;VIA APPIA PIGNATELLI;all'intersezione semaforizzata con;VIA ERODE ATTICO;VIA ERODE ATTICO;;;Scontro frontale fra veicoli in marcia;;;;;;;;;;0;0;0;5;;;0;1;Autovettura privata;In marcia / fermata / arresto;Hyundai;i 10;Conducente;1972;F;Illeso;0;;;
3605584;10;17/12/2017 23:30:00;;VIA APPIA PIGNATELLI;all'intersezione semaforizzata con;VIA ERODE ATTICO;VIA ERODE ATTICO;;;Scontro frontale fra veicoli in marcia;;;;;;;;;;0;0;0;5;;;0;1;Autovettura privata;In marcia / fermata / arresto;Hyundai;i 10;Passeggero;0;M;Illeso;0;;;
3605584;10;17/12/2017 23:30:00;;VIA APPIA PIGNATELLI;all'intersezione semaforizzata con;VIA ERODE ATTICO;VIA ERODE ATTICO;;;Scontro frontale fra veicoli in marcia;;;;;;;;;;0;0;0;5;;;0;1;Autovettura privata;In marcia / fermata / arresto;Hyundai;i 10;Passeggero;2000;M;Illeso;0;;;
3605584;10;17/12/2017 23:30:00;;VIA APPIA PIGNATELLI;all'intersezione semaforizzata con;VIA ERODE ATTICO;VIA ERODE ATTICO;;;Scontro frontale fra veicoli in marcia;;;;;;;;;;0;0;0;5;;;0;2;Autovettura privata;In marcia / fermata / arresto;Peugeot;107;Conducente;1991;F;Illeso;0;;;
3605592;15;18/12/2017 09:55:00;;VIA DELLE VIGNE;all'intersezione con;VIA CHIUSDINO;VIA CHIUSDINO;;;Scontro frontale/laterale DX fra veicoli in marcia;;;;;;;;;;0;0;0;2;12,42197;41,84034;0;1;Autovettura privata;In marcia / fermata / arresto;Mercedes;Smart For Two;Conducente;0;M;Illeso;0;;;
3605592;15;18/12/2017 09:55:00;;VIA DELLE VIGNE;all'intersezione con;VIA CHIUSDINO;VIA CHIUSDINO;;;Scontro frontale/laterale DX fra veicoli in marcia;;;;;;;;;;0;0;0;2;12,42197;41,84034;0;2;Autovettura privata;In marcia / fermata / arresto;Rover;214;Conducente;0;M;Illeso;0;;;
3605600;7;18/12/2017 13:40:00;Strada Urbana;VIALE PALMIRO TOGLIATTI;in corrispondenza;;del civico n.;727;;Tamponamento;Rettilineo;Due carreggiate;Asciutto;Asfaltata;Orizzontale;Sereno;Normale;Buona;Ore Diurne;0;0;0;2;12,57292;41,88198;-1;1;Autovettura privata;In marcia / fermata / arresto;Opel;Corsa;Conducente;1981;M;Illeso;0;;Non accertato;Inesploso
3605600;7;18/12/2017 13:40:00;Strada Urbana;VIALE PALMIRO TOGLIATTI;in corrispondenza;;del civico n.;727;;Tamponamento;Rettilineo;Due carreggiate;Asciutto;Asfaltata;Orizzontale;Sereno;Normale;Buona;Ore Diurne;0;0;0;2;12,57292;41,88198;-1;2;Autocarro inferiore 35 q.;In marcia / fermata / arresto;Nissan;CAB STAR;Conducente;1979;M;Illeso;0;;Non accertato;Inesploso
3605601;1;17/12/2017 02:30:00;Strada Urbana;PIAZZA VITTORIO EMANUELE II;all'intersezione con;VIA DELLO STATUTO;VIA DELLO STATUTO;;;Tamponamento;Incrocio;Una carreggiata a doppio senso;Asciutto;Acciotolata;Verticale ed orizzontale;Nuvoloso;Scarso;Sufficiente;Sufficiente;0;0;0;4;;;0;1;Autovettura privata;In marcia / fermata / arresto;Volkswagen;Polo;Conducente;1994;F;Illeso;0;;;
3605601;1;17/12/2017 02:30:00;Strada Urbana;PIAZZA VITTORIO EMANUELE II;all'intersezione con;VIA DELLO STATUTO;VIA DELLO STATUTO;;;Tamponamento;Incrocio;Una carreggiata a doppio senso;Asciutto;Acciotolata;Verticale ed orizzontale;Nuvoloso;Scarso;Sufficiente;Sufficiente;0;0;0;4;;;0;2;Autovettura privata;In marcia / fermata / arresto;Opel;Meriva;Conducente;1980;M;Illeso;0;;;
3605601;1;17/12/2017 02:30:00;Strada Urbana;PIAZZA VITTORIO EMANUELE II;all'intersezione con;VIA DELLO STATUTO;VIA DELLO STATUTO;;;Tamponamento;Incrocio;Una carreggiata a doppio senso;Asciutto;Acciotolata;Verticale ed orizzontale;Nuvoloso;Scarso;Sufficiente;Sufficiente;0;0;0;4;;;0;2;Autovettura privata;In marcia / fermata / arresto;Opel;Meriva;Passeggero;1986;M;Illeso;0;;;
3605601;1;17/12/2017 02:30:00;Strada Urbana;PIAZZA VITTORIO EMANUELE II;all'intersezione con;VIA DELLO STATUTO;VIA DELLO STATUTO;;;Tamponamento;Incrocio;Una carreggiata a doppio senso;Asciutto;Acciotolata;Verticale ed orizzontale;Nuvoloso;Scarso;Sufficiente;Sufficiente;0;0;0;4;;;0;2;Autovettura privata;In marcia / fermata / arresto;Opel;Meriva;Passeggero;1994;M;Illeso;0;;;
3605602;11;18/12/2017 10:00:00;Strada Urbana;VIA ARDEATINA;all'intersezione con;VIA DI GROTTA PERFETTA;VIA DI GROTTA PERFETTA;;;Tamponamento;Intersezione non regolata/non segnalata;Una carreggiata a doppio senso;Asciutto;Asfaltata;Verticale ed orizzontale;Nebbia;Intenso;Buona;Ore Diurne;0;0;0;2;12,51785;41,82958;-1;1;Autovettura privata;In marcia / fermata / arresto;Ford;Kuga;Conducente;1954;M;Illeso;0;;Non accertato;Inesploso
3605602;11;18/12/2017 10:00:00;Strada Urbana;VIA ARDEATINA;all'intersezione con;VIA DI GROTTA PERFETTA;VIA DI GROTTA PERFETTA;;;Tamponamento;Intersezione non regolata/non segnalata;Una carreggiata a doppio senso;Asciutto;Asfaltata;Verticale ed orizzontale;Nebbia;Intenso;Buona;Ore Diurne;0;0;0;2;12,51785;41,82958;-1;2;Autovettura privata;In marcia / fermata / arresto;Ford;Galaxy;Conducente;1960;M;Illeso;0;;;
3605603;11;18/12/2017 16:45:00;Strada Urbana;VIA CRISTOFORO COLOMBO;all'intersezione con;VIALE GIUSTINIANO IMPERATORE;VIALE GIUSTINIANO IMPERATORE;;;Scontro laterale fra veicoli in marcia;Intersezione non regolata/non segnalata;Più di due carreggiate;Asciutto;Asfaltata;Verticale ed orizzontale;Sereno;Normale;Buona;Sufficiente;1;0;0;1;12,48941;41,85391;0;1;Autovettura privata;In marcia / fermata / arresto;Renault;Scenic;Conducente;1948;M;Illeso;0;;;
3605603;11;18/12/2017 16:45:00;Strada Urbana;VIA CRISTOFORO COLOMBO;all'intersezione con;VIALE GIUSTINIANO IMPERATORE;VIALE GIUSTINIANO IMPERATORE;;;Scontro laterale fra veicoli in marcia;Intersezione non regolata/non segnalata;Più di due carreggiate;Asciutto;Asfaltata;Verticale ed orizzontale;Sereno;Normale;Buona;Sufficiente;1;0;0;1;12,48941;41,85391;0;2;Motociclo a solo;In marcia / fermata / arresto;Kimco;People;Conducente;1954;F;Rimandato;0;NON DECEDUTO;;
3605605;10;18/12/2017 20:40:00;;VIA BRITANNIA;in prossimità;;del civico n.;16;;Scontro laterale fra veicoli in marcia;;;;;;;;;;0;0;0;3;;;0;1;Autovettura privata;In marcia / fermata / arresto;Fiat;Punto;Conducente;1976;F;Illeso;0;;;
3605605;10;18/12/2017 20:40:00;;VIA BRITANNIA;in prossimità;;del civico n.;16;;Scontro laterale fra veicoli in marcia;;;;;;;;;;0;0;0;3;;;0;2;Autovettura privata;In marcia / fermata / arresto;Fiat;Panda;Conducente;1980;M;Illeso;0;;;
3605605;10;18/12/2017 20:40:00;;VIA BRITANNIA;in prossimità;;del civico n.;16;;Scontro laterale fra veicoli in marcia;;;;;;;;;;0;0;0;3;;;0;3;Motociclo a solo;In marcia / fermata / arresto;Honda;SH;Conducente;1994;;Illeso;0;;;
3605614;10;18/12/2017 17:10:00;Statale entro l'abitato;VIA TUSCOLANA;da specificare;;;;via Tuscolana/via Passolombardo;Scontro frontale/laterale DX fra veicoli in marcia;Pendenza;Più di due carreggiate;Asciutto;Asfaltata;Verticale;Sereno;Normale;Sufficiente;Ore Diurne;0;0;0;2;12,64353;41,82268;0;1;Autocarro inferiore 35 q.;In marcia / fermata / arresto;Mercedes;313;Conducente;1953;M;Illeso;0;;Non accertato;Inesploso
3605614;10;18/12/2017 17:10:00;Statale entro l'abitato;VIA TUSCOLANA;da specificare;;;;via Tuscolana/via Passolombardo;Scontro frontale/laterale DX fra veicoli in marcia;Pendenza;Più di due carreggiate;Asciutto;Asfaltata;Verticale;Sereno;Normale;Sufficiente;Ore Diurne;0;0;0;2;12,64353;41,82268;0;2;Autovettura privata;In marcia / fermata / arresto;Opel;Corsa;Conducente;1983;F;Illeso;0;;;
3605620;11;18/12/2017 11:35:00;;VIA CRISTOFORO COLOMBO;all'intersezione semaforizzata con;VIA ALESSANDRO SEVERO;VIA ALESSANDRO SEVERO;;;Scontro frontale/laterale DX fra veicoli in marcia;;;;;;;;;;0;0;0;1;;;0;1;Autovettura privata;In marcia / fermata / arresto;Fiat;Punto;Conducente;1964;M;Illeso;0;;;
3605627;13;18/12/2017 13:30:00;;VIA GIUSEPPE FAGNANO;in prossimità;;del civico n.;5;;Scontro laterale fra veicoli in marcia;;;;;;;;;;1;0;0;1;12,36836;41,78432;0;1;Motociclo a solo;In marcia / fermata / arresto;Suzuki;500 cc.;Conducente;1997;F;Rimandato;0;NON DECEDUTO;Non accertato;
3605627;13;18/12/2017 13:30:00;;VIA GIUSEPPE FAGNANO;in prossimità;;del civico n.;5;;Scontro laterale fra veicoli in marcia;;;;;;;;;;1;0;0;1;12,36836;41,78432;0;2;Autovettura privata;In marcia / fermata / arresto;Opel;Meriva;Conducente;1967;M;Illeso;0;;Non accertato;Inesploso