Protocollo;Gruppo;DataOraIncidente;Localizzazione1;STRADA1;Localizzazione2;STRADA2;Strada02;Chilometrica;DaSpecificare;NaturaIncidente;particolaritastrade;TipoStrada;FondoStradale;Pavimentazione;Segnaletica;CondizioneAtmosferica;Traffico;Visibilita;Illuminazione;NUM_FERITI;NUM_RISERVATA;NUM_MORTI;NUM_ILLESI;Longitudine;Latitudine;Confermato;Progressivo;TipoVeicolo;StatoVeicolo;Marca;Modello;TipoPersona;AnnoNascita;Sesso;Tipolesione;Deceduto;DecedutoDopo;CinturaCascoUtilizzato;Airbag;
3605629;1;13/12/2017 12:50:00;Strada Urbana;PIAZZA MADAMA;da specificare;;;;fronte civico 11;Veicolo in marcia contro ostacolo accidentale;Rettilineo;Una carreggiata a doppio senso;Viscido da liquidi oleosi;Acciotolata;Verticale ed orizzontale;Nuvoloso;Intenso;Buona;Ore Diurne;1;0;0;0;;;0;1;Ciclomotore;In marcia / fermata / arresto;Honda;SH Fifty;Conducente;1945;F;Rimandato;0;NON DECEDUTO;;
3605633;1;16/12/2017 02:20:00;;VIA DEL PLEBISCITO;in prossimità;;del civico n.;49;;Investimento di pedone;;;;;;;;;;1;0;0;1;;;0;;;;;;Pedone;0;M;Rimandato;0;NON DECEDUTO;;
3605633;1;16/12/2017 02:20:00;;VIA DEL PLEBISCITO;in prossimità;;del civico n.;49;;Investimento di pedone;;;;;;;;;;1;0;0;1;;;0;1;Autovettura privata;In marcia / fermata / arresto;Toyota;Yaris;Conducente;1986;F;Illeso;0;;;
3605636;13;18/12/2017 10:10:00;Strada Urbana;VIA CRISTOFORO COLOMBO;all'intersezione semaforizzata con;VIA DEL CANALE DELLA LINGUA;VIA DEL CANALE DELLA LINGUA;;;Scontro frontale/laterale SX fra veicoli in marcia;Intersezione semaforizzata;Più di due carreggiate;Asciutto;Asfaltata;Verticale ed orizzontale;Sereno;Normale;Buona;Ore Diurne;1;1;0;0;;;0;1;Autovettura privata;In marcia / fermata / arresto;Toyota;Yaris;Conducente;1941;F;Prognosi riservata;0;NON DECEDUTO;Non accertato;Esploso
3605636;13;18/12/2017 10:10:00;Strada Urbana;VIA CRISTOFORO COLOMBO;all'intersezione semaforizzata con;VIA DEL CANALE DELLA LINGUA;VIA DEL CANALE DELLA LINGUA;;;Scontro frontale/laterale SX fra veicoli in marcia;Intersezione semaforizzata;Più di due carreggiate;Asciutto;Asfaltata;Verticale ed orizzontale;Sereno;Normale;Buona;Ore Diurne;1;1;0;0;;;0;2;Autocarro inferiore 35 q.;In marcia / fermata / arresto; Mercedes ;Sprinter;Conducente;1972;M;Rimandato;0;NON DECEDUTO;Non accertato;Inesploso
3605641;19;18/12/2017 09:50:00;Strada Urbana;VIA FEDERICO BORROMEO;in corrispondenza;;del civico n.;27;;Scontro frontale fra veicoli in marcia;Rettilineo;Una carreggiata a doppio senso;Asciutto;Asfaltata;Assente;Sereno;Normale;Buona;Ore Diurne;0;0;0;2;12,41459;41,91494;-1;1;Autovettura privata;In marcia / fermata / arresto;Fiat;Bravo;Conducente;1977;M;Illeso;0;;;
3605641;19;18/12/2017 09:50:00;Strada Urbana;VIA FEDERICO BORROMEO;in corrispondenza;;del civico n.;27;;Scontro frontale fra veicoli in marcia;Rettilineo;Una carreggiata a doppio senso;Asciutto;Asfaltata;Assente;Sereno;Normale;Buona;Ore Diurne;0;0;0;2;12,41459;41,91494;-1;2;Autovettura privata;In marcia / fermata / arresto;Maruti;800;Conducente;1959;F;Illeso;0;;;
3605645;11;18/12/2017 11:35:00;Strada Urbana;VIA CRISTOFORO COLOMBO;in corrispondenza;;del palo luce n.;221;;Tamponamento;Rettilineo;Più di due carreggiate;Asciutto;Asfaltata;Verticale ed orizzontale;Sereno;Normale;Buona;Ore Diurne;1;0;0;1;12,48279;41,84875;0;1;Motociclo a solo;In marcia / fermata / arresto;Honda;PS 125;Conducente;1992;F;Rifiuta cure immediate;0;NON DECEDUTO;;
3605645;11;18/12/2017 11:35:00;Strada Urbana;VIA CRISTOFORO COLOMBO;in corrispondenza;;del palo luce n.;221;;Tamponamento;Rettilineo;Più di due carreggiate;Asciutto;Asfaltata;Verticale ed orizzontale;Sereno;Normale;Buona;Ore Diurne;1;0;0;1;12,48279;41,84875;0;2;Autovettura privata;In marcia / fermata / arresto;Lancia;Y;Conducente;1996;F;Illeso;0;;;
3605650;12;14/12/2017 11:20:00;;PIAZZALE DELL'AGRICOLTURA;in corrispondenza;;del civico n.;15;;Investimento di pedone;;;;;;;;;;1;0;0;1;;;0;;;;;;Pedone;0;M;Rimandato;0;NON DECEDUTO;;
3605650;12;14/12/2017 11:20:00;;PIAZZALE DELL'AGRICOLTURA;in corrispondenza;;del civico n.;15;;Investimento di pedone;;;;;;;;;;1;0;0;1;;;0;1;Autobus di linea;In marcia / fermata / arresto;TEMSA;AVENUE LF;Conducente;1975;M;Illeso;0;;Utilizzato;Inesploso
3605651;13;18/12/2017 12:15:00;;VIA ALESSANDRO STRADELLA;all'intersezione con;VIA CESARE PASCUCCI;VIA CESARE PASCUCCI;;;Scontro frontale/laterale SX fra veicoli in marcia;;;;;;;;;;0;0;0;2;12,35742;41,73881;0;1;Autovettura privata;In marcia / fermata / arresto;Nissan;Juke;Conducente;1946;M;Illeso;0;;Non accertato;Esploso
3605651;13;18/12/2017 12:15:00;;VIA ALESSANDRO STRADELLA;all'intersezione con;VIA CESARE PASCUCCI;VIA CESARE PASCUCCI;;;Scontro frontale/laterale SX fra veicoli in marcia;;;;;;;;;;0;0;0;2;12,35742;41,73881;0;2;Autovettura privata;In marcia / fermata / arresto;Fiat;500;Conducente;1942;M;Illeso;0;;Non accertato;Inesploso
3605653;15;19/12/2017 07:45:00;Strada Urbana;VIALE CASTELLO DELLA MAGLIANA;da specificare;;;;prox Via luigi ercole morselli;Veicolo in marcia contro ostacolo accidentale;Rettilineo;Due carreggiate;Ghiacciato;Asfaltata;Orizzontale;Sereno;Normale;Buona;Ore Diurne;0;0;0;1;;;0;1;Motociclo a solo;In marcia / fermata / arresto;Honda;SH 300;Conducente;1980;F;Illeso;0;;Non accertato;
3605656;17;18/12/2017 09:15:00;;VIALE DELLE MILIZIE;in prossimità;;del civico n.;7;;Scontro laterale fra veicoli in marcia;;;;;;;;;;0;0;0;2;12,45872;41,91113;0;2;Autovettura privata;In marcia / fermata / arresto;Fiat;Punto;Conducente;1998;F;Illeso;0;;;
3605656;17;18/12/2017 09:15:00;;VIALE DELLE MILIZIE;in prossimità;;del civico n.;7;;Scontro laterale fra veicoli in marcia;;;;;;;;;;0;0;0;2;12,45872;41,91113;0;2;Autovettura privata;In marcia / fermata / arresto;Fiat;Punto;Passeggero;1998;F;Illeso;0;;;
3605665;11;18/12/2017 18:15:00;Strada Urbana;VIALE DEL TINTORETTO;in corrispondenza;;del civico n.;371;;Tamponamento;Rettilineo;Una carreggiata a senso unico di marcia;Asciutto;Asfaltata;Verticale ed orizzontale;Sereno;Normale;Buona;Sufficiente;0;0;0;3;12,49425;41,83345;-1;1;Autovettura privata;In marcia / fermata / arresto;Opel;Corsa;Conducente;1960;M;Illeso;0;;Non accertato;
3605665;11;18/12/2017 18:15:00;Strada Urbana;VIALE DEL TINTORETTO;in corrispondenza;;del civico n.;371;;Tamponamento;Rettilineo;Una carreggiata a senso unico di marcia;Asciutto;Asfaltata;Verticale ed orizzontale;Sereno;Normale;Buona;Sufficiente;0;0;0;3;12,49425;41,83345;-1;2;Autovettura privata;In marcia / fermata / arresto;Audi;A 3;Conducente;1985;M;Illeso;0;;Non accertato;
3605665;11;18/12/2017 18:15:00;Strada Urbana;VIALE DEL TINTORETTO;in corrispondenza;;del civico n.;371;;Tamponamento;Rettilineo;Una carreggiata a senso unico di marcia;Asciutto;Asfaltata;Verticale ed orizzontale;Sereno;Normale;Buona;Sufficiente;0;0;0;3;12,49425;41,83345;-1;2;Autovettura privata;In marcia / fermata / arresto;Audi;A 3;Passeggero;1987;F;Illeso;0;;Non accertato;
3605669;20;18/12/2017 10:10:00;Strada Urbana;VIALE DI TOR DI QUINTO;in prossimità;;del civico n.;151;;Tamponamento;Rettilineo;Più di due carreggiate;Asciutto;Asfaltata;Verticale ed orizzontale;Sereno;Normale;Buona;Ore Diurne;0;0;0;2;;;0;1;Autovettura privata;In marcia / fermata / arresto;Daimler;A180;Conducente;1967;M;Illeso;0;;Non accertato;
3605669;20;18/12/2017 10:10:00;Strada Urbana;VIALE DI TOR DI QUINTO;in prossimità;;del civico n.;151;;Tamponamento;Rettilineo;Più di due carreggiate;Asciutto;Asfaltata;Verticale ed orizzontale;Sereno;Normale;Buona;Ore Diurne;0;0;0;2;;;0;2;Autovettura privata;In marcia / fermata / arresto;Suzuki;Swift;Conducente;1965;F;Illeso;0;;Non accertato;
3605672;17;18/12/2017 13:45:00;Strada Urbana;VIA TRIONFALE;in corrispondenza;;del civico n.;5952;;Investimento di pedone;Rettilineo;Una carreggiata a doppio senso;Asciutto;Asfaltata;Verticale ed orizzontale;Sereno;Normale;Buona;Ore Diurne;1;0;0;1;12,44941;41,92697;0;;;;;;Pedone;1980;M;Rimandato;0;NON DECEDUTO;;
3605672;17;18/12/2017 13:45:00;Strada Urbana;VIA TRIONFALE;in corrispondenza;;del civico n.;5952;;Investimento di pedone;Rettilineo;Una carreggiata a doppio senso;Asciutto;Asfaltata;Verticale ed orizzontale;Sereno;Normale;Buona;Ore Diurne;1;0;0;1;12,44941;41,92697;0;1;Autocarro inferiore 35 q.;In marcia / fermata / arresto;Ford;Transit Connect;Conducente;1959;M;Illeso;0;;;
3605673;1;17/12/2017 05:00:00;Strada Urbana;LUNGOTEVERE MARZIO;in prossimità;;del civico n.;12;;Veicolo in marcia contro veicoli in sosta;Curva a visuale libera;Una carreggiata a senso unico di marcia;Asciutto;Asfaltata;Verticale ed orizzontale;Sereno;Scarso;Buona;Sufficiente;1;0;0;0;;;0;1;Autovettura privata;In marcia / fermata / arresto;Chevrolet;Aveo;Conducente;0;F;Rimandato;0;NON DECEDUTO;;
3605677;19;18/12/2017 10:20:00;Strada Urbana;VIA GUIDO ALESSI;all'intersezione con;VIA ALBERTO CADLOLO;VIA ALBERTO CADLOLO;;;Scontro frontale fra veicoli in marcia;Incrocio;Una carreggiata a senso unico di marcia;Asciutto;Asfaltata;Verticale;Sereno;Normale;Buona;Ore Diurne;2;0;0;0;;;0;1;Autovettura privata;In marcia / fermata / arresto;Volvo;XC 60;Conducente;1967;M;Rimandato;0;NON DECEDUTO;;
3605677;19;18/12/2017 10:20:00;Strada Urbana;VIA GUIDO ALESSI;all'intersezione con;VIA ALBERTO CADLOLO;VIA ALBERTO CADLOLO;;;Scontro frontale fra veicoli in marcia;Incrocio;Una carreggiata a senso unico di marcia;Asciutto;Asfaltata;Verticale;Sereno;Normale;Buona;Ore Diurne;2;0;0;0;;;0;2;Motociclo a solo;In marcia / fermata / arresto;Yamaha;T- MAX;Conducente;1968;M;Rimandato;0;NON DECEDUTO;;
3605680;8;18/12/2017 05:30:00;;VIA DI ROCCA CENCIA;da specificare;;;;altzza VIA SINISCOLA direzione Casilina;Scontro frontale/laterale SX fra veicoli in marcia;;;;;;;;;;1;0;0;1;12,69223;41,87644;0;1;Autovettura privata;In marcia / fermata / arresto;Mercedes;Classe E;Conducente;1981;M;Illeso;0;;;
3605680;8;18/12/2017 05:30:00;;VIA DI ROCCA CENCIA;da specificare;;;;altzza VIA SINISCOLA direzione Casilina;Scontro frontale/laterale SX fra veicoli in marcia;;;;;;;;;;1;0;0;1;12,69223;41,87644;0;2;Autocarro inferiore 35 q.;In marcia / fermata / arresto;Fiat;Iveco Daily;Conducente;1981;M;Rifiuta cure immediate;0;NON DECEDUTO;;
3605683;20;18/12/2017 17:50:00;Strada Urbana;VIA DEI DUE PONTI;all'intersezione con;VIA DELLA CRESCENZA;VIA DELLA CRESCENZA;;;Scontro frontale/laterale SX fra veicoli in marcia;Incrocio;Una carreggiata a doppio senso;Asciutto;Asfaltata;Verticale ed orizzontale;Sereno;Normale;Buona;Insufficiente;1;0;0;2;;;0;1;Autovettura privata;In marcia / fermata / arresto;Land Rover;Freelander;Conducente;1948;M;Illeso;0;;Non accertato;Inesploso
3605683;20;18/12/2017 17:50:00;Strada Urbana;VIA DEI DUE PONTI;all'intersezione con;VIA DELLA CRESCENZA;VIA DELLA CRESCENZA;;;Scontro frontale/laterale SX fra veicoli in marcia;Incrocio;Una carreggiata a doppio senso;Asciutto;Asfaltata;Verticale ed orizzontale;Sereno;Normale;Buona;Insufficiente;1;0;0;2;;;0;1;Autovettura privata;In marcia / fermata / arresto;Land Rover;Freelander;Passeggero;1950;F;Illeso;0;;Non accertato;Inesploso
3605683;20;18/12/2017 17:50:00;Strada Urbana;VIA DEI DUE PONTI;all'intersezione con;VIA DELLA CRESCENZA;VIA DELLA CRESCENZA;;;Scontro frontale/laterale SX fra veicoli in marcia;Incrocio;Una carreggiata a doppio senso;Asciutto;Asfaltata;Verticale ed orizzontale;Sereno;Normale;Buona;Insufficiente;1;0;0;2;;;0;2;Autovettura privata;In marcia / fermata / arresto;Hyundai;Tucson;Conducente;1970;F;Rimandato;0;NON DECEDUTO;Non accertato;Esploso
3605685;8;18/12/2017 05:20:00;Statale entro l'abitato;VIA CASILINA;in prossimità;;del civico n.;1665;;Tamponamento;Rettilineo;Una carreggiata a doppio senso;Asciutto;Asfaltata;Verticale ed orizzontale;Sereno;Normale;Sufficiente;Sufficiente;1;0;0;1;12,64429;41,86267;0;1;Autovettura privata;In marcia / fermata / arresto;Dacia;Sandero;Conducente;1963;F;Rifiuta cure immediate;0;NON DECEDUTO;Non accertato;Inesploso
3605685;8;18/12/2017 05:20:00;Statale entro l'abitato;VIA CASILINA;in prossimità;;del civico n.;1665;;Tamponamento;Rettilineo;Una carreggiata a doppio senso;Asciutto;Asfaltata;Verticale ed orizzontale;Sereno;Normale;Sufficiente;Sufficiente;1;0;0;1;12,64429;41,86267;0;2;Autovettura privata;In marcia / fermata / arresto;Volkswagen;Polo;Conducente;1985;F;Illeso;0;;Non accertato;Inesploso
3605692;8;18/12/2017 06:50:00;;VIA DI ROCCA CENCIA;da specificare;;;;altezza VIA PAU;Scontro laterale fra veicoli in marcia;;;;;;;;;;0;0;0;2;12,69223;41,87644;0;1;Autovettura privata;In marcia / fermata / arresto;Opel;Meriva;Conducente;1970;M;Illeso;0;;Non accertato;Inesploso
3605692;8;18/12/2017 06:50:00;;VIA DI ROCCA CENCIA;da specificare;;;;altezza VIA PAU;Scontro laterale fra veicoli in marcia;;;;;;;;;;0;0;0;2;12,69223;41,87644;0;2;Autocarro inferiore 35 q.;In marcia / fermata / arresto;Ford;(ignoto);Conducente;1946;M;Illeso;0;;;
3605694;1;16/12/2017 06:55:00;Strada Urbana;VIA GINORI;all'intersezione con;VIA GIOVANNI BATTISTA BODONI;VIA GIOVANNI BATTISTA BODONI;;;Scontro frontale/laterale SX fra veicoli in marcia;Intersezione non regolata/non segnalata;Due carreggiate;Bagnato (umidità in atto);Asfaltata;Verticale ed orizzontale;Nuvoloso;Scarso;Sufficiente;Sufficiente;0;0;0;2;;;0;1;Autovettura privata;In marcia / fermata / arresto;Fiat;Punto;Conducente;1982;M;Illeso;0;;;
3605694;1;16/12/2017 06:55:00;Strada Urbana;VIA GINORI;all'intersezione con;VIA GIOVANNI BATTISTA BODONI;VIA GIOVANNI BATTISTA BODONI;;;Scontro frontale/laterale SX fra veicoli in marcia;Intersezione non regolata/non segnalata;Due carreggiate;Bagnato (umidità in atto);Asfaltata;Verticale ed orizzontale;Nuvoloso;Scarso;Sufficiente;Sufficiente;0;0;0;2;;;0;2;Autovettura privata;In marcia / fermata / arresto;Daewoo;Nubira;Conducente;1948;M;Illeso;0;;;
3605697;8;18/12/2017 09:30:00;Strada Urbana;VIA SELLIA;in prossimità;;del civico n.;90;;Veicolo in marcia contro ostacolo accidentale;Rettilineo;Una carreggiata a doppio senso;Bagnato (umidità in atto);Con buche;Orizzontale;Sereno;Normale;Buona;Ore Diurne;0;0;0;1;12,68285;41,87253;0;1;Autovettura privata;In marcia / fermata / arresto;BMW;AG560L;Conducente;1985;M;Illeso;0;;Non accertato;Inesploso
3605705;8;18/12/2017 12:15:00;;VIA DELLE RONDINI;in corrispondenza;;del civico n.;75;;Veicolo in marcia contro veicolo fermo;;;;;;;;;;0;0;0;3;12,59445;41,86369;0;1;Autovettura privata;In marcia / fermata / arresto;Citroen;C 4;Conducente;1994;M;Illeso;0;;;
3605705;8;18/12/2017 12:15:00;;VIA DELLE RONDINI;in corrispondenza;;del civico n.;75;;Veicolo in marcia contro veicolo fermo;;;;;;;;;;0;0;0;3;12,59445;41,86369;0;1;Autovettura privata;In marcia / fermata / arresto;Citroen;C 4;Passeggero;1995;M;Illeso;0;;;
3605705;8;18/12/2017 12:15:00;;VIA DELLE RONDINI;in corrispondenza;;del civico n.;75;;Veicolo in marcia contro veicolo fermo;;;;;;;;;;0;0;0;3;12,59445;41,86369;0;2;Autovettura privata;In marcia / fermata / arresto;Opel;Mokka;Conducente;1971;F;Illeso;0;;;
3605711;20;18/12/2017 09:20:00;Regionale entro l'abitato;VIA TIBERINA;da specificare;;;;rampa di collegamento tra Via Tiberina e Viadotto ;Tamponamento;Curva a visuale libera;Due carreggiate;Asciutto;Asfaltata;Verticale ed orizzontale;Sereno;Normale;Buona;Ore Diurne;0;0;0;3;;;0;1;Autovettura privata;In marcia / fermata / arresto;Mercedes;Smart Fortwo Coupè;Conducente;1970;F;Illeso;0;;Non accertato;
3605711;20;18/12/2017 09:20:00;Regionale entro l'abitato;VIA TIBERINA;da specificare;;;;rampa di collegamento tra Via Tiberina e Viadotto ;Tamponamento;Curva a visuale libera;Due carreggiate;Asciutto;Asfaltata;Verticale ed orizzontale;Sereno;Normale;Buona;Ore Diurne;0;0;0;3;;;0;1;Autovettura privata;In marcia / fermata / arresto;Mercedes;Smart Fortwo Coupè;Passeggero;1976;F;Illeso;0;;Non accertato;
3605711;20;18/12/2017 09:20:00;Regionale entro l'abitato;VIA TIBERINA;da specificare;;;;rampa di collegamento tra Via Tiberina e Viadotto ;Tamponamento;Curva a visuale libera;Due carreggiate;Asciutto;Asfaltata;Verticale ed orizzontale;Sereno;Normale;Buona;Ore Diurne;0;0;0;3;;;0;2;Motociclo a solo;In marcia / fermata / arresto;Honda;XL 1000;Conducente;1981;M;Illeso;0;;Non accertato;
3605716;19;17/12/2017 18:00:00;;VIA TRIONFALE;in corrispondenza;;del civico n.;8313;;Scontro laterale fra veicoli in marcia;;;;;;;;;;0;0;0;4;;;0;1;Autovettura privata;In marcia / fermata / arresto;Fiat;Punto S;Conducente;0;M;Illeso;0;;;
3605716;19;17/12/2017 18:00:00;;VIA TRIONFALE;in corrispondenza;;del civico n.;8313;;Scontro laterale fra veicoli in marcia;;;;;;;;;;0;0;0;4;;;0;1;Autovettura privata;In marcia / fermata / arresto;Fiat;Punto S;Passeggero;1940;M;Illeso;0;;;
3605716;19;17/12/2017 18:00:00;;VIA TRIONFALE;in corrispondenza;;del civico n.;8313;;Scontro laterale fra veicoli in marcia;;;;;;;;;;0;0;0;4;;;0;1;Autovettura privata;In marcia / fermata / arresto;Fiat;Punto S;Passeggero;2012;M;Illeso;0;;;
3605716;19;17/12/2017 18:00:00;;VIA TRIONFALE;in corrispondenza;;del civico n.;8313;;Scontro laterale fra veicoli in marcia;;;;;;;;;;0;0;0;4;;;0;2;Autovettura privata;In marcia / fermata / arresto;Toyota;Prius Plus;Conducente;0;M;Illeso;0;;;
3605718;1;17/12/2017 20:20:00;Strada Urbana;VIA DEL VIMINALE;all'intersezione con;VIA TORINO;VIA TORINO;;;Scontro frontale/laterale DX fra veicoli in marcia;Incrocio;Una carreggiata a senso unico di marcia;Asciutto;Asfaltata;Verticale;Sereno;Scarso;Buona;Sufficiente;1;0;0;2;;;0;1;Motociclo con passeggero;In marcia / fermata / arresto;Kimco;People;Conducente;1945;M;Illeso;0;;Utilizzato;
3605718;1;17/12/2017 20:20:00;Strada Urbana;VIA DEL VIMINALE;all'intersezione con;VIA TORINO;VIA TORINO;;;Scontro frontale/laterale DX fra veicoli in marcia;Incrocio;Una carreggiata a senso unico di marcia;Asciutto;Asfaltata;Verticale;Sereno;Scarso;Buona;Sufficiente;1;0;0;2;;;0;1;Motociclo con passeggero;In marcia / fermata / arresto;Kimco;People;Passeggero;1946;F;Rimandato;0;NON DECEDUTO;Utilizzato;
3605718;1;17/12/2017 20:20:00;Strada Urbana;VIA DEL VIMINALE;all'intersezione con;VIA TORINO;VIA TORINO;;;Scontro frontale/laterale DX fra veicoli in marcia;Incrocio;Una carreggiata a senso unico di marcia;Asciutto;Asfaltata;Verticale;Sereno;Scarso;Buona;Sufficiente;1;0;0;2;;;0;2;Motociclo a solo;In marcia / fermata / arresto;Piaggio;Medley;Conducente;2000;M;Illeso;0;;Utilizzato;
3605725;18;18/12/2017 19:45:00;Strada Urbana;VIA MATTIA BATTISTINI;all'intersezione semaforizzata con;VIA ENNIO BONIFAZI;VIA ENNIO BONIFAZI;;;Scontro laterale fra veicoli in marcia;Intersezione semaforizzata;Una carreggiata a doppio senso;Asciutto;Asfaltata;Orizzontale;Sereno;Normale;Sufficiente;Sufficiente;0;0;0;4;12,41843;41,91391;0;1;Autovettura privata;In marcia / fermata / arresto;Citroen;C1;Conducente;1962;F;Illeso;0;;Non accertato;Inesploso
3605725;18;18/12/2017 19:45:00;Strada Urbana;VIA MATTIA BATTISTINI;all'intersezione semaforizzata con;VIA ENNIO BONIFAZI;VIA ENNIO BONIFAZI;;;Scontro laterale fra veicoli in marcia;Intersezione semaforizzata;Una carreggiata a doppio senso;Asciutto;Asfaltata;Orizzontale;Sereno;Normale;Sufficiente;Sufficiente;0;0;0;4;12,41843;41,91391;0;1;Autovettura privata;In marcia / fermata / arresto;Citroen;C1;Passeggero;1948;F;Illeso;0;;Non accertato;Inesploso
3605725;18;18/12/2017 19:45:00;Strada Urbana;VIA MATTIA BATTISTINI;all'intersezione semaforizzata con;VIA ENNIO BONIFAZI;VIA ENNIO BONIFAZI;;;Scontro laterale fra veicoli in marcia;Intersezione semaforizzata;Una carreggiata a doppio senso;Asciutto;Asfaltata;Orizzontale;Sereno;Normale;Sufficiente;Sufficiente;0;0;0;4;12,41843;41,91391;0;1;Autovettura privata;In marcia / fermata / arresto;Citroen;C1;Passeggero;1957;F;Illeso;0;;Non accertato;Inesploso
3605725;18;18/12/2017 19:45:00;Strada Urbana;VIA MATTIA BATTISTINI;all'intersezione semaforizzata con;VIA ENNIO BONIFAZI;VIA ENNIO BONIFAZI;;;Scontro laterale fra veicoli in marcia;Intersezione semaforizzata;Una carreggiata a doppio senso;Asciutto;Asfaltata;Orizzontale;Sereno;Normale;Sufficiente;Sufficiente;0;0;0;4;12,41843;41,91391;0;2;Motociclo a solo;In marcia / fermata / arresto;Honda;600 CBR;Conducente;1979;M;Illeso;0;;Non accertato;
3605726;8;18/12/2017 14:05:00;Strada Urbana;VIA BORGHESIANA;da specificare;;;;altezza VIA DAVOLI;Veicolo in marcia contro ostacolo accidentale;Rettilineo;Una carreggiata a doppio senso;Asciutto;Asfaltata;Assente;Sereno;Normale;Buona;Ore Diurne;0;0;0;2;12,67241;41,87651;-1;1;Autovettura privata;In marcia / fermata / arresto;Fiat;Stilo;Conducente;1977;M;Illeso;0;;Non accertato;Inesploso
3605726;8;18/12/2017 14:05:00;Strada Urbana;VIA BORGHESIANA;da specificare;;;;altezza VIA DAVOLI;Veicolo in marcia contro ostacolo accidentale;Rettilineo;Una carreggiata a doppio senso;Asciutto;Asfaltata;Assente;Sereno;Normale;Buona;Ore Diurne;0;0;0;2;12,67241;41,87651;-1;1;Autovettura privata;In marcia / fermata / arresto;Fiat;Stilo;Passeggero;1970;F;Illeso;0;;Non accertato;Inesploso
3605735;8;18/12/2017 14:50:00;Strada Urbana;VIA BORGHESIANA;da specificare;;;;altezza VIA DAVOLI;Veicolo in marcia contro ostacolo accidentale;Rettilineo;Una carreggiata a doppio senso;Asciutto;Asfaltata;Orizzontale;Sereno;Normale;Buona;Ore Diurne;0;0;0;4;12,67241;41,87651;-1;1;Autovettura privata;In marcia / fermata / arresto;Ford;Fusion;Conducente;1964;F;Illeso;0;;Non accertato;Inesploso
3605735;8;18/12/2017 14:50:00;Strada Urbana;VIA BORGHESIANA;da specificare;;;;altezza VIA DAVOLI;Veicolo in marcia contro ostacolo accidentale;Rettilineo;Una carreggiata a doppio senso;Asciutto;Asfaltata;Orizzontale;Sereno;Normale;Buona;Ore Diurne;0;0;0;4;12,67241;41,87651;-1;1;Autovettura privata;In marcia / fermata / arresto;Ford;Fusion;Passeggero;1998;M;Illeso;0;;Non accertato;Inesploso
3605735;8;18/12/2017 14:50:00;Strada Urbana;VIA BORGHESIANA;da specificare;;;;altezza VIA DAVOLI;Veicolo in marcia contro ostacolo accidentale;Rettilineo;Una carreggiata a doppio senso;Asciutto;Asfaltata;Orizzontale;Sereno;Normale;Buona;Ore Diurne;0;0;0;4;12,67241;41,87651;-1;1;Autovettura privata;In marcia / fermata / arresto;Ford;Fusion;Passeggero;2000;M;Illeso;0;;Non accertato;Inesistente
3605735;8;18/12/2017 14:50:00;Strada Urbana;VIA BORGHESIANA;da specificare;;;;altezza VIA DAVOLI;Veicolo in marcia contro ostacolo accidentale;Rettilineo;Una carreggiata a doppio senso;Asciutto;Asfaltata;Orizzontale;Sereno;Normale;Buona;Ore Diurne;0;0;0;4;12,67241;41,87651;-1;1;Autovettura privata;In marcia / fermata / arresto;Ford;Fusion;Passeggero;2000;M;Illeso;0;;Non accertato;Inesploso
3605740;8;18/12/2017 15:30:00;Strada Urbana;VIA DELLA RISERVA NUOVA;in corrispondenza;;del civico n.;48;;Tamponamento Multiplo;Rettilineo;Una carreggiata a doppio senso;Asciutto;Asfaltata;Verticale ed orizzontale;Sereno;Normale;Buona;Ore Diurne;2;0;0;6;12,67951;41,89237;0;1;Autovettura privata;In marcia / fermata / arresto;Citroen;Berlingo;Conducente;1965;M;Illeso;0;;Non accertato;Inesploso
3605740;8;18/12/2017 15:30:00;Strada Urbana;VIA DELLA RISERVA NUOVA;in corrispondenza;;del civico n.;48;;Tamponamento Multiplo;Rettilineo;Una carreggiata a doppio senso;Asciutto;Asfaltata;Verticale ed orizzontale;Sereno;Normale;Buona;Ore Diurne;2;0;0;6;12,67951;41,89237;0;1;Autovettura privata;In marcia / fermata / arresto;Citroen;Berlingo;Passeggero;1972;M;Illeso;0;;Non accertato;Inesploso
3605740;8;18/12/2017 15:30:00;Strada Urbana;VIA DELLA RISERVA NUOVA;in corrispondenza;;del civico n.;48;;Tamponamento Multiplo;Rettilineo;Una carreggiata a doppio senso;Asciutto;Asfaltata;Verticale ed orizzontale;Sereno;Normale;Buona;Ore Diurne;2;0;0;6;12,67951;41,89237;0;1;Autovettura privata;In marcia / fermata / arresto;Citroen;Berlingo;Passeggero;1975;M;Illeso;0;;Non accertato;Inesploso
3605740;8;18/12/2017 15:30:00;Strada Urbana;VIA DELLA RISERVA NUOVA;in corrispondenza;;del civico n.;48;;Tamponamento Multiplo;Rettilineo;Una carreggiata a doppio senso;Asciutto;Asfaltata;Verticale ed orizzontale;Sereno;Normale;Buona;Ore Diurne;2;0;0;6;12,67951;41,89237;0;2;Autovettura privata;In marcia / fermata / arresto;Hyundai;Atos Prime;Conducente;1997;M;Illeso;0;;Non accertato;Inesploso