Protocollo;Gruppo;DataOraIncidente;Localizzazione1;STRADA1;Localizzazione2;STRADA2;Strada02;Chilometrica;DaSpecificare;NaturaIncidente;particolaritastrade;TipoStrada;FondoStradale;Pavimentazione;Segnaletica;CondizioneAtmosferica;Traffico;Visibilita;Illuminazione;NUM_FERITI;NUM_RISERVATA;NUM_MORTI;NUM_ILLESI;Longitudine;Latitudine;Confermato;Progressivo;TipoVeicolo;StatoVeicolo;Marca;Modello;TipoPersona;AnnoNascita;Sesso;Tipolesione;Deceduto;DecedutoDopo;CinturaCascoUtilizzato;Airbag;
3605911;1;18/12/2017 09:40:00;Strada Urbana;VIA VOLTURNO;in prossimità;;del civico n.;56;;Investimento di pedone;Rettilineo;Una carreggiata a doppio senso;Asciutto;Asfaltata;Verticale ed orizzontale;Sereno;Normale;Buona;Ore Diurne;0;0;0;2;;;0;1;Autovettura pubblica;In marcia / fermata / arresto;Fiat;Stilo;Conducente;1944;M;Illeso;0;;Utilizzato;Inesploso
3605914;4;18/12/2017 23:15:00;Strada Urbana;PIAZZALE JONIO;all'intersezione con;VIALE TIRRENO;VIALE TIRRENO;;;Scontro frontale/laterale SX fra veicoli in marcia;Intersezione stradale segnalata;Due carreggiate;Asciutto;Asfaltata;Verticale ed orizzontale;Sereno;Scarso;Sufficiente;Sufficiente;0;0;0;3;12,52563;41,94592;0;1;Motociclo a solo;In marcia / fermata / arresto;Kimco;People;Conducente;1999;M;Illeso;0;;;
3605914;4;18/12/2017 23:15:00;Strada Urbana;PIAZZALE JONIO;all'intersezione con;VIALE TIRRENO;VIALE TIRRENO;;;Scontro frontale/laterale SX fra veicoli in marcia;Intersezione stradale segnalata;Due carreggiate;Asciutto;Asfaltata;Verticale ed orizzontale;Sereno;Scarso;Sufficiente;Sufficiente;0;0;0;3;12,52563;41,94592;0;2;Autovettura privata;In marcia / fermata / arresto;Seat;Leon;Conducente;1989;M;Illeso;0;;;
3605914;4;18/12/2017 23:15:00;Strada Urbana;PIAZZALE JONIO;all'intersezione con;VIALE TIRRENO;VIALE TIRRENO;;;Scontro frontale/laterale SX fra veicoli in marcia;Intersezione stradale segnalata;Due carreggiate;Asciutto;Asfaltata;Verticale ed orizzontale;Sereno;Scarso;Sufficiente;Sufficiente;0;0;0;3;12,52563;41,94592;0;2;Autovettura privata;In marcia / fermata / arresto;Seat;Leon;Passeggero;1980;M;Illeso;0;;;
3605922;1;17/12/2017 02:30:00;Strada Urbana;VIA MARMORATA;in prossimità;;del civico n.;51;;Tamponamento Multiplo;Rettilineo;;Asciutto;Asfaltata;Verticale ed orizzontale;Sereno;Normale;Buona;Sufficiente;0;0;0;9;;;0;1;Autovettura privata;In marcia / fermata / arresto;Fiat;500;Conducente;1989;F;Illeso;0;;;
3605922;1;17/12/2017 02:30:00;Strada Urbana;VIA MARMORATA;in prossimità;;del civico n.;51;;Tamponamento Multiplo;Rettilineo;;Asciutto;Asfaltata;Verticale ed orizzontale;Sereno;Normale;Buona;Sufficiente;0;0;0;9;;;0;1;Autovettura privata;In marcia / fermata / arresto;Fiat;500;Passeggero;0;F;Illeso;0;;;
3605922;1;17/12/2017 02:30:00;Strada Urbana;VIA MARMORATA;in prossimità;;del civico n.;51;;Tamponamento Multiplo;Rettilineo;;Asciutto;Asfaltata;Verticale ed orizzontale;Sereno;Normale;Buona;Sufficiente;0;0;0;9;;;0;1;Autovettura privata;In marcia / fermata / arresto;Fiat;500;Passeggero;0;M;Illeso;0;;;
3605922;1;17/12/2017 02:30:00;Strada Urbana;VIA MARMORATA;in prossimità;;del civico n.;51;;Tamponamento Multiplo;Rettilineo;;Asciutto;Asfaltata;Verticale ed orizzontale;Sereno;Normale;Buona;Sufficiente;0;0;0;9;;;0;1;Autovettura privata;In marcia / fermata / arresto;Fiat;500;Passeggero;1988;M;Illeso;0;;;
3605922;1;17/12/2017 02:30:00;Strada Urbana;VIA MARMORATA;in prossimità;;del civico n.;51;;Tamponamento Multiplo;Rettilineo;;Asciutto;Asfaltata;Verticale ed orizzontale;Sereno;Normale;Buona;Sufficiente;0;0;0;9;;;0;2;Autovettura privata;In marcia / fermata / arresto;Ford;Fiesta;Conducente;1971;M;Illeso;0;;;
3605922;1;17/12/2017 02:30:00;Strada Urbana;VIA MARMORATA;in prossimità;;del civico n.;51;;Tamponamento Multiplo;Rettilineo;;Asciutto;Asfaltata;Verticale ed orizzontale;Sereno;Normale;Buona;Sufficiente;0;0;0;9;;;0;3;Autovettura privata;In marcia / fermata / arresto;Fiat;Sedici;Conducente;1977;M;Illeso;0;;;
3605922;1;17/12/2017 02:30:00;Strada Urbana;VIA MARMORATA;in prossimità;;del civico n.;51;;Tamponamento Multiplo;Rettilineo;;Asciutto;Asfaltata;Verticale ed orizzontale;Sereno;Normale;Buona;Sufficiente;0;0;0;9;;;0;3;Autovettura privata;In marcia / fermata / arresto;Fiat;Sedici;Passeggero;0;F;Illeso;0;;;
3605922;1;17/12/2017 02:30:00;Strada Urbana;VIA MARMORATA;in prossimità;;del civico n.;51;;Tamponamento Multiplo;Rettilineo;;Asciutto;Asfaltata;Verticale ed orizzontale;Sereno;Normale;Buona;Sufficiente;0;0;0;9;;;0;3;Autovettura privata;In marcia / fermata / arresto;Fiat;Sedici;Passeggero;0;M;Illeso;0;;;
3605923;1;15/12/2017 18:40:00;Strada Urbana;VIA VITTORIO VENETO;in prossimità;;del civico n.;4;;Scontro frontale/laterale SX fra veicoli in marcia;Rettilineo;Una carreggiata a doppio senso;Bagnato (pioggia);Asfaltata;Verticale ed orizzontale;Pioggia in atto;Normale;Sufficiente;Sufficiente;2;0;0;0;12,4884;41,90442;0;1;Motociclo a solo;In marcia / fermata / arresto;Piaggio;Vespa;Conducente;1962;M;Rifiuta cure immediate;0;NON DECEDUTO;Non accertato;
3605923;1;15/12/2017 18:40:00;Strada Urbana;VIA VITTORIO VENETO;in prossimità;;del civico n.;4;;Scontro frontale/laterale SX fra veicoli in marcia;Rettilineo;Una carreggiata a doppio senso;Bagnato (pioggia);Asfaltata;Verticale ed orizzontale;Pioggia in atto;Normale;Sufficiente;Sufficiente;2;0;0;0;12,4884;41,90442;0;2;Ciclomotore;In marcia / fermata / arresto;Piaggio;Zip;Conducente;1969;M;Rifiuta cure immediate;0;NON DECEDUTO;Non accertato;
3605931;10;19/12/2017 08:40:00;Strada Urbana;VIALE BRUNO RIZZIERI;in prossimità;;del civico n.;199;;Scontro laterale fra veicoli in marcia;Rettilineo;Una carreggiata a senso unico di marcia;Asciutto;Asfaltata;Assente;Sereno;Normale;Sufficiente;Sufficiente;0;0;0;3;;;0;1;Motociclo a solo;In marcia / fermata / arresto;Honda;SH 300;Conducente;1993;M;Illeso;0;;Non accertato;
3605931;10;19/12/2017 08:40:00;Strada Urbana;VIALE BRUNO RIZZIERI;in prossimità;;del civico n.;199;;Scontro laterale fra veicoli in marcia;Rettilineo;Una carreggiata a senso unico di marcia;Asciutto;Asfaltata;Assente;Sereno;Normale;Sufficiente;Sufficiente;0;0;0;3;;;0;2;Autovettura privata;In marcia / fermata / arresto;Fiat;500;Conducente;1984;M;Illeso;0;;Non accertato;Inesploso
3605931;10;19/12/2017 08:40:00;Strada Urbana;VIALE BRUNO RIZZIERI;in prossimità;;del civico n.;199;;Scontro laterale fra veicoli in marcia;Rettilineo;Una carreggiata a senso unico di marcia;Asciutto;Asfaltata;Assente;Sereno;Normale;Sufficiente;Sufficiente;0;0;0;3;;;0;2;Autovettura privata;In marcia / fermata / arresto;Fiat;500;Passeggero;2014;M;Illeso;0;;Non accertato;Inesploso
3605941;1;18/12/2017 11:45:00;Strada Urbana;VIA DEL CIRCO MASSIMO;in prossimità;;del palo luce n.;18;;Scontro frontale/laterale SX fra veicoli in marcia;Pendenza;Una carreggiata a doppio senso;Asciutto;Asfaltata;Verticale ed orizzontale;Sereno;Normale;Buona;Ore Diurne;1;0;0;1;12,48515;41,88536;0;1;Autovettura privata;In marcia / fermata / arresto;Ford;Galaxy;Conducente;1956;M;Illeso;0;;Non accertato;Inesploso
3605941;1;18/12/2017 11:45:00;Strada Urbana;VIA DEL CIRCO MASSIMO;in prossimità;;del palo luce n.;18;;Scontro frontale/laterale SX fra veicoli in marcia;Pendenza;Una carreggiata a doppio senso;Asciutto;Asfaltata;Verticale ed orizzontale;Sereno;Normale;Buona;Ore Diurne;1;0;0;1;12,48515;41,88536;0;2;Motociclo a solo;In marcia / fermata / arresto;Suzuki;Burgman;Conducente;1991;M;Rimandato;0;NON DECEDUTO;Utilizzato;
3605942;1;15/12/2017 21:30:00;Strada Urbana;VIA MARSALA;da specificare;;;;all'altezza del fronte civico 108/C;Veicolo in marcia contro veicolo fermo;Rettilineo;Una carreggiata a doppio senso;Asciutto;In cubetti di porfido;Verticale ed orizzontale;Nuvoloso;Normale;Sufficiente;Sufficiente;0;0;0;1;;;0;1;Autovettura privata;In marcia / fermata / arresto;Mercedes;(non accertato);Conducente;1967;M;Illeso;0;;;
3605967;1;18/12/2017 23:15:00;Strada Urbana;LARGO DELLE TERME DI CARACALLA;da specificare;;;;direzione p.le Numa Pompilio;Veicolo in marcia contro ostacolo fisso;Rettilineo;Una carreggiata a doppio senso;Asciutto;Asfaltata;Verticale ed orizzontale;Sereno;Scarso;Sufficiente;Sufficiente;1;0;0;0;;;0;1;Motociclo a solo;In marcia / fermata / arresto;Honda;SH;Conducente;1988;M;Rimandato;0;NON DECEDUTO;Non accertato;
3605991;2;18/12/2017 13:30:00;;VIA NIZZA;in prossimità;;del civico n.;78;;Tamponamento;;;;;;;;;;0;0;0;3;;;0;1;Autovettura privata;In marcia / fermata / arresto;Peugeot;207;Conducente;1951;M;Illeso;0;;;
3605991;2;18/12/2017 13:30:00;;VIA NIZZA;in prossimità;;del civico n.;78;;Tamponamento;;;;;;;;;;0;0;0;3;;;0;1;Autovettura privata;In marcia / fermata / arresto;Peugeot;207;Passeggero;1951;F;Illeso;0;;;
3605991;2;18/12/2017 13:30:00;;VIA NIZZA;in prossimità;;del civico n.;78;;Tamponamento;;;;;;;;;;0;0;0;3;;;0;2;Motociclo a solo;In marcia / fermata / arresto;BMW;F800ST;Conducente;1970;M;Illeso;0;;;
3605994;2;18/12/2017 15:40:00;;VIALE LIEGI;in prossimità;;del civico n.;33;;Investimento di pedone;;;;;;;;;;1;0;0;1;;;0;;;;;;Pedone;1979;F;Rimandato;0;NON DECEDUTO;;
3605994;2;18/12/2017 15:40:00;;VIALE LIEGI;in prossimità;;del civico n.;33;;Investimento di pedone;;;;;;;;;;1;0;0;1;;;0;1;Motociclo a solo;In marcia / fermata / arresto;Honda;SH 150;Conducente;1990;M;Illeso;0;;;
3605996;2;18/12/2017 17:30:00;;VIALE DEL MURO TORTO;in prossimità;;del palo luce n.;50;;Tamponamento;;;;;;;;;;1;0;0;1;;;0;1;Motociclo a solo;In marcia / fermata / arresto;Yamaha;X - MAX;Conducente;1969;F;Rimandato;0;NON DECEDUTO;;
3605996;2;18/12/2017 17:30:00;;VIALE DEL MURO TORTO;in prossimità;;del palo luce n.;50;;Tamponamento;;;;;;;;;;1;0;0;1;;;0;2;Autovettura privata;In marcia / fermata / arresto;Mercedes;Smart For Two;Conducente;1979;M;Illeso;0;;;
3605998;2;19/12/2017 03:05:00;;PIAZZA ISTRIA;in prossimità;;del civico n.;29;;Veicolo in marcia contro ostacolo fisso;;;;;;;;;;1;0;0;0;;;0;1;Motociclo a solo;In marcia / fermata / arresto;Piaggio;Beverly;Conducente;1974;M;Rimandato;0;NON DECEDUTO;;
3606020;1;18/12/2017 13:10:00;Strada Urbana;VIA DI S. STEFANO ROTONDO;in corrispondenza;;del civico n.;5/A;;Investimento di pedone;;;;;;;;;;1;0;0;1;;;0;;;;;;Pedone;1965;M;Rimandato;0;NON DECEDUTO;;
3606020;1;18/12/2017 13:10:00;Strada Urbana;VIA DI S. STEFANO ROTONDO;in corrispondenza;;del civico n.;5/A;;Investimento di pedone;;;;;;;;;;1;0;0;1;;;0;1;Autovettura privata;In marcia / fermata / arresto;Fiat;Bravo;Conducente;1987;M;Illeso;0;;;
3606042;17;18/12/2017 07:50:00;Strada Urbana;PIAZZA ADRIANA;in prossimità;;del civico n.;22;;Scontro laterale fra veicoli in marcia;Rettilineo;Una carreggiata a senso unico di marcia;Asciutto;Asfaltata;Verticale ed orizzontale;Nuvoloso;Intenso;Buona;Ore Diurne;0;0;0;1;12,46415;41,90349;0;1;Autovettura privata;In marcia / fermata / arresto;Hyundai;GETZ;Conducente;1957;M;Illeso;0;;;
3606076;10;19/12/2017 10:45:00;Strada Urbana;VIALE DEI CONSOLI;in prossimità;;del civico n.;81;;Scontro frontale/laterale SX fra veicoli in marcia;Rettilineo;Una carreggiata a senso unico di marcia;Asciutto;Asfaltata;Verticale ed orizzontale;Sereno;Normale;Sufficiente;Ore Diurne;0;0;0;2;12,5542;41,86319;0;1;Autovettura privata;In marcia / fermata / arresto;Opel;Astra;Conducente;1968;M;Illeso;0;;Non accertato;Inesploso
3606076;10;19/12/2017 10:45:00;Strada Urbana;VIALE DEI CONSOLI;in prossimità;;del civico n.;81;;Scontro frontale/laterale SX fra veicoli in marcia;Rettilineo;Una carreggiata a senso unico di marcia;Asciutto;Asfaltata;Verticale ed orizzontale;Sereno;Normale;Sufficiente;Ore Diurne;0;0;0;2;12,5542;41,86319;0;2;Autovettura privata;In marcia / fermata / arresto;Renault;Clio;Conducente;1985;M;Illeso;0;;Non accertato;Inesploso
3606093;1;18/12/2017 14:20:00;Strada Urbana;PIAZZA BARBERINI;in corrispondenza;;del civico n.;12;;Investimento di pedone;Rettilineo;Una carreggiata a senso unico di marcia;Asciutto;Asfaltata;Verticale ed orizzontale;Sereno;Normale;Buona;Ore Diurne;1;0;0;1;;;0;;;;;;Pedone;1941;F;Rimandato;0;NON DECEDUTO;;
3606093;1;18/12/2017 14:20:00;Strada Urbana;PIAZZA BARBERINI;in corrispondenza;;del civico n.;12;;Investimento di pedone;Rettilineo;Una carreggiata a senso unico di marcia;Asciutto;Asfaltata;Verticale ed orizzontale;Sereno;Normale;Buona;Ore Diurne;1;0;0;1;;;0;1;Motociclo a solo;In marcia / fermata / arresto;Piaggio;Cruiser;Conducente;1965;M;Illeso;0;;Utilizzato;
3606144;1;19/12/2017 01:15:00;Strada Urbana;VIA GIACOMO MEDICI;in corrispondenza;;del civico n.;2;;Veicolo in marcia contro veicoli in sosta;;Una carreggiata a senso unico di marcia;Asciutto;Asfaltata;;Sereno;Scarso;Buona;Sufficiente;0;0;0;2;12,46347;41,88764;0;1;Quadriciclo leggero;In marcia / fermata / arresto;AIXAM;-;Conducente;2000;M;Illeso;0;;Utilizzato;Inesploso
3606144;1;19/12/2017 01:15:00;Strada Urbana;VIA GIACOMO MEDICI;in corrispondenza;;del civico n.;2;;Veicolo in marcia contro veicoli in sosta;;Una carreggiata a senso unico di marcia;Asciutto;Asfaltata;;Sereno;Scarso;Buona;Sufficiente;0;0;0;2;12,46347;41,88764;0;1;Quadriciclo leggero;In marcia / fermata / arresto;AIXAM;-;Passeggero;1999;F;Illeso;0;;Utilizzato;Inesistente
3606146;12;13/12/2017 08:30:00;Strada Urbana;VIA CRISTOFORO COLOMBO;da specificare;;;;direzione Roma centro 100 metri dopo P.le dell'Ind;Infortunio per caduta del veicolo;Rettilineo;Più di due carreggiate;Bagnato (pioggia);Asfaltata;Verticale ed orizzontale;Pioggia in atto;Intenso;Buona;Ore Diurne;1;0;0;0;12,48091;41,84776;0;1;Motociclo a solo;In marcia / fermata / arresto;Honda;SH150;Conducente;1973;F;Rimandato;0;NON DECEDUTO;Utilizzato;
3606158;1;14/12/2017 11:45:00;Strada Urbana;VIALE MARCO POLO;all'intersezione con;PIAZZALE OSTIENSE;PIAZZALE OSTIENSE;;;Investimento di pedone;Intersezione non regolata/non segnalata;Una carreggiata a doppio senso;Asciutto;Asfaltata;Verticale ed orizzontale;Nuvoloso;Normale;Buona;Ore Diurne;0;0;0;2;;;0;;;;;;Pedone;1990;M;Illeso;0;;;
3606158;1;14/12/2017 11:45:00;Strada Urbana;VIALE MARCO POLO;all'intersezione con;PIAZZALE OSTIENSE;PIAZZALE OSTIENSE;;;Investimento di pedone;Intersezione non regolata/non segnalata;Una carreggiata a doppio senso;Asciutto;Asfaltata;Verticale ed orizzontale;Nuvoloso;Normale;Buona;Ore Diurne;0;0;0;2;;;0;1;Autovettura privata;In marcia / fermata / arresto;Fiat;Seicento;Conducente;1962;M;Illeso;0;;;
3606187;1;15/12/2017 12:30:00;Strada Urbana;VIA CILICIA;da specificare;;;;prossimità RAMPA DI IMMISSIONE PROV.VIA C.COLOMBO;Tamponamento Multiplo;Rettilineo;Due carreggiate;Bagnato (pioggia);Asfaltata;Verticale ed orizzontale;Pioggia in atto;Intenso;Buona;Ore Diurne;2;0;0;3;;;0;1;Autovettura privata;In marcia / fermata / arresto;Alfa Romeo;147;Conducente;1989;M;Illeso;0;;;
3606187;1;15/12/2017 12:30:00;Strada Urbana;VIA CILICIA;da specificare;;;;prossimità RAMPA DI IMMISSIONE PROV.VIA C.COLOMBO;Tamponamento Multiplo;Rettilineo;Due carreggiate;Bagnato (pioggia);Asfaltata;Verticale ed orizzontale;Pioggia in atto;Intenso;Buona;Ore Diurne;2;0;0;3;;;0;1;Autovettura privata;In marcia / fermata / arresto;Alfa Romeo;147;Passeggero;0;M;Illeso;0;;;
3606187;1;15/12/2017 12:30:00;Strada Urbana;VIA CILICIA;da specificare;;;;prossimità RAMPA DI IMMISSIONE PROV.VIA C.COLOMBO;Tamponamento Multiplo;Rettilineo;Due carreggiate;Bagnato (pioggia);Asfaltata;Verticale ed orizzontale;Pioggia in atto;Intenso;Buona;Ore Diurne;2;0;0;3;;;0;2;Autovettura privata;In marcia / fermata / arresto;Fiat;500;Conducente;1984;F;Rimandato;0;NON DECEDUTO;;
3606187;1;15/12/2017 12:30:00;Strada Urbana;VIA CILICIA;da specificare;;;;prossimità RAMPA DI IMMISSIONE PROV.VIA C.COLOMBO;Tamponamento Multiplo;Rettilineo;Due carreggiate;Bagnato (pioggia);Asfaltata;Verticale ed orizzontale;Pioggia in atto;Intenso;Buona;Ore Diurne;2;0;0;3;;;0;3;Autovettura privata;In marcia / fermata / arresto;Ford;(non accertato);Conducente;1990;F;Rifiuta cure immediate;0;NON DECEDUTO;;
3606249;1;18/12/2017 14:50:00;Strada Urbana;VIA DI S. CROCE IN GERUSALEMME;all'intersezione con;VIA GERMANO SOMMEILLER;VIA GERMANO SOMMEILLER;;;Veicolo in marcia contro veicolo arresto;Incrocio;Una carreggiata a doppio senso;Asciutto;Asfaltata;Verticale ed orizzontale;Sereno;Normale;Buona;Ore Diurne;0;0;0;2;;;0;1;Autovettura privata;In marcia / fermata / arresto;Land Rover;Defender;Conducente;1942;M;Illeso;0;;Utilizzato;Inesploso
3606249;1;18/12/2017 14:50:00;Strada Urbana;VIA DI S. CROCE IN GERUSALEMME;all'intersezione con;VIA GERMANO SOMMEILLER;VIA GERMANO SOMMEILLER;;;Veicolo in marcia contro veicolo arresto;Incrocio;Una carreggiata a doppio senso;Asciutto;Asfaltata;Verticale ed orizzontale;Sereno;Normale;Buona;Ore Diurne;0;0;0;2;;;0;2;Autovettura privata;In marcia / fermata / arresto;Peugeot;308;Conducente;1967;M;Illeso;0;;Utilizzato;Inesploso
3606255;1;15/12/2017 14:00:00;Strada Urbana;VIA DEI LATERANI;in corrispondenza;;del civico n.;21;;Scontro laterale fra veicoli in marcia;;Una carreggiata a senso unico di marcia;Bagnato (pioggia);Asfaltata;;Pioggia in atto;Normale;Buona;Ore Diurne;0;0;0;2;;;0;1;Autovettura privata;In marcia / fermata / arresto;Honda;HRV;Conducente;1957;M;Illeso;0;;;
3606255;1;15/12/2017 14:00:00;Strada Urbana;VIA DEI LATERANI;in corrispondenza;;del civico n.;21;;Scontro laterale fra veicoli in marcia;;Una carreggiata a senso unico di marcia;Bagnato (pioggia);Asfaltata;;Pioggia in atto;Normale;Buona;Ore Diurne;0;0;0;2;;;0;2;Autovettura privata;In marcia / fermata / arresto;Fiat;500;Conducente;1991;M;Illeso;0;;;
3606268;1;17/12/2017 11:45:00;Strada Urbana;VIA ACCIAIOLI;all'intersezione con;CORSO VITTORIO EMANUELE II;CORSO VITTORIO EMANUELE II;;;Scontro laterale fra veicoli in marcia;Intersezione stradale segnalata;Una carreggiata a senso unico alternato;Asciutto;Asfaltata;Verticale ed orizzontale;Sereno;Intenso;Buona;Ore Diurne;0;0;0;1;;;0;1;Autovettura pubblica;In marcia / fermata / arresto;Dacia;Duster;Conducente;1965;M;Illeso;0;;Non accertato;Inesploso
3606285;7;19/12/2017 07:40:00;Strada Urbana;VIA DAVIDE CAMPARI;in prossimità;;del palo luce n.;44;;Scontro frontale/laterale DX fra veicoli in marcia;Curva senza visuale libera;Una carreggiata a doppio senso;Asciutto;Asfaltata;Assente;Sereno;Normale;Buona;Ore Diurne;2;0;0;1;12,58901;41,8856;-1;1;Autovettura privata;In marcia / fermata / arresto;BMW;X3;Conducente;1966;F;Rimandato;0;NON DECEDUTO;Non accertato;
3606285;7;19/12/2017 07:40:00;Strada Urbana;VIA DAVIDE CAMPARI;in prossimità;;del palo luce n.;44;;Scontro frontale/laterale DX fra veicoli in marcia;Curva senza visuale libera;Una carreggiata a doppio senso;Asciutto;Asfaltata;Assente;Sereno;Normale;Buona;Ore Diurne;2;0;0;1;12,58901;41,8856;-1;1;Autovettura privata;In marcia / fermata / arresto;BMW;X3;Passeggero;2001;M;Rimandato;0;NON DECEDUTO;Non accertato;Inesploso
3606285;7;19/12/2017 07:40:00;Strada Urbana;VIA DAVIDE CAMPARI;in prossimità;;del palo luce n.;44;;Scontro frontale/laterale DX fra veicoli in marcia;Curva senza visuale libera;Una carreggiata a doppio senso;Asciutto;Asfaltata;Assente;Sereno;Normale;Buona;Ore Diurne;2;0;0;1;12,58901;41,8856;-1;2;Autovettura privata;In marcia / fermata / arresto;Opel;Corsa;Conducente;1935;M;Illeso;0;;Non accertato;Inesploso
3606294;1;18/12/2017 23:15:00;Strada Urbana;LUNGOTEVERE DEI TEBALDI;in prossimità;;del civico n.;17;;Veicolo in marcia contro ostacolo fisso;Rettilineo;Una carreggiata a senso unico di marcia;Asciutto;Asfaltata;Verticale ed orizzontale;Sereno;Scarso;Buona;Sufficiente;0;0;0;2;;;0;1;Autobus turistico;In marcia / fermata / arresto;Ayatis S.A.;Bravo I;Conducente;1974;M;Illeso;0;;Non accertato;
3606294;1;18/12/2017 23:15:00;Strada Urbana;LUNGOTEVERE DEI TEBALDI;in prossimità;;del civico n.;17;;Veicolo in marcia contro ostacolo fisso;Rettilineo;Una carreggiata a senso unico di marcia;Asciutto;Asfaltata;Verticale ed orizzontale;Sereno;Scarso;Buona;Sufficiente;0;0;0;2;;;0;1;Autobus turistico;In marcia / fermata / arresto;Ayatis S.A.;Bravo I;Passeggero;1952;M;Illeso;0;;Non accertato;Inesistente
3606295;7;19/12/2017 10:30:00;Strada Urbana;VIA DI TOR CERVARA;in prossimità;;del civico n.;279;;Scontro frontale fra veicoli in marcia;Rettilineo;Una carreggiata a doppio senso;Asciutto;Asfaltata;Verticale ed orizzontale;Sereno;Intenso;Buona;Ore Diurne;1;0;0;1;12,58848;41,90937;0;1;Motociclo a solo;In marcia / fermata / arresto;Honda;Foresight;Conducente;1959;M;Rimandato;0;NON DECEDUTO;Non accertato;
3606295;7;19/12/2017 10:30:00;Strada Urbana;VIA DI TOR CERVARA;in prossimità;;del civico n.;279;;Scontro frontale fra veicoli in marcia;Rettilineo;Una carreggiata a doppio senso;Asciutto;Asfaltata;Verticale ed orizzontale;Sereno;Intenso;Buona;Ore Diurne;1;0;0;1;12,58848;41,90937;0;2;Autocarro inferiore 35 q.;In marcia / fermata / arresto;Fiat;Iveco;Conducente;1984;M;Illeso;0;;Non accertato;Inesploso
3606306;7;19/12/2017 11:45:00;Strada Urbana;VIALE PALMIRO TOGLIATTI;in prossimità;;del civico n.;515;;Scontro frontale/laterale DX fra veicoli in marcia;Rettilineo;Due carreggiate;Asciutto;Asfaltata;Verticale ed orizzontale;Sereno;Intenso;Buona;Ore Diurne;1;0;0;1;12,56999;41,87481;-1;1;Autocarro inferiore 35 q.;In marcia / fermata / arresto;Fiat;Panda Van;Conducente;1964;M;Illeso;0;;Non accertato;Inesploso
3606306;7;19/12/2017 11:45:00;Strada Urbana;VIALE PALMIRO TOGLIATTI;in prossimità;;del civico n.;515;;Scontro frontale/laterale DX fra veicoli in marcia;Rettilineo;Due carreggiate;Asciutto;Asfaltata;Verticale ed orizzontale;Sereno;Intenso;Buona;Ore Diurne;1;0;0;1;12,56999;41,87481;-1;2;Motociclo a solo;In marcia / fermata / arresto;Honda;Fore sight;Conducente;1959;M;Rimandato;0;NON DECEDUTO;Non accertato;
3606345;1;19/12/2017 05:50:00;Strada Urbana;VIA DELLA CROCE;all'intersezione con;VIA BELSIANA;VIA BELSIANA;;;Scontro frontale/laterale SX fra veicoli in marcia;Intersezione stradale segnalata;Una carreggiata a senso unico di marcia;Asciutto;Acciotolata;Assente;Sereno;Scarso;Buona;Sufficiente;0;0;0;3;;;0;1;Autocarro inferiore 35 q.;In marcia / fermata / arresto;Opel;Vivaro;Conducente;1972;M;Illeso;0;;;
3606345;1;19/12/2017 05:50:00;Strada Urbana;VIA DELLA CROCE;all'intersezione con;VIA BELSIANA;VIA BELSIANA;;;Scontro frontale/laterale SX fra veicoli in marcia;Intersezione stradale segnalata;Una carreggiata a senso unico di marcia;Asciutto;Acciotolata;Assente;Sereno;Scarso;Buona;Sufficiente;0;0;0;3;;;0;2;Autovettura privata;In marcia / fermata / arresto;Volkswagen;Golf;Conducente;1974;M;Illeso;0;;;
3606345;1;19/12/2017 05:50:00;Strada Urbana;VIA DELLA CROCE;all'intersezione con;VIA BELSIANA;VIA BELSIANA;;;Scontro frontale/laterale SX fra veicoli in marcia;Intersezione stradale segnalata;Una carreggiata a senso unico di marcia;Asciutto;Acciotolata;Assente;Sereno;Scarso;Buona;Sufficiente;0;0;0;3;;;0;2;Autovettura privata;In marcia / fermata / arresto;Volkswagen;Golf;Passeggero;1982;M;Illeso;0;;;
3606530;16;18/12/2017 13:25:00;;VIA DEL PESCACCIO;da specificare;;;;prox fermata ATAC n°70913 prox Supermercato METRO;Tamponamento;;;;;;;;;;0;0;0;3;;;0;1;Autovettura privata;In marcia / fermata / arresto;Volkswagen;Golf;Conducente;0;M;Illeso;0;;;
3606530;16;18/12/2017 13:25:00;;VIA DEL PESCACCIO;da specificare;;;;prox fermata ATAC n°70913 prox Supermercato METRO;Tamponamento;;;;;;;;;;0;0;0;3;;;0;1;Autovettura privata;In marcia / fermata / arresto;Volkswagen;Golf;Passeggero;0;M;Illeso;0;;;
3606530;16;18/12/2017 13:25:00;;VIA DEL PESCACCIO;da specificare;;;;prox fermata ATAC n°70913 prox Supermercato METRO;Tamponamento;;;;;;;;;;0;0;0;3;;;0;2;Autovettura pubblica;In marcia / fermata / arresto;Mercedes;B 180;Conducente;0;M;Illeso;0;;;
3606554;6;19/12/2017 14:30:00;Strada Urbana;VIALE DELLA SERENISSIMA;da specificare;;;;alt. civ. 91 dir. Tiburtina;Tamponamento Multiplo;Rettilineo;Due carreggiate;Asciutto;Asfaltata;Orizzontale;Sereno;Intenso;Buona;Ore Diurne;0;0;0;3;12,55858;41,89719;-1;1;Autocarro inferiore 35 q.;In marcia / fermata / arresto;Fiat;Doblo';Conducente;1991;M;Illeso;0;;Esente;Inesploso