Protocollo;Gruppo;DataOraIncidente;Localizzazione1;STRADA1;Localizzazione2;STRADA2;Strada02;Chilometrica;DaSpecificare;NaturaIncidente;particolaritastrade;TipoStrada;FondoStradale;Pavimentazione;Segnaletica;CondizioneAtmosferica;Traffico;Visibilita;Illuminazione;NUM_FERITI;NUM_RISERVATA;NUM_MORTI;NUM_ILLESI;Longitudine;Latitudine;Confermato;Progressivo;TipoVeicolo;StatoVeicolo;Marca;Modello;TipoPersona;AnnoNascita;Sesso;Tipolesione;Deceduto;DecedutoDopo;CinturaCascoUtilizzato;Airbag;
3607313;8;19/12/2017 15:35:00;;VIA CARLO SANTARELLI;all'intersezione con;VIA CASILINA;VIA CASILINA;;;Scontro frontale fra veicoli in marcia;;;;;;;;;;0;0;0;3;;;0;1;Autovettura privata;In marcia / fermata / arresto;Fiat;500 L;Passeggero;1970;F;Illeso;0;;;
3607313;8;19/12/2017 15:35:00;;VIA CARLO SANTARELLI;all'intersezione con;VIA CASILINA;VIA CASILINA;;;Scontro frontale fra veicoli in marcia;;;;;;;;;;0;0;0;3;;;0;2;Autobus di linea;In marcia / fermata / arresto;TEMSA;AVENUE LF;Conducente;1971;M;Illeso;0;;;
3607315;12;19/12/2017 15:50:00;Strada Urbana;VIA SALVATORE QUASIMODO;in prossimità;;del palo luce n.;30;;Investimento di pedone;Rettilineo;Una carreggiata a doppio senso;Asciutto;Asfaltata;Verticale ed orizzontale;Sereno;Normale;Buona;Sufficiente;2;0;0;1;12,46872;41,81511;0;;;;;;Pedone;1981;F;Rimandato;0;NON DECEDUTO;;
3607315;12;19/12/2017 15:50:00;Strada Urbana;VIA SALVATORE QUASIMODO;in prossimità;;del palo luce n.;30;;Investimento di pedone;Rettilineo;Una carreggiata a doppio senso;Asciutto;Asfaltata;Verticale ed orizzontale;Sereno;Normale;Buona;Sufficiente;2;0;0;1;12,46872;41,81511;0;;;;;;Pedone;2012;F;Rimandato;0;NON DECEDUTO;;
3607315;12;19/12/2017 15:50:00;Strada Urbana;VIA SALVATORE QUASIMODO;in prossimità;;del palo luce n.;30;;Investimento di pedone;Rettilineo;Una carreggiata a doppio senso;Asciutto;Asfaltata;Verticale ed orizzontale;Sereno;Normale;Buona;Sufficiente;2;0;0;1;12,46872;41,81511;0;1;Autovettura privata;In marcia / fermata / arresto;Renault;Megane;Conducente;1986;M;Illeso;0;;Non accertato;Inesploso
3607316;8;19/12/2017 14:40:00;Strada Urbana;VIA DEL FOSSO DI S. MAURA;all'intersezione con;VIALE DELLA SORBONA;VIALE DELLA SORBONA;;;Tamponamento;Rotatoria;Due carreggiate;Asciutto;Asfaltata;Verticale ed orizzontale;Sereno;Intenso;Buona;Ore Diurne;0;0;0;2;12,59469;41,85795;-1;1;Autovettura privata;In marcia / fermata / arresto;Fiat;Punto;Conducente;1976;M;Illeso;0;;Non accertato;Inesploso
3607316;8;19/12/2017 14:40:00;Strada Urbana;VIA DEL FOSSO DI S. MAURA;all'intersezione con;VIALE DELLA SORBONA;VIALE DELLA SORBONA;;;Tamponamento;Rotatoria;Due carreggiate;Asciutto;Asfaltata;Verticale ed orizzontale;Sereno;Intenso;Buona;Ore Diurne;0;0;0;2;12,59469;41,85795;-1;2;Autovettura privata;In marcia / fermata / arresto;Volkswagen;Golf;Conducente;1984;M;Illeso;0;;Non accertato;Inesploso
3607317;8;19/12/2017 05:50:00;Strada Urbana;VIA ERNESTO BREDA;all'intersezione con;VIA AMBROGIO NECCHI;VIA AMBROGIO NECCHI;;;Scontro frontale/laterale DX fra veicoli in marcia;Incrocio;Una carreggiata a doppio senso;Asciutto;Asfaltata;Verticale ed orizzontale;Sereno;Normale;Buona;Ore Diurne;1;0;0;1;12,64326;41,86086;0;1;Autovettura privata;In marcia / fermata / arresto;Toyota;Corolla;Conducente;1972;M;Illeso;0;;Non accertato;Inesploso
3607317;8;19/12/2017 05:50:00;Strada Urbana;VIA ERNESTO BREDA;all'intersezione con;VIA AMBROGIO NECCHI;VIA AMBROGIO NECCHI;;;Scontro frontale/laterale DX fra veicoli in marcia;Incrocio;Una carreggiata a doppio senso;Asciutto;Asfaltata;Verticale ed orizzontale;Sereno;Normale;Buona;Ore Diurne;1;0;0;1;12,64326;41,86086;0;2;Autovettura privata;In marcia / fermata / arresto;Ford;Fiesta;Conducente;1970;M;Rifiuta cure immediate;0;NON DECEDUTO;Non accertato;Inesploso
3607320;8;19/12/2017 17:40:00;Strada Urbana;VIA CASILINA;in prossimità;;del civico n.;1118;;Scontro laterale fra veicoli in marcia;Rettilineo;Una carreggiata a doppio senso;Asciutto;Asfaltata;Verticale ed orizzontale;Sereno;Intenso;Buona;Sufficiente;0;0;0;2;12,59826;41,86586;-1;1;Autovettura privata;In marcia / fermata / arresto;Ford;Focus;Conducente;1977;M;Illeso;0;;Non accertato;Inesploso
3607320;8;19/12/2017 17:40:00;Strada Urbana;VIA CASILINA;in prossimità;;del civico n.;1118;;Scontro laterale fra veicoli in marcia;Rettilineo;Una carreggiata a doppio senso;Asciutto;Asfaltata;Verticale ed orizzontale;Sereno;Intenso;Buona;Sufficiente;0;0;0;2;12,59826;41,86586;-1;2;Autocarro inferiore 35 q.;In marcia / fermata / arresto;Iveco;160;Conducente;1988;M;Illeso;0;;Non accertato;Inesploso
3607323;8;19/12/2017 09:00:00;;VIA PRENESTINA;all'intersezione con;VIA DI PRATOLUNGO CASILINO;VIA DI PRATOLUNGO CASILINO;;;Tamponamento Multiplo;;;;;;;;;;0;0;0;4;;;0;1;Autovettura privata;In marcia / fermata / arresto;Peugeot;Bipper;Conducente;1977;M;Illeso;0;;;
3607323;8;19/12/2017 09:00:00;;VIA PRENESTINA;all'intersezione con;VIA DI PRATOLUNGO CASILINO;VIA DI PRATOLUNGO CASILINO;;;Tamponamento Multiplo;;;;;;;;;;0;0;0;4;;;0;2;Autovettura privata;In marcia / fermata / arresto;Opel;Astra;Conducente;1940;;Illeso;0;;;
3607323;8;19/12/2017 09:00:00;;VIA PRENESTINA;all'intersezione con;VIA DI PRATOLUNGO CASILINO;VIA DI PRATOLUNGO CASILINO;;;Tamponamento Multiplo;;;;;;;;;;0;0;0;4;;;0;3;Autovettura privata;In marcia / fermata / arresto;Fiat;Punto;Conducente;1992;;Illeso;0;;;
3607323;8;19/12/2017 09:00:00;;VIA PRENESTINA;all'intersezione con;VIA DI PRATOLUNGO CASILINO;VIA DI PRATOLUNGO CASILINO;;;Tamponamento Multiplo;;;;;;;;;;0;0;0;4;;;0;4;Autobus urbano;In marcia / fermata / arresto;Fiat;Ducato;Conducente;1957;M;Illeso;0;;;
3607326;5;19/12/2017 09:20:00;;VIA GIUSEPPE ANTONIO ANDRIULLI;da specificare;;;;altezza svincolo immissione A24;Infortunio per sola frenata improvvisa;;;;;;;;;;1;0;0;0;12,55709;41,90182;0;1;Motociclo a solo;In marcia / fermata / arresto;Aprilia;Scarabeo;Conducente;1967;M;Rimandato;0;NON DECEDUTO;;
3607330;8;19/12/2017 10:45:00;;VIA PRENESTINA;da specificare;;;;fronte civ. 1104;Scontro laterale fra veicoli in marcia;;;;;;;;;;0;0;0;2;;;0;1;Autovettura privata;In marcia / fermata / arresto;Peugeot;206;Conducente;1954;;Illeso;0;;;
3607330;8;19/12/2017 10:45:00;;VIA PRENESTINA;da specificare;;;;fronte civ. 1104;Scontro laterale fra veicoli in marcia;;;;;;;;;;0;0;0;2;;;0;2;Autoarticolato;In marcia / fermata / arresto;Daf;Trucks;Conducente;1988;M;Illeso;0;;;
3607336;8;19/12/2017 08:38:00;Strada Urbana;VIA DI TOR BELLA MONACA;in prossimità;;del civico n.;469;;Scontro frontale/laterale SX fra veicoli in marcia;Rettilineo;Due carreggiate;Asciutto;Asfaltata;Orizzontale;Sereno;Normale;Sufficiente;Ore Diurne;0;0;0;4;12,63344;41,87184;-1;1;Autovettura privata;In marcia / fermata / arresto;Renault;Clio;Conducente;1984;M;Illeso;0;;Non accertato;Inesploso
3607336;8;19/12/2017 08:38:00;Strada Urbana;VIA DI TOR BELLA MONACA;in prossimità;;del civico n.;469;;Scontro frontale/laterale SX fra veicoli in marcia;Rettilineo;Due carreggiate;Asciutto;Asfaltata;Orizzontale;Sereno;Normale;Sufficiente;Ore Diurne;0;0;0;4;12,63344;41,87184;-1;1;Autovettura privata;In marcia / fermata / arresto;Renault;Clio;Passeggero;1988;F;Illeso;0;;Non accertato;Inesploso
3607336;8;19/12/2017 08:38:00;Strada Urbana;VIA DI TOR BELLA MONACA;in prossimità;;del civico n.;469;;Scontro frontale/laterale SX fra veicoli in marcia;Rettilineo;Due carreggiate;Asciutto;Asfaltata;Orizzontale;Sereno;Normale;Sufficiente;Ore Diurne;0;0;0;4;12,63344;41,87184;-1;1;Autovettura privata;In marcia / fermata / arresto;Renault;Clio;Passeggero;2012;F;Illeso;0;;Non accertato;Inesploso
3607336;8;19/12/2017 08:38:00;Strada Urbana;VIA DI TOR BELLA MONACA;in prossimità;;del civico n.;469;;Scontro frontale/laterale SX fra veicoli in marcia;Rettilineo;Due carreggiate;Asciutto;Asfaltata;Orizzontale;Sereno;Normale;Sufficiente;Ore Diurne;0;0;0;4;12,63344;41,87184;-1;2;Autovettura privata;In marcia / fermata / arresto;Renault;Scenic;Conducente;1974;F;Illeso;0;;Non accertato;Inesploso
3607339;6;19/12/2017 19:25:00;Strada Urbana;VIA PRENESTINA;da specificare;;;;altezza Via E. Fieramosca;Investimento di pedone;Rettilineo;Più di due carreggiate;Asciutto;Asfaltata;Verticale ed orizzontale;Sereno;Normale;Sufficiente;Insufficiente;1;0;0;1;;;0;;;;;;Pedone;1967;M;Rimandato;0;NON DECEDUTO;;
3607339;6;19/12/2017 19:25:00;Strada Urbana;VIA PRENESTINA;da specificare;;;;altezza Via E. Fieramosca;Investimento di pedone;Rettilineo;Più di due carreggiate;Asciutto;Asfaltata;Verticale ed orizzontale;Sereno;Normale;Sufficiente;Insufficiente;1;0;0;1;;;0;1;Autobus di linea;In marcia / fermata / arresto;Irisbus;ITALIA;Conducente;1978;M;Illeso;0;;;
3607341;8;19/12/2017 18:55:00;Strada Urbana;VIA AMICO ASPERTINI;all'intersezione con;VIA CARLO RESTALLINO;VIA CARLO RESTALLINO;;;Scontro frontale/laterale SX fra veicoli in marcia;Intersezione stradale segnalata;Una carreggiata a doppio senso;Asciutto;Asfaltata;Orizzontale;Sereno;Normale;Sufficiente;Sufficiente;0;0;0;1;;;0;1;Autovettura privata;In marcia / fermata / arresto;Citroen;Xsara;Conducente;1959;M;Illeso;0;;Non accertato;Inesploso
3607345;19;19/12/2017 09:40:00;Strada Urbana;VIA TRIONFALE;da specificare;;;;Semaforo S.F. neri direz. centro;Tamponamento;Rettilineo;Una carreggiata a doppio senso;Asciutto;Asfaltata;Verticale ed orizzontale;Sereno;Normale;Buona;Ore Diurne;1;0;0;1;12,42294;41,94086;0;1;Autovettura privata;In marcia / fermata / arresto;Smart ;fortwo cabrio;Conducente;1994;F;Rimandato;0;NON DECEDUTO;Non accertato;Inesploso
3607345;19;19/12/2017 09:40:00;Strada Urbana;VIA TRIONFALE;da specificare;;;;Semaforo S.F. neri direz. centro;Tamponamento;Rettilineo;Una carreggiata a doppio senso;Asciutto;Asfaltata;Verticale ed orizzontale;Sereno;Normale;Buona;Ore Diurne;1;0;0;1;12,42294;41,94086;0;2;Autovettura privata;In marcia / fermata / arresto;Renault;x mod;Conducente;1960;F;Illeso;0;;Non accertato;Inesploso
3607346;20;19/12/2017 08:40:00;Strada Urbana;VIA DI QUARTO PEPERINO;in prossimità;;del civico n.;10;;Scontro laterale fra veicoli in marcia;Rettilineo;Una carreggiata a doppio senso;Asciutto;Asfaltata;Orizzontale;Sereno;Normale;Buona;Ore Diurne;0;0;0;2;;;0;1;Autovettura privata;In marcia / fermata / arresto;Mini;Cooper;Conducente;1976;M;Illeso;0;;;
3607346;20;19/12/2017 08:40:00;Strada Urbana;VIA DI QUARTO PEPERINO;in prossimità;;del civico n.;10;;Scontro laterale fra veicoli in marcia;Rettilineo;Una carreggiata a doppio senso;Asciutto;Asfaltata;Orizzontale;Sereno;Normale;Buona;Ore Diurne;0;0;0;2;;;0;2;Autovettura privata;In marcia / fermata / arresto;Mercedes;Smart Fortwo Coupè;Conducente;1974;M;Illeso;0;;;
3607348;7;19/12/2017 13:00:00;Strada Urbana;VIA CESARE TIRATELLI;in corrispondenza;;del civico n.;30;;Veicolo in marcia contro ostacolo fisso;Rettilineo;Una carreggiata a doppio senso;Bagnato (pioggia);Asfaltata;Assente;Sereno;Scarso;Buona;Ore Diurne;0;0;0;1;12,59567;41,89729;-1;1;Autovettura privata;In marcia / fermata / arresto;Ford;Max SX;Conducente;1975;F;Illeso;0;;Non accertato;Inesploso
3607350;8;19/12/2017 12:35:00;Strada Urbana;VIA CASILINA;all'intersezione con;VIA BORGHESIANA;VIA BORGHESIANA;;;Scontro frontale/laterale DX fra veicoli in marcia;Incrocio;Una carreggiata a doppio senso;Asciutto;Asfaltata;Verticale ed orizzontale;Sereno;Normale;Buona;Ore Diurne;0;0;0;2;12,67494;41,86397;-1;1;Autovettura privata;In marcia / fermata / arresto;Renault;Clio;Conducente;1979;M;Illeso;0;;Non accertato;Inesploso
3607350;8;19/12/2017 12:35:00;Strada Urbana;VIA CASILINA;all'intersezione con;VIA BORGHESIANA;VIA BORGHESIANA;;;Scontro frontale/laterale DX fra veicoli in marcia;Incrocio;Una carreggiata a doppio senso;Asciutto;Asfaltata;Verticale ed orizzontale;Sereno;Normale;Buona;Ore Diurne;0;0;0;2;12,67494;41,86397;-1;2;Autovettura privata;In marcia / fermata / arresto;Opel;Astra;Conducente;1969;M;Illeso;0;;Non accertato;Inesploso
3607352;19;19/12/2017 18:45:00;Strada Urbana;VIALE MONFORTANI;in corrispondenza;;del civico n.;19;;Tamponamento;Rettilineo;Una carreggiata a senso unico di marcia;Asciutto;Asfaltata;Verticale ed orizzontale;Sereno;Intenso;Buona;Sufficiente;0;0;0;4;12,42552;41,9377;-1;1;Autovettura privata;In marcia / fermata / arresto;Nissan;quashquai;Conducente;1965;M;Illeso;0;;;
3607352;19;19/12/2017 18:45:00;Strada Urbana;VIALE MONFORTANI;in corrispondenza;;del civico n.;19;;Tamponamento;Rettilineo;Una carreggiata a senso unico di marcia;Asciutto;Asfaltata;Verticale ed orizzontale;Sereno;Intenso;Buona;Sufficiente;0;0;0;4;12,42552;41,9377;-1;1;Autovettura privata;In marcia / fermata / arresto;Nissan;quashquai;Passeggero;1963;F;Illeso;0;;;
3607352;19;19/12/2017 18:45:00;Strada Urbana;VIALE MONFORTANI;in corrispondenza;;del civico n.;19;;Tamponamento;Rettilineo;Una carreggiata a senso unico di marcia;Asciutto;Asfaltata;Verticale ed orizzontale;Sereno;Intenso;Buona;Sufficiente;0;0;0;4;12,42552;41,9377;-1;1;Autovettura privata;In marcia / fermata / arresto;Nissan;quashquai;Passeggero;2002;F;Illeso;0;;;
3607352;19;19/12/2017 18:45:00;Strada Urbana;VIALE MONFORTANI;in corrispondenza;;del civico n.;19;;Tamponamento;Rettilineo;Una carreggiata a senso unico di marcia;Asciutto;Asfaltata;Verticale ed orizzontale;Sereno;Intenso;Buona;Sufficiente;0;0;0;4;12,42552;41,9377;-1;2;Autovettura privata;In marcia / fermata / arresto;Volkswagen;Polo;Conducente;1981;M;Illeso;0;;;
3607354;1;19/12/2017 14:30:00;Strada Urbana;VIALE DI TRASTEVERE;in prossimità;;del civico n.;103;;Tamponamento;Rettilineo;Più di due carreggiate;Asciutto;Asfaltata;Verticale ed orizzontale;Sereno;Normale;Buona;Ore Diurne;1;0;0;1;12,47211;41,8863;-1;1;Autovettura privata;In marcia / fermata / arresto;Lancia;Delta;Conducente;1981;M;Illeso;0;;Non accertato;Inesploso
3607354;1;19/12/2017 14:30:00;Strada Urbana;VIALE DI TRASTEVERE;in prossimità;;del civico n.;103;;Tamponamento;Rettilineo;Più di due carreggiate;Asciutto;Asfaltata;Verticale ed orizzontale;Sereno;Normale;Buona;Ore Diurne;1;0;0;1;12,47211;41,8863;-1;2;Autovettura privata;In marcia / fermata / arresto;Alfa Lancia;Y;Conducente;1984;F;Rimandato;0;NON DECEDUTO;Non accertato;
3607358;7;20/12/2017 03:50:00;Strada Urbana;VIA DEI CICLAMINI;all'intersezione con;VIA DELLE PALME;VIA DELLE PALME;;;Scontro frontale/laterale DX fra veicoli in marcia;Incrocio;Una carreggiata a doppio senso;Asciutto;Asfaltata;Verticale ed orizzontale;Sereno;Normale;Buona;Sufficiente;0;0;0;2;12,56629;41,89145;-1;1;Autovettura privata;In marcia / fermata / arresto;Fiat;Punto;Conducente;1984;M;Illeso;0;;;
3607358;7;20/12/2017 03:50:00;Strada Urbana;VIA DEI CICLAMINI;all'intersezione con;VIA DELLE PALME;VIA DELLE PALME;;;Scontro frontale/laterale DX fra veicoli in marcia;Incrocio;Una carreggiata a doppio senso;Asciutto;Asfaltata;Verticale ed orizzontale;Sereno;Normale;Buona;Sufficiente;0;0;0;2;12,56629;41,89145;-1;2;Autovettura privata;In marcia / fermata / arresto;Fiat;Punto;Conducente;1997;M;Illeso;0;;;
3607361;10;19/12/2017 11:40:00;;VIA TUSCOLANA;da specificare;;;;altezza uscita parcheggio c.c. petrocelli;Tamponamento;;;;;;;;;;0;0;0;2;;;0;1;Autovettura privata;In marcia / fermata / arresto;Peugeot; 2008;Conducente;1963;M;Illeso;0;;;
3607361;10;19/12/2017 11:40:00;;VIA TUSCOLANA;da specificare;;;;altezza uscita parcheggio c.c. petrocelli;Tamponamento;;;;;;;;;;0;0;0;2;;;0;2;Autovettura privata;In marcia / fermata / arresto;Fiat;600;Conducente;1980;F;Illeso;0;;;
3607364;10;19/12/2017 11:00:00;;VIA APPIA NUOVA;in prossimità;;del civico n.;892;;Scontro frontale/laterale SX fra veicoli in marcia;;;;;;;;;;0;0;0;2;12,55141;41,8423;0;1;Autovettura privata;In marcia / fermata / arresto;Alfa Lancia;Y;Conducente;1938;M;Illeso;0;;;
3607364;10;19/12/2017 11:00:00;;VIA APPIA NUOVA;in prossimità;;del civico n.;892;;Scontro frontale/laterale SX fra veicoli in marcia;;;;;;;;;;0;0;0;2;12,55141;41,8423;0;2;Autovettura privata;In marcia / fermata / arresto;Alfa Lancia;(ignoto);Conducente;1941;M;Illeso;0;;;
3607371;20;19/12/2017 10:40:00;Strada Urbana;VIA PAOLO FERRARI;all'intersezione con;VICOLO DELLA CERQUETTA;VICOLO DELLA CERQUETTA;;;Scontro frontale/laterale SX fra veicoli in marcia;Intersezione stradale segnalata;Una carreggiata a senso unico di marcia;Asciutto;Asfaltata;Verticale ed orizzontale;Sereno;Scarso;Buona;Ore Diurne;0;0;0;2;;;0;1;Autovettura privata;In marcia / fermata / arresto;Peugeot;107;Conducente;1947;M;Illeso;0;;;
3607371;20;19/12/2017 10:40:00;Strada Urbana;VIA PAOLO FERRARI;all'intersezione con;VICOLO DELLA CERQUETTA;VICOLO DELLA CERQUETTA;;;Scontro frontale/laterale SX fra veicoli in marcia;Intersezione stradale segnalata;Una carreggiata a senso unico di marcia;Asciutto;Asfaltata;Verticale ed orizzontale;Sereno;Scarso;Buona;Ore Diurne;0;0;0;2;;;0;2;Autovettura privata;In marcia / fermata / arresto;Mercedes;classe A 180 CDI;Conducente;1972;F;Illeso;0;;;
3607376;9;20/12/2017 00:20:00;;VIALE PALMIRO TOGLIATTI;all'intersezione semaforizzata con;PIAZZA DI CINECITTA';PIAZZA DI CINECITTA';;;Tamponamento;;;;;;;;;;0;0;0;1;12,57334;41,88718;0;2;Macchina operatrice;In marcia / fermata / arresto;Sicas;(ignoto);Conducente;1993;M;Illeso;0;;;
3607379;5;19/12/2017 09:45:00;;VIA ACHILLE BENEDETTI;da specificare;;;;fronte impianto sportivo Zamorani;Investimento di pedone;;;;;;;;;;1;0;0;0;12,54457;41,91173;0;;;;;;Pedone;0;M;Rimandato;0;NON DECEDUTO;;
3607390;20;19/12/2017 11:10:00;Strada Urbana;PIAZZA DEI GIUOCHI DELFICI;in prossimità;;del civico n.;15;;Veicolo in marcia contro veicolo in sosta;Pianeggiante;Una carreggiata a doppio senso;Asciutto;Asfaltata;Verticale ed orizzontale;Sereno;Scarso;Buona;Ore Diurne;0;0;0;1;12,46292;41,9481;-1;1;Macchina operatrice;In marcia / fermata / arresto;Spazzatrice A.M.A.;(ignoto);Conducente;1975;M;Illeso;0;;;
3607395;12;19/12/2017 18:55:00;Strada Urbana;VIA DELLA CECCHIGNOLA;all'intersezione semaforizzata con;VIA GIOVANNI KOBLER;VIA GIOVANNI KOBLER;;;Scontro frontale/laterale DX fra veicoli in marcia;Intersezione semaforizzata;Una carreggiata a doppio senso;Asciutto;Asfaltata;Verticale ed orizzontale;Sereno;Intenso;Buona;Sufficiente;1;0;0;1;;;0;1;Motociclo a solo;In marcia / fermata / arresto;Suzuki;V STROM;Conducente;1977;M;Rimandato;0;NON DECEDUTO;Non accertato;
3607395;12;19/12/2017 18:55:00;Strada Urbana;VIA DELLA CECCHIGNOLA;all'intersezione semaforizzata con;VIA GIOVANNI KOBLER;VIA GIOVANNI KOBLER;;;Scontro frontale/laterale DX fra veicoli in marcia;Intersezione semaforizzata;Una carreggiata a doppio senso;Asciutto;Asfaltata;Verticale ed orizzontale;Sereno;Intenso;Buona;Sufficiente;1;0;0;1;;;0;2;Autovettura privata;In marcia / fermata / arresto;Fiat;500;Conducente;1992;F;Illeso;0;;Non accertato;Inesploso
3607399;12;09/12/2017 19:45:00;Strada Urbana;PIAZZA GUGLIELMO MARCONI;da specificare;;;;LATERALE VIA C. COLOMBO DIR. G.R.A.;Scontro frontale/laterale DX fra veicoli in marcia;Rettilineo;Più di due carreggiate;Asciutto;Asfaltata;Verticale ed orizzontale;Sereno;Normale;Sufficiente;Sufficiente;0;0;0;2;;;0;1;Autovettura privata;In marcia / fermata / arresto;Lancia;Ypsilon;Conducente;1987;F;Illeso;0;;Non accertato;Inesploso
3607399;12;09/12/2017 19:45:00;Strada Urbana;PIAZZA GUGLIELMO MARCONI;da specificare;;;;LATERALE VIA C. COLOMBO DIR. G.R.A.;Scontro frontale/laterale DX fra veicoli in marcia;Rettilineo;Più di due carreggiate;Asciutto;Asfaltata;Verticale ed orizzontale;Sereno;Normale;Sufficiente;Sufficiente;0;0;0;2;;;0;2;Autovettura privata;In marcia / fermata / arresto;Peugeot;308;Conducente;1979;M;Illeso;0;;Non accertato;Inesploso
3607406;10;19/12/2017 20:15:00;;VICOLO TUSCOLANO;in prossimità;;del civico n.;1245;;Scontro frontale/laterale DX fra veicoli in marcia;;;;;;;;;;0;0;0;2;;;0;1;Autovettura privata;In marcia / fermata / arresto;Ford;Fiesta;Conducente;1983;M;Illeso;0;;;
3607406;10;19/12/2017 20:15:00;;VICOLO TUSCOLANO;in prossimità;;del civico n.;1245;;Scontro frontale/laterale DX fra veicoli in marcia;;;;;;;;;;0;0;0;2;;;0;1;Autovettura privata;In marcia / fermata / arresto;Ford;Fiesta;Passeggero;1984;F;Illeso;0;;;
3607415;10;19/12/2017 11:00:00;;VIA FLAVIO STILICONE;in prossimità;;del civico n.;284;;Veicolo in marcia contro veicoli fermi;;;;;;;;;;0;0;0;1;;;0;1;Autovettura privata;In marcia / fermata / arresto;Citroen;Picasso;Conducente;1975;F;Illeso;0;;;
3607420;7;19/12/2017 17:30:00;;VIA DELLA RUSTICA;in corrispondenza;;del civico n.;3/A;;Investimento di pedone;;;;;;;;;;1;0;0;1;;;0;;;;;;Pedone;1940;F;Rimandato;0;NON DECEDUTO;;
3607420;7;19/12/2017 17:30:00;;VIA DELLA RUSTICA;in corrispondenza;;del civico n.;3/A;;Investimento di pedone;;;;;;;;;;1;0;0;1;;;0;1;Autovettura privata;In marcia / fermata / arresto;Smart ;-;Conducente;1967;M;Illeso;0;;Non accertato;Inesploso
3607422;18;19/12/2017 21:00:00;Strada Urbana;VIA DI BOCCEA;da specificare;;;;altezza via F. Galeotti;Investimento di pedone;Rettilineo;Una carreggiata a doppio senso;Asciutto;Asfaltata;Orizzontale;Sereno;Scarso;Buona;Sufficiente;2;0;0;0;12,37296;41,92203;0;;;;;;Pedone;1945;M;Rimandato;0;NON DECEDUTO;;
3607422;18;19/12/2017 21:00:00;Strada Urbana;VIA DI BOCCEA;da specificare;;;;altezza via F. Galeotti;Investimento di pedone;Rettilineo;Una carreggiata a doppio senso;Asciutto;Asfaltata;Orizzontale;Sereno;Scarso;Buona;Sufficiente;2;0;0;0;12,37296;41,92203;0;1;Motociclo a solo;In marcia / fermata / arresto;Honda;SH 150;Conducente;1969;F;Rimandato;0;NON DECEDUTO;Non accertato;
3607454;20;19/12/2017 19:00:00;Provinciale;VIA BRACCIANENSE;in prossimità;;della chilometrica;6;;Scontro frontale/laterale SX fra veicoli in marcia;Rettilineo;Una carreggiata a doppio senso;Asciutto;Asfaltata;Verticale ed orizzontale;Sereno;Normale;Sufficiente;Sufficiente;1;0;0;2;12,37287;42,01022;0;1;Autovettura privata;In marcia / fermata / arresto;BMW;118D;Conducente;1979;M;Illeso;0;;Non accertato;
3607454;20;19/12/2017 19:00:00;Provinciale;VIA BRACCIANENSE;in prossimità;;della chilometrica;6;;Scontro frontale/laterale SX fra veicoli in marcia;Rettilineo;Una carreggiata a doppio senso;Asciutto;Asfaltata;Verticale ed orizzontale;Sereno;Normale;Sufficiente;Sufficiente;1;0;0;2;12,37287;42,01022;0;2;Autovettura privata;In marcia / fermata / arresto;Volkswagen;Polo;Conducente;1991;M;Rimandato;0;NON DECEDUTO;;
3607454;20;19/12/2017 19:00:00;Provinciale;VIA BRACCIANENSE;in prossimità;;della chilometrica;6;;Scontro frontale/laterale SX fra veicoli in marcia;Rettilineo;Una carreggiata a doppio senso;Asciutto;Asfaltata;Verticale ed orizzontale;Sereno;Normale;Sufficiente;Sufficiente;1;0;0;2;12,37287;42,01022;0;3;Autovettura privata;In marcia / fermata / arresto;Opel;AGILA;Conducente;1978;M;Illeso;0;;;
3607459;18;19/12/2017 23:10:00;;VIA DI BOCCEA;all'intersezione con;VIA GREGORIO XI;VIA GREGORIO XI;;;Scontro laterale fra veicoli in marcia;;;;;;;;;;0;0;0;3;;;0;1;Autovettura privata;In marcia / fermata / arresto;Mercedes;Smart Forfour;Conducente;0;F;Illeso;0;;;
3607459;18;19/12/2017 23:10:00;;VIA DI BOCCEA;all'intersezione con;VIA GREGORIO XI;VIA GREGORIO XI;;;Scontro laterale fra veicoli in marcia;;;;;;;;;;0;0;0;3;;;0;2;Autovettura privata;In marcia / fermata / arresto;Opel;Corsa;Conducente;0;M;Illeso;0;;;
3607459;18;19/12/2017 23:10:00;;VIA DI BOCCEA;all'intersezione con;VIA GREGORIO XI;VIA GREGORIO XI;;;Scontro laterale fra veicoli in marcia;;;;;;;;;;0;0;0;3;;;0;3;Autovettura privata;In marcia / fermata / arresto;Fiat;500;Conducente;0;M;Illeso;0;;;
3607463;1;13/12/2017 14:50:00;Strada Urbana;PIAZZA DELL'INDIPENDENZA;da specificare;;;;altezza VIA SOLFERINO;Scontro frontale/laterale SX fra veicoli in marcia;;Più di due carreggiate;Asciutto;Asfaltata;Verticale ed orizzontale;Sereno;Intenso;Buona;Ore Diurne;0;0;0;3;;;0;1;Autovettura pubblica;In marcia / fermata / arresto;Opel;Zafira;Conducente;1951;M;Illeso;0;;;
3607463;1;13/12/2017 14:50:00;Strada Urbana;PIAZZA DELL'INDIPENDENZA;da specificare;;;;altezza VIA SOLFERINO;Scontro frontale/laterale SX fra veicoli in marcia;;Più di due carreggiate;Asciutto;Asfaltata;Verticale ed orizzontale;Sereno;Intenso;Buona;Ore Diurne;0;0;0;3;;;0;2;Autovettura privata;In marcia / fermata / arresto;Renault;Clio;Conducente;1979;M;Illeso;0;;;