Protocollo;Gruppo;DataOraIncidente;Localizzazione1;STRADA1;Localizzazione2;STRADA2;Strada02;Chilometrica;DaSpecificare;NaturaIncidente;particolaritastrade;TipoStrada;FondoStradale;Pavimentazione;Segnaletica;CondizioneAtmosferica;Traffico;Visibilita;Illuminazione;NUM_FERITI;NUM_RISERVATA;NUM_MORTI;NUM_ILLESI;Longitudine;Latitudine;Confermato;Progressivo;TipoVeicolo;StatoVeicolo;Marca;Modello;TipoPersona;AnnoNascita;Sesso;Tipolesione;Deceduto;DecedutoDopo;CinturaCascoUtilizzato;Airbag;
3607463;1;13/12/2017 14:50:00;Strada Urbana;PIAZZA DELL'INDIPENDENZA;da specificare;;;;altezza VIA SOLFERINO;Scontro frontale/laterale SX fra veicoli in marcia;;Più di due carreggiate;Asciutto;Asfaltata;Verticale ed orizzontale;Sereno;Intenso;Buona;Ore Diurne;0;0;0;3;;;0;2;Autovettura privata;In marcia / fermata / arresto;Renault;Clio;Passeggero;1969;M;Illeso;0;;;
3607464;13;19/12/2017 17:45:00;;VIA OSTIENSE;in prossimità;;della chilometrica;26.4;;Scontro frontale/laterale SX fra veicoli in marcia;;;;;;;;;;0;0;0;2;;;0;1;Autovettura privata;In marcia / fermata / arresto;Fiat;Punto;Conducente;1947;M;Illeso;0;;Non accertato;Inesploso
3607464;13;19/12/2017 17:45:00;;VIA OSTIENSE;in prossimità;;della chilometrica;26.4;;Scontro frontale/laterale SX fra veicoli in marcia;;;;;;;;;;0;0;0;2;;;0;2;Autovettura privata;In marcia / fermata / arresto;Volvo;V 70;Conducente;1967;M;Illeso;0;;Non accertato;Inesploso
3607477;12;15/12/2017 15:05:00;Strada Urbana;VIA LAURENTINA;da specificare;;;;ROTATORIA VIA CASTEL DI LEVA;Scontro laterale fra veicoli in marcia;Rettilineo;Due carreggiate;Bagnato (pioggia);Asfaltata;Verticale ed orizzontale;Pioggia in atto;Normale;Sufficiente;Ore Diurne;0;0;0;2;;;0;1;Autovettura privata;In marcia / fermata / arresto;Fiat;Panda;Conducente;1944;M;Illeso;0;;Non accertato;Inesploso
3607477;12;15/12/2017 15:05:00;Strada Urbana;VIA LAURENTINA;da specificare;;;;ROTATORIA VIA CASTEL DI LEVA;Scontro laterale fra veicoli in marcia;Rettilineo;Due carreggiate;Bagnato (pioggia);Asfaltata;Verticale ed orizzontale;Pioggia in atto;Normale;Sufficiente;Ore Diurne;0;0;0;2;;;0;2;Autovettura privata;In marcia / fermata / arresto;Citroen;JUMPER;Conducente;1975;M;Illeso;0;;Non accertato;Inesploso
3607483;18;19/12/2017 15:45:00;Statale entro l'abitato;VIA AURELIA;in corrispondenza;;del civico n.;559;;Tamponamento Multiplo;Rettilineo;Una carreggiata a doppio senso;Asciutto;Asfaltata;Verticale ed orizzontale;Sereno;Normale;Buona;Ore Diurne;1;0;0;3;12,4196;41,89623;0;1;Autovettura privata;In marcia / fermata / arresto;Audi;A3;Conducente;1953;M;Illeso;0;;Non accertato;Inesploso
3607483;18;19/12/2017 15:45:00;Statale entro l'abitato;VIA AURELIA;in corrispondenza;;del civico n.;559;;Tamponamento Multiplo;Rettilineo;Una carreggiata a doppio senso;Asciutto;Asfaltata;Verticale ed orizzontale;Sereno;Normale;Buona;Ore Diurne;1;0;0;3;12,4196;41,89623;0;2;Autovettura privata;In marcia / fermata / arresto;Toyota;VERSO;Conducente;1952;F;Rifiuta cure immediate;0;NON DECEDUTO;Non accertato;Inesploso
3607483;18;19/12/2017 15:45:00;Statale entro l'abitato;VIA AURELIA;in corrispondenza;;del civico n.;559;;Tamponamento Multiplo;Rettilineo;Una carreggiata a doppio senso;Asciutto;Asfaltata;Verticale ed orizzontale;Sereno;Normale;Buona;Ore Diurne;1;0;0;3;12,4196;41,89623;0;3;Autocarro inferiore 35 q.;In marcia / fermata / arresto;Renault;Kangoo;Conducente;1989;M;Illeso;0;;Non accertato;Inesploso
3607483;18;19/12/2017 15:45:00;Statale entro l'abitato;VIA AURELIA;in corrispondenza;;del civico n.;559;;Tamponamento Multiplo;Rettilineo;Una carreggiata a doppio senso;Asciutto;Asfaltata;Verticale ed orizzontale;Sereno;Normale;Buona;Ore Diurne;1;0;0;3;12,4196;41,89623;0;4;Motociclo a solo;In marcia / fermata / arresto;BMW;R 1200 GS;Conducente;1990;M;Illeso;0;;Non accertato;
3607510;19;20/12/2017 07:45:00;Strada Urbana;VIA MAGNAGO;in corrispondenza;;del civico n.;3;;Scontro frontale fra veicoli in marcia;Rettilineo;Una carreggiata a senso unico di marcia;Asciutto;Asfaltata;Verticale ed orizzontale;Sereno;Normale;Buona;Ore Diurne;0;0;0;4;12,39099;41,94545;0;1;Autovettura privata;In marcia / fermata / arresto;Ford;Focus;Conducente;1973;M;Illeso;0;;;
3607510;19;20/12/2017 07:45:00;Strada Urbana;VIA MAGNAGO;in corrispondenza;;del civico n.;3;;Scontro frontale fra veicoli in marcia;Rettilineo;Una carreggiata a senso unico di marcia;Asciutto;Asfaltata;Verticale ed orizzontale;Sereno;Normale;Buona;Ore Diurne;0;0;0;4;12,39099;41,94545;0;1;Autovettura privata;In marcia / fermata / arresto;Ford;Focus;Passeggero;2005;M;Illeso;0;;;
3607510;19;20/12/2017 07:45:00;Strada Urbana;VIA MAGNAGO;in corrispondenza;;del civico n.;3;;Scontro frontale fra veicoli in marcia;Rettilineo;Una carreggiata a senso unico di marcia;Asciutto;Asfaltata;Verticale ed orizzontale;Sereno;Normale;Buona;Ore Diurne;0;0;0;4;12,39099;41,94545;0;1;Autovettura privata;In marcia / fermata / arresto;Ford;Focus;Passeggero;2008;M;Illeso;0;;;
3607510;19;20/12/2017 07:45:00;Strada Urbana;VIA MAGNAGO;in corrispondenza;;del civico n.;3;;Scontro frontale fra veicoli in marcia;Rettilineo;Una carreggiata a senso unico di marcia;Asciutto;Asfaltata;Verticale ed orizzontale;Sereno;Normale;Buona;Ore Diurne;0;0;0;4;12,39099;41,94545;0;2;Autocarro superiore 35 q.;In marcia / fermata / arresto;Iveco;120 E18;Conducente;1969;M;Illeso;0;;;
3607516;1;15/12/2017 21:30:00;Strada Urbana;VIA D'ARACOELI;in prossimità;;del civico n.;FC 1;;Investimento di pedone;;Una carreggiata a senso unico di marcia;Bagnato (pioggia);Acciotolata;Verticale ed orizzontale;Pioggia in atto;Scarso;Insufficiente;Insufficiente;0;0;0;2;;;0;;;;;;Pedone;1968;F;Illeso;0;;;
3607516;1;15/12/2017 21:30:00;Strada Urbana;VIA D'ARACOELI;in prossimità;;del civico n.;FC 1;;Investimento di pedone;;Una carreggiata a senso unico di marcia;Bagnato (pioggia);Acciotolata;Verticale ed orizzontale;Pioggia in atto;Scarso;Insufficiente;Insufficiente;0;0;0;2;;;0;1;Autovettura pubblica;In marcia / fermata / arresto;Volkswagen;Passat Variant;Conducente;1968;M;Illeso;0;;;
3607521;10;20/12/2017 07:40:00;Strada Urbana;VIA APPIA PIGNATELLI;all'intersezione semaforizzata con;VIA ERODE ATTICO;VIA ERODE ATTICO;;;Scontro frontale fra veicoli in marcia;Intersezione semaforizzata;Una carreggiata a doppio senso;Asciutto;Asfaltata;Verticale ed orizzontale;Nuvoloso;Intenso;Buona;Ore Diurne;0;0;0;2;;;0;1;Autovettura privata;In marcia / fermata / arresto;Fiat;Panda;Conducente;1976;F;Illeso;0;;Non accertato;Inesploso
3607521;10;20/12/2017 07:40:00;Strada Urbana;VIA APPIA PIGNATELLI;all'intersezione semaforizzata con;VIA ERODE ATTICO;VIA ERODE ATTICO;;;Scontro frontale fra veicoli in marcia;Intersezione semaforizzata;Una carreggiata a doppio senso;Asciutto;Asfaltata;Verticale ed orizzontale;Nuvoloso;Intenso;Buona;Ore Diurne;0;0;0;2;;;0;2;Autovettura privata;In marcia / fermata / arresto;Renault;Twingo;Conducente;1996;M;Illeso;0;;Non accertato;Inesploso
3607537;4;19/12/2017 07:30:00;;VIA DEI PRATI FISCALI;in corrispondenza;;del civico n.;196;;Tamponamento;;;;;;;;;;1;0;0;1;12,51959;41,94663;0;1;Autovettura privata;In marcia / fermata / arresto;Hyundai;ix20;Conducente;1955;M;Rifiuta cure immediate;0;NON DECEDUTO;;
3607537;4;19/12/2017 07:30:00;;VIA DEI PRATI FISCALI;in corrispondenza;;del civico n.;196;;Tamponamento;;;;;;;;;;1;0;0;1;12,51959;41,94663;0;2;Autovettura privata;In marcia / fermata / arresto;Mini;Cooper;Conducente;1966;M;Illeso;0;;;
3607547;17;19/12/2017 01:00:00;Strada Urbana;PIAZZA CAVOUR;da specificare;;;;altezza Via Tacito;Scontro frontale/laterale DX fra veicoli in marcia;Rettilineo;Una carreggiata a doppio senso;Asciutto;Asfaltata;Verticale ed orizzontale;Sereno;Scarso;Sufficiente;Sufficiente;0;0;0;4;12,46914;41,90561;0;1;Autovettura privata;In marcia / fermata / arresto;BMW;118 D;Conducente;1981;M;Illeso;0;;;
3607547;17;19/12/2017 01:00:00;Strada Urbana;PIAZZA CAVOUR;da specificare;;;;altezza Via Tacito;Scontro frontale/laterale DX fra veicoli in marcia;Rettilineo;Una carreggiata a doppio senso;Asciutto;Asfaltata;Verticale ed orizzontale;Sereno;Scarso;Sufficiente;Sufficiente;0;0;0;4;12,46914;41,90561;0;1;Autovettura privata;In marcia / fermata / arresto;BMW;118 D;Passeggero;1982;F;Illeso;0;;;
3607547;17;19/12/2017 01:00:00;Strada Urbana;PIAZZA CAVOUR;da specificare;;;;altezza Via Tacito;Scontro frontale/laterale DX fra veicoli in marcia;Rettilineo;Una carreggiata a doppio senso;Asciutto;Asfaltata;Verticale ed orizzontale;Sereno;Scarso;Sufficiente;Sufficiente;0;0;0;4;12,46914;41,90561;0;2;Autovettura privata;In marcia / fermata / arresto;Smart ;FORTWO;Conducente;1995;M;Illeso;0;;;
3607547;17;19/12/2017 01:00:00;Strada Urbana;PIAZZA CAVOUR;da specificare;;;;altezza Via Tacito;Scontro frontale/laterale DX fra veicoli in marcia;Rettilineo;Una carreggiata a doppio senso;Asciutto;Asfaltata;Verticale ed orizzontale;Sereno;Scarso;Sufficiente;Sufficiente;0;0;0;4;12,46914;41,90561;0;2;Autovettura privata;In marcia / fermata / arresto;Smart ;FORTWO;Passeggero;1994;F;Illeso;0;;;
3607557;13;05/12/2017 12:00:00;;VIA DELLE AZZORRE;in corrispondenza;;del civico n.;272;;Investimento di pedone;;;;;;;;;;0;0;0;2;;;0;;;;;;Pedone;1954;F;Illeso;0;;;
3607557;13;05/12/2017 12:00:00;;VIA DELLE AZZORRE;in corrispondenza;;del civico n.;272;;Investimento di pedone;;;;;;;;;;0;0;0;2;;;0;1;Autovettura privata;In marcia / fermata / arresto;Fiat-Lancia;Y;Conducente;1948;F;Illeso;0;;;
3607559;1;15/12/2017 20:30:00;Strada Urbana;LARGO CORRADO RICCI;da specificare;;;;VARCO DI CONTROLLO;Scontro laterale fra veicoli in marcia;Rettilineo;Una carreggiata a senso unico alternato;Bagnato (pioggia);Asfaltata;Verticale ed orizzontale;Pioggia in atto;Intenso;Sufficiente;Sufficiente;0;0;0;3;;;0;1;Autovettura pubblica;In marcia / fermata / arresto;Mercedes;(non accertato);Conducente;1942;M;Illeso;0;;;
3607559;1;15/12/2017 20:30:00;Strada Urbana;LARGO CORRADO RICCI;da specificare;;;;VARCO DI CONTROLLO;Scontro laterale fra veicoli in marcia;Rettilineo;Una carreggiata a senso unico alternato;Bagnato (pioggia);Asfaltata;Verticale ed orizzontale;Pioggia in atto;Intenso;Sufficiente;Sufficiente;0;0;0;3;;;0;1;Autovettura pubblica;In marcia / fermata / arresto;Mercedes;(non accertato);Passeggero;1980;F;Illeso;0;;;
3607559;1;15/12/2017 20:30:00;Strada Urbana;LARGO CORRADO RICCI;da specificare;;;;VARCO DI CONTROLLO;Scontro laterale fra veicoli in marcia;Rettilineo;Una carreggiata a senso unico alternato;Bagnato (pioggia);Asfaltata;Verticale ed orizzontale;Pioggia in atto;Intenso;Sufficiente;Sufficiente;0;0;0;3;;;0;2;Autovettura privata;In marcia / fermata / arresto;Alfa Romeo;Giulietta;Conducente;1968;M;Illeso;0;;;
3607627;1;16/12/2017 06:00:00;Strada Urbana;VIALE AVENTINO;in corrispondenza;;del civico n.;102;;Veicolo in marcia contro ostacolo fisso;Rettilineo;Una carreggiata a senso unico di marcia;Asciutto;In cubetti di porfido;Verticale ed orizzontale;Sereno;Scarso;Sufficiente;Sufficiente;3;0;0;2;;;0;1;Autovettura privata;In marcia / fermata / arresto;Fiat;500;Conducente;1994;F;Illeso;0;;;
3607627;1;16/12/2017 06:00:00;Strada Urbana;VIALE AVENTINO;in corrispondenza;;del civico n.;102;;Veicolo in marcia contro ostacolo fisso;Rettilineo;Una carreggiata a senso unico di marcia;Asciutto;In cubetti di porfido;Verticale ed orizzontale;Sereno;Scarso;Sufficiente;Sufficiente;3;0;0;2;;;0;1;Autovettura privata;In marcia / fermata / arresto;Fiat;500;Passeggero;1991;F;Rimandato;0;NON DECEDUTO;;
3607627;1;16/12/2017 06:00:00;Strada Urbana;VIALE AVENTINO;in corrispondenza;;del civico n.;102;;Veicolo in marcia contro ostacolo fisso;Rettilineo;Una carreggiata a senso unico di marcia;Asciutto;In cubetti di porfido;Verticale ed orizzontale;Sereno;Scarso;Sufficiente;Sufficiente;3;0;0;2;;;0;1;Autovettura privata;In marcia / fermata / arresto;Fiat;500;Passeggero;1997;F;Rimandato;0;NON DECEDUTO;;
3607627;1;16/12/2017 06:00:00;Strada Urbana;VIALE AVENTINO;in corrispondenza;;del civico n.;102;;Veicolo in marcia contro ostacolo fisso;Rettilineo;Una carreggiata a senso unico di marcia;Asciutto;In cubetti di porfido;Verticale ed orizzontale;Sereno;Scarso;Sufficiente;Sufficiente;3;0;0;2;;;0;1;Autovettura privata;In marcia / fermata / arresto;Fiat;500;Passeggero;1998;F;Rimandato;0;NON DECEDUTO;;
3607627;1;16/12/2017 06:00:00;Strada Urbana;VIALE AVENTINO;in corrispondenza;;del civico n.;102;;Veicolo in marcia contro ostacolo fisso;Rettilineo;Una carreggiata a senso unico di marcia;Asciutto;In cubetti di porfido;Verticale ed orizzontale;Sereno;Scarso;Sufficiente;Sufficiente;3;0;0;2;;;0;1;Autovettura privata;In marcia / fermata / arresto;Fiat;500;Passeggero;1998;M;Illeso;0;;;
3607633;4;19/12/2017 14:30:00;;VIA NOMENTANA;all'intersezione con;VIA CARLO LORENZINI;VIA CARLO LORENZINI;;;Scontro laterale fra veicoli in marcia;;;;;;;;;;0;0;0;2;12,55901;41,9438;0;1;Autovettura privata;In marcia / fermata / arresto;Mercedes;Smart Fortwo;Conducente;1987;M;Illeso;0;;;
3607633;4;19/12/2017 14:30:00;;VIA NOMENTANA;all'intersezione con;VIA CARLO LORENZINI;VIA CARLO LORENZINI;;;Scontro laterale fra veicoli in marcia;;;;;;;;;;0;0;0;2;12,55901;41,9438;0;2;Motociclo a solo;In marcia / fermata / arresto;Piaggio;Vespa;Conducente;1945;M;Illeso;0;;;
3607636;12;19/12/2017 20:15:00;;VIA PONTINA;in prossimità;;della chilometrica;11.75;;Tamponamento Multiplo;;;;;;;;;;0;0;0;3;;;0;1;Autovettura privata;In marcia / fermata / arresto;Fiat;Qubo;Conducente;1951;M;Illeso;0;;;
3607636;12;19/12/2017 20:15:00;;VIA PONTINA;in prossimità;;della chilometrica;11.75;;Tamponamento Multiplo;;;;;;;;;;0;0;0;3;;;0;2;Autovettura privata;In marcia / fermata / arresto;Ford;Fiesta;Conducente;1996;M;Illeso;0;;;
3607636;12;19/12/2017 20:15:00;;VIA PONTINA;in prossimità;;della chilometrica;11.75;;Tamponamento Multiplo;;;;;;;;;;0;0;0;3;;;0;3;Autovettura privata;In marcia / fermata / arresto;Opel;Astra;Conducente;1982;M;Illeso;0;;Non accertato;Inesploso
3607644;12;12/12/2017 19:35:00;Provinciale;VIA LAURENTINA;da specificare;;;;rotatoria;Scontro frontale fra veicoli in marcia;Rotatoria;Una carreggiata a senso unico di marcia;Asciutto;Asfaltata;Verticale ed orizzontale;Nuvoloso;Scarso;Buona;Sufficiente;1;0;0;1;;;0;1;Autovettura privata;In marcia / fermata / arresto;Nissan;Micra;Conducente;0;M;Ricoverato;0;NON DECEDUTO;;
3607644;12;12/12/2017 19:35:00;Provinciale;VIA LAURENTINA;da specificare;;;;rotatoria;Scontro frontale fra veicoli in marcia;Rotatoria;Una carreggiata a senso unico di marcia;Asciutto;Asfaltata;Verticale ed orizzontale;Nuvoloso;Scarso;Buona;Sufficiente;1;0;0;1;;;0;2;Autovettura privata;In marcia / fermata / arresto;Opel;Corsa;Conducente;1982;M;Illeso;0;;Utilizzato;Inesploso
3607659;4;19/12/2017 14:50:00;;VIA SALARIA;da specificare;;;;prossimità aeroporto 'URBE';Scontro laterale fra veicoli in marcia;;;;;;;;;;0;0;0;2;12,51783;41,98705;0;1;Autovettura privata;In marcia / fermata / arresto;Ford;S - MAX;Conducente;1973;M;Illeso;0;;;
3607659;4;19/12/2017 14:50:00;;VIA SALARIA;da specificare;;;;prossimità aeroporto 'URBE';Scontro laterale fra veicoli in marcia;;;;;;;;;;0;0;0;2;12,51783;41,98705;0;2;Autocarro inferiore 35 q.;In marcia / fermata / arresto;Iveco;E 18;Conducente;1973;M;Illeso;0;;;
3607660;4;19/12/2017 12:15:00;;VIA SALARIA;in prossimità;;del civico n.;825;;Tamponamento;;;;;;;;;;0;0;0;2;12,50559;41,95446;0;1;Autovettura privata;In marcia / fermata / arresto;Opel;Corsa;Conducente;1963;M;Illeso;0;;;
3607660;4;19/12/2017 12:15:00;;VIA SALARIA;in prossimità;;del civico n.;825;;Tamponamento;;;;;;;;;;0;0;0;2;12,50559;41,95446;0;2;Autovettura privata;In marcia / fermata / arresto;Peugeot;1007;Conducente;1951;M;Illeso;0;;;
3607679;4;19/12/2017 20:00:00;Statale;VIA SALARIA;in prossimità;;della chilometrica;17.47;;Tamponamento;Rettilineo;Una carreggiata a doppio senso;Asciutto;Asfaltata;Orizzontale;Sereno;Normale;Insufficiente;Inesistente;1;0;0;2;12,51783;41,98705;0;1;Autovettura privata;In marcia / fermata / arresto;Mercedes;Smart For Two;Conducente;1979;M;Rifiuta cure immediate;0;NON DECEDUTO;;
3607679;4;19/12/2017 20:00:00;Statale;VIA SALARIA;in prossimità;;della chilometrica;17.47;;Tamponamento;Rettilineo;Una carreggiata a doppio senso;Asciutto;Asfaltata;Orizzontale;Sereno;Normale;Insufficiente;Inesistente;1;0;0;2;12,51783;41,98705;0;2;Autocarro inferiore 35 q.;In marcia / fermata / arresto;Fiat Iveco;Daily;Conducente;1993;M;Illeso;0;;;
3607679;4;19/12/2017 20:00:00;Statale;VIA SALARIA;in prossimità;;della chilometrica;17.47;;Tamponamento;Rettilineo;Una carreggiata a doppio senso;Asciutto;Asfaltata;Orizzontale;Sereno;Normale;Insufficiente;Inesistente;1;0;0;2;12,51783;41,98705;0;2;Autocarro inferiore 35 q.;In marcia / fermata / arresto;Fiat Iveco;Daily;Passeggero;0;M;Illeso;0;;;
3607684;7;19/12/2017 19:40:00;Strada Urbana;VIALE PALMIRO TOGLIATTI;all'intersezione semaforizzata con;VIA PRENESTINA;VIA PRENESTINA;;;Scontro laterale fra veicoli in marcia;Incrocio;Due carreggiate;Asciutto;Asfaltata;Verticale ed orizzontale;Sereno;Intenso;Buona;Sufficiente;0;0;0;2;12,57488;41,89472;0;1;Autovettura privata;In marcia / fermata / arresto;Toyota;Yaris;Conducente;1967;F;Illeso;0;;Non accertato;Inesploso
3607684;7;19/12/2017 19:40:00;Strada Urbana;VIALE PALMIRO TOGLIATTI;all'intersezione semaforizzata con;VIA PRENESTINA;VIA PRENESTINA;;;Scontro laterale fra veicoli in marcia;Incrocio;Due carreggiate;Asciutto;Asfaltata;Verticale ed orizzontale;Sereno;Intenso;Buona;Sufficiente;0;0;0;2;12,57488;41,89472;0;2;Autovettura privata;In marcia / fermata / arresto;Renault;Kangoo;Conducente;1968;M;Illeso;0;;Non accertato;Inesploso
3607694;16;20/12/2017 06:55:00;;PIAZZA DI DONNA OLIMPIA;all'intersezione con;VIA DI DONNA OLIMPIA;VIA DI DONNA OLIMPIA;;;Veicolo in marcia contro ostacolo fisso;;;;;;;;;;0;0;0;1;12,45236;41,87756;0;1;Macchina operatrice;In marcia / fermata / arresto;Fiat Iveco;Magirus;Conducente;1978;M;Illeso;0;;;
3607698;2;19/12/2017 18:30:00;;LUNGOTEVERE DELL'ACQUA ACETOSA;da specificare;;;;altezza via Sassi di San Giuliano;Scontro frontale/laterale DX fra veicoli in marcia;;;;;;;;;;0;0;0;2;;;0;1;Autovettura privata;In marcia / fermata / arresto;Volkswagen;UP;Conducente;1955;M;Illeso;0;;;
3607698;2;19/12/2017 18:30:00;;LUNGOTEVERE DELL'ACQUA ACETOSA;da specificare;;;;altezza via Sassi di San Giuliano;Scontro frontale/laterale DX fra veicoli in marcia;;;;;;;;;;0;0;0;2;;;0;2;Autovettura privata;In marcia / fermata / arresto;Volkswagen;UP;Conducente;1942;M;Illeso;0;;;
3607704;1;16/12/2017 13:35:00;Strada Urbana;VIA SICILIA;all'intersezione con;VIA LUCANIA;VIA LUCANIA;;;Scontro frontale/laterale SX fra veicoli in marcia;Incrocio;Una carreggiata a senso unico di marcia;Asciutto;Asfaltata;Verticale ed orizzontale;Nuvoloso;Normale;Buona;Ore Diurne;0;0;0;3;12,49381;41,9093;-1;1;Autovettura privata;In marcia / fermata / arresto;Renault;Twingo;Conducente;1969;F;Illeso;0;;;
3607704;1;16/12/2017 13:35:00;Strada Urbana;VIA SICILIA;all'intersezione con;VIA LUCANIA;VIA LUCANIA;;;Scontro frontale/laterale SX fra veicoli in marcia;Incrocio;Una carreggiata a senso unico di marcia;Asciutto;Asfaltata;Verticale ed orizzontale;Nuvoloso;Normale;Buona;Ore Diurne;0;0;0;3;12,49381;41,9093;-1;2;Autovettura pubblica;In marcia / fermata / arresto;Mercedes;B180;Conducente;1938;F;Illeso;0;;;
3607704;1;16/12/2017 13:35:00;Strada Urbana;VIA SICILIA;all'intersezione con;VIA LUCANIA;VIA LUCANIA;;;Scontro frontale/laterale SX fra veicoli in marcia;Incrocio;Una carreggiata a senso unico di marcia;Asciutto;Asfaltata;Verticale ed orizzontale;Nuvoloso;Normale;Buona;Ore Diurne;0;0;0;3;12,49381;41,9093;-1;2;Autovettura pubblica;In marcia / fermata / arresto;Mercedes;B180;Passeggero;1964;F;Illeso;0;;;
3607712;4;19/12/2017 18:35:00;Strada Urbana;VIA MONTE CERVIALTO;all'intersezione semaforizzata con;VIA ALESSANDRO FORTIS;VIA ALESSANDRO FORTIS;;;Scontro laterale fra veicoli in marcia;Intersezione semaforizzata;Una carreggiata a doppio senso;Asciutto;Asfaltata;Verticale ed orizzontale;Sereno;Intenso;Sufficiente;Sufficiente;0;0;0;6;12,52321;41,95409;0;1;Autovettura privata;In marcia / fermata / arresto;Nissan;Micra;Conducente;1971;M;Illeso;0;;;
3607712;4;19/12/2017 18:35:00;Strada Urbana;VIA MONTE CERVIALTO;all'intersezione semaforizzata con;VIA ALESSANDRO FORTIS;VIA ALESSANDRO FORTIS;;;Scontro laterale fra veicoli in marcia;Intersezione semaforizzata;Una carreggiata a doppio senso;Asciutto;Asfaltata;Verticale ed orizzontale;Sereno;Intenso;Sufficiente;Sufficiente;0;0;0;6;12,52321;41,95409;0;1;Autovettura privata;In marcia / fermata / arresto;Nissan;Micra;Passeggero;2006;F;Illeso;0;;Non accertato;
3607712;4;19/12/2017 18:35:00;Strada Urbana;VIA MONTE CERVIALTO;all'intersezione semaforizzata con;VIA ALESSANDRO FORTIS;VIA ALESSANDRO FORTIS;;;Scontro laterale fra veicoli in marcia;Intersezione semaforizzata;Una carreggiata a doppio senso;Asciutto;Asfaltata;Verticale ed orizzontale;Sereno;Intenso;Sufficiente;Sufficiente;0;0;0;6;12,52321;41,95409;0;1;Autovettura privata;In marcia / fermata / arresto;Nissan;Micra;Passeggero;2008;F;Illeso;0;;Non accertato;
3607712;4;19/12/2017 18:35:00;Strada Urbana;VIA MONTE CERVIALTO;all'intersezione semaforizzata con;VIA ALESSANDRO FORTIS;VIA ALESSANDRO FORTIS;;;Scontro laterale fra veicoli in marcia;Intersezione semaforizzata;Una carreggiata a doppio senso;Asciutto;Asfaltata;Verticale ed orizzontale;Sereno;Intenso;Sufficiente;Sufficiente;0;0;0;6;12,52321;41,95409;0;2;Autovettura privata;In marcia / fermata / arresto;Nissan;Micra;Conducente;1942;M;Illeso;0;;;
3607712;4;19/12/2017 18:35:00;Strada Urbana;VIA MONTE CERVIALTO;all'intersezione semaforizzata con;VIA ALESSANDRO FORTIS;VIA ALESSANDRO FORTIS;;;Scontro laterale fra veicoli in marcia;Intersezione semaforizzata;Una carreggiata a doppio senso;Asciutto;Asfaltata;Verticale ed orizzontale;Sereno;Intenso;Sufficiente;Sufficiente;0;0;0;6;12,52321;41,95409;0;2;Autovettura privata;In marcia / fermata / arresto;Nissan;Micra;Passeggero;2011;F;Illeso;0;;;
3607712;4;19/12/2017 18:35:00;Strada Urbana;VIA MONTE CERVIALTO;all'intersezione semaforizzata con;VIA ALESSANDRO FORTIS;VIA ALESSANDRO FORTIS;;;Scontro laterale fra veicoli in marcia;Intersezione semaforizzata;Una carreggiata a doppio senso;Asciutto;Asfaltata;Verticale ed orizzontale;Sereno;Intenso;Sufficiente;Sufficiente;0;0;0;6;12,52321;41,95409;0;3;Autovettura privata;In marcia / fermata / arresto;Honda;Jazz;Conducente;1961;M;Illeso;0;;Non accertato;
3607748;2;19/12/2017;;VIA DEL FORO ITALICO;da specificare;;;;rampa;Fuoriuscita dalla sede stradale;;;;;;;;;;1;0;0;0;;;0;1;Autovettura privata;In marcia / fermata / arresto;Fiat;500;Conducente;1995;F;Rimandato;0;NON DECEDUTO;;
3607753;2;19/12/2017 10:00:00;;LUNGOTEVERE FLAMINIO;all'intersezione con;VIA DEI TADOLINI;VIA DEI TADOLINI;;;Scontro laterale fra veicoli in marcia;;;;;;;;;;1;0;0;0;;;0;2;Ciclomotore;In marcia / fermata / arresto;Piaggio;Liberty;Conducente;1991;M;Rimandato;0;NON DECEDUTO;;
3607755;2;19/12/2017 15:50:00;;VIALE MARESCIALLO PILSUDSKI;all'intersezione semaforizzata con;VIA DI S. VALENTINO;VIA DI S. VALENTINO;;;Scontro laterale fra veicoli in marcia;;;;;;;;;;0;0;0;3;;;0;1;Autocarro inferiore 35 q.;In marcia / fermata / arresto;Citroen;Berlingo;Conducente;1963;M;Illeso;0;;;
3607755;2;19/12/2017 15:50:00;;VIALE MARESCIALLO PILSUDSKI;all'intersezione semaforizzata con;VIA DI S. VALENTINO;VIA DI S. VALENTINO;;;Scontro laterale fra veicoli in marcia;;;;;;;;;;0;0;0;3;;;0;1;Autocarro inferiore 35 q.;In marcia / fermata / arresto;Citroen;Berlingo;Passeggero;1998;M;Illeso;0;;;
3607755;2;19/12/2017 15:50:00;;VIALE MARESCIALLO PILSUDSKI;all'intersezione semaforizzata con;VIA DI S. VALENTINO;VIA DI S. VALENTINO;;;Scontro laterale fra veicoli in marcia;;;;;;;;;;0;0;0;3;;;0;2;Autovettura privata;In marcia / fermata / arresto;Mercedes;B180;Conducente;1974;F;Illeso;0;;;