Protocollo;Gruppo;DataOraIncidente;Localizzazione1;STRADA1;Localizzazione2;STRADA2;Strada02;Chilometrica;DaSpecificare;NaturaIncidente;particolaritastrade;TipoStrada;FondoStradale;Pavimentazione;Segnaletica;CondizioneAtmosferica;Traffico;Visibilita;Illuminazione;NUM_FERITI;NUM_RISERVATA;NUM_MORTI;NUM_ILLESI;Longitudine;Latitudine;Confermato;Progressivo;TipoVeicolo;StatoVeicolo;Marca;Modello;TipoPersona;AnnoNascita;Sesso;Tipolesione;Deceduto;DecedutoDopo;CinturaCascoUtilizzato;Airbag;
3607761;2;19/12/2017 23:50:00;;LUNGOTEVERE MARESCIALLO CADORNA;all'intersezione con;PONTE DUCA D'AOSTA;PONTE DUCA D'AOSTA;;;Scontro laterale fra veicoli in marcia;;;;;;;;;;1;0;0;1;;;0;1;Autovettura privata;In marcia / fermata / arresto;MCC;Smart;Conducente;1953;M;Illeso;0;;;
3607761;2;19/12/2017 23:50:00;;LUNGOTEVERE MARESCIALLO CADORNA;all'intersezione con;PONTE DUCA D'AOSTA;PONTE DUCA D'AOSTA;;;Scontro laterale fra veicoli in marcia;;;;;;;;;;1;0;0;1;;;0;2;Motociclo a solo;In marcia / fermata / arresto;Honda;SH 300;Conducente;1992;M;Rifiuta cure immediate;0;NON DECEDUTO;;
3607767;1;16/12/2017 18:15:00;Strada Urbana;VIA MARSALA;da specificare;;;;ingresso SOTTOPASSO TURBIGO LATO TUNNEL DIREZ.STAZ;Scontro laterale fra veicoli in marcia;Sottopasso illuminato;Una carreggiata a senso unico di marcia;Asciutto;Asfaltata;Verticale;Nuvoloso;Normale;Buona;Sufficiente;0;0;0;3;;;0;1;Autovettura privata;In marcia / fermata / arresto;Hyundai;i 30;Conducente;1968;M;Illeso;0;;;
3607767;1;16/12/2017 18:15:00;Strada Urbana;VIA MARSALA;da specificare;;;;ingresso SOTTOPASSO TURBIGO LATO TUNNEL DIREZ.STAZ;Scontro laterale fra veicoli in marcia;Sottopasso illuminato;Una carreggiata a senso unico di marcia;Asciutto;Asfaltata;Verticale;Nuvoloso;Normale;Buona;Sufficiente;0;0;0;3;;;0;2;Autovettura privata;In marcia / fermata / arresto;Ford;Fiesta;Conducente;1975;F;Illeso;0;;;
3607767;1;16/12/2017 18:15:00;Strada Urbana;VIA MARSALA;da specificare;;;;ingresso SOTTOPASSO TURBIGO LATO TUNNEL DIREZ.STAZ;Scontro laterale fra veicoli in marcia;Sottopasso illuminato;Una carreggiata a senso unico di marcia;Asciutto;Asfaltata;Verticale;Nuvoloso;Normale;Buona;Sufficiente;0;0;0;3;;;0;3;Autovettura privata;In marcia / fermata / arresto;Alfa Romeo;Giulietta;Conducente;1956;M;Illeso;0;;;
3607810;4;19/12/2017 22:40:00;;VIA MONTE CERVIALTO;da specificare;;;;altezza via C. IACOBINI;Scontro laterale fra veicoli in marcia;;;;;;;;;;0;0;0;2;12,52321;41,95409;0;1;Autovettura privata;In marcia / fermata / arresto;Mini;One;Conducente;1985;M;Illeso;0;;;
3607810;4;19/12/2017 22:40:00;;VIA MONTE CERVIALTO;da specificare;;;;altezza via C. IACOBINI;Scontro laterale fra veicoli in marcia;;;;;;;;;;0;0;0;2;12,52321;41,95409;0;2;Autovettura privata;In marcia / fermata / arresto;Fiat;Tipo;Conducente;1964;M;Illeso;0;;;
3607818;4;19/12/2017 15:10:00;Strada Urbana;VIA DEI PRATI FISCALI;in corrispondenza;;del civico n.;15;;Scontro laterale fra veicoli in marcia;Rettilineo;Due carreggiate;Asciutto;Asfaltata;Verticale ed orizzontale;Sereno;Normale;Sufficiente;Ore Diurne;0;0;0;2;12,52407;41,94587;0;1;Autovettura privata;In marcia / fermata / arresto;Citroen;Picasso;Conducente;1979;M;Illeso;0;;;
3607818;4;19/12/2017 15:10:00;Strada Urbana;VIA DEI PRATI FISCALI;in corrispondenza;;del civico n.;15;;Scontro laterale fra veicoli in marcia;Rettilineo;Due carreggiate;Asciutto;Asfaltata;Verticale ed orizzontale;Sereno;Normale;Sufficiente;Ore Diurne;0;0;0;2;12,52407;41,94587;0;2;Autovettura privata;In marcia / fermata / arresto;Fiat;Panda;Conducente;1991;M;Illeso;0;;;
3607851;1;15/12/2017 19:30:00;Strada Urbana;VIA DELLA FERRATELLA IN LATERANO;in prossimità;;del palo luce n.;8;;Veicolo in marcia contro ostacolo accidentale;Rettilineo;Una carreggiata a senso unico di marcia;Bagnato (pioggia);Asfaltata;Verticale ed orizzontale;Pioggia in atto;Normale;Sufficiente;Sufficiente;0;0;0;1;;;0;1;Autovettura privata;In marcia / fermata / arresto;Mercedes;AG MB 220;Conducente;1966;M;Illeso;0;;;
3607852;17;20/12/2017 10:25:00;Strada Urbana;VIA TIBULLO;all'intersezione con;VIA COLA DI RIENZO;VIA COLA DI RIENZO;;;Ribaltamento senza urto contro ostacolo fisso;Incrocio;Una carreggiata a senso unico di marcia;Asciutto;In cubetti di porfido;Verticale ed orizzontale;Nuvoloso;Intenso;Buona;Ore Diurne;0;0;0;3;12,46229;41,90721;0;1;Autovettura di polizia;In marcia / fermata / arresto;Peugeot;208;Conducente;1967;F;Illeso;0;;;
3607852;17;20/12/2017 10:25:00;Strada Urbana;VIA TIBULLO;all'intersezione con;VIA COLA DI RIENZO;VIA COLA DI RIENZO;;;Ribaltamento senza urto contro ostacolo fisso;Incrocio;Una carreggiata a senso unico di marcia;Asciutto;In cubetti di porfido;Verticale ed orizzontale;Nuvoloso;Intenso;Buona;Ore Diurne;0;0;0;3;12,46229;41,90721;0;1;Autovettura di polizia;In marcia / fermata / arresto;Peugeot;208;Passeggero;1957;F;Illeso;0;;;
3607852;17;20/12/2017 10:25:00;Strada Urbana;VIA TIBULLO;all'intersezione con;VIA COLA DI RIENZO;VIA COLA DI RIENZO;;;Ribaltamento senza urto contro ostacolo fisso;Incrocio;Una carreggiata a senso unico di marcia;Asciutto;In cubetti di porfido;Verticale ed orizzontale;Nuvoloso;Intenso;Buona;Ore Diurne;0;0;0;3;12,46229;41,90721;0;2;Motociclo a solo;In marcia / fermata / arresto;KTM;690;Conducente;1968;M;Illeso;0;;;
3607864;6;20/12/2017 10:25:00;Strada Urbana;VIA VEROLI;in corrispondenza;;del civico n.;25;;Veicolo in marcia contro veicolo in sosta;Rettilineo;Una carreggiata a senso unico di marcia;Asciutto;Asfaltata;Orizzontale;Nuvoloso;Normale;Buona;Ore Diurne;0;0;0;1;12,55914;41,89177;-1;1;Autovettura privata;In marcia / fermata / arresto;Fiat;Freemont;Conducente;1993;M;Illeso;0;;Non accertato;Inesploso
3607884;1;15/12/2017 18:40:00;Strada Urbana;VIALE GUIDO BACCELLI;in prossimità;;del civico n.;70;;Veicolo in marcia contro ostacolo accidentale;Rettilineo;Una carreggiata a doppio senso;Bagnato (pioggia);Asfaltata;Verticale ed orizzontale;Pioggia in atto;Normale;Sufficiente;Sufficiente;0;0;0;1;;;0;1;Autovettura privata;In marcia / fermata / arresto;Toyota;Auris;Conducente;1971;M;Illeso;0;;;
3607916;1;16/12/2017 03:00:00;Strada Urbana;VIALE DEL CAMPO BOARIO;in prossimità;;del civico n.;4;;Veicolo in marcia contro ostacolo accidentale;Curva a visuale libera;Una carreggiata a doppio senso;Bagnato (umidità in atto);Asfaltata;Verticale ed orizzontale;Nuvoloso;Scarso;Buona;Sufficiente;0;0;0;2;;;0;1;Autovettura privata;In marcia / fermata / arresto;Mercedes;(non accertato);Conducente;1991;M;Illeso;0;;;
3607916;1;16/12/2017 03:00:00;Strada Urbana;VIALE DEL CAMPO BOARIO;in prossimità;;del civico n.;4;;Veicolo in marcia contro ostacolo accidentale;Curva a visuale libera;Una carreggiata a doppio senso;Bagnato (umidità in atto);Asfaltata;Verticale ed orizzontale;Nuvoloso;Scarso;Buona;Sufficiente;0;0;0;2;;;0;1;Autovettura privata;In marcia / fermata / arresto;Mercedes;(non accertato);Passeggero;1992;M;Illeso;0;;;
3607945;12;11/12/2017 00:25:00;;VIA CRISTOFORO COLOMBO;da specificare;;;;DIR. G.R.A. ALTEZZA LAGHETTO;Veicolo in marcia contro ostacolo fisso;;;;;;;;;;1;0;0;0;;;0;1;Autovettura privata;In marcia / fermata / arresto;Audi;A3;Conducente;1987;M;Rimandato;0;NON DECEDUTO;Non accertato;Esploso
3607947;12;10/12/2017 14:45:00;Strada Urbana;VIADOTTO DELLA MAGLIANA;da specificare;;;;300 M. DOPO SHERATON DIREZ. FIUMICINO;Tamponamento;Curva a visuale libera;Due carreggiate;Bagnato (pioggia);Asfaltata;Verticale ed orizzontale;Nuvoloso;Scarso;Buona;Ore Diurne;0;0;0;2;12,46394;41,84294;0;1;Autovettura privata;In marcia / fermata / arresto;Fiat;Punto;Conducente;1952;F;Illeso;0;;Utilizzato;Inesploso
3607947;12;10/12/2017 14:45:00;Strada Urbana;VIADOTTO DELLA MAGLIANA;da specificare;;;;300 M. DOPO SHERATON DIREZ. FIUMICINO;Tamponamento;Curva a visuale libera;Due carreggiate;Bagnato (pioggia);Asfaltata;Verticale ed orizzontale;Nuvoloso;Scarso;Buona;Ore Diurne;0;0;0;2;12,46394;41,84294;0;2;Autovettura privata;In marcia / fermata / arresto;Fiat;600;Conducente;1994;M;Illeso;0;;Utilizzato;Inesploso
3607955;1;16/12/2017 14:00:00;Strada Urbana;VIA QUATTRO NOVEMBRE;in prossimità;;del civico n.;137;;Veicolo in marcia contro ostacolo accidentale;Rettilineo;Una carreggiata a doppio senso;Asciutto;In cubetti di porfido;Verticale ed orizzontale;Nuvoloso;Normale;Buona;Ore Diurne;0;0;0;1;;;0;1;Autovettura pubblica;In marcia / fermata / arresto;Fiat;Multipla Taxi;Conducente;1972;M;Illeso;0;;;
3607968;1;15/12/2017 19:35:00;Strada Urbana;VIA DI S. GREGORIO;all'intersezione con;VIA DEI CERCHI;VIA DEI CERCHI;;;Scontro laterale fra veicoli in marcia;Intersezione semaforizzata;Una carreggiata a doppio senso;Asciutto;Acciotolata;Verticale ed orizzontale;Sereno;Normale;Buona;Sufficiente;0;0;0;1;;;0;1;Autovettura privata;In marcia / fermata / arresto;Renault;Clio;Conducente;1992;M;Illeso;0;;Non accertato;Inesploso
3607981;12;13/12/2017 08:35:00;Strada Urbana;VIA CRISTOFORO COLOMBO;da specificare;;;;DIR.CENTRO 100 M DOPO V.LE INDUSTRIA CORSIA CENTR.;Infortunio per caduta del veicolo;Rettilineo;Più di due carreggiate;Bagnato (pioggia);Asfaltata;Verticale ed orizzontale;Pioggia in atto;Intenso;Buona;Ore Diurne;2;0;0;0;12,41155;41,78584;0;1;Motociclo a solo;In marcia / fermata / arresto;Honda;Silver Wing;Conducente;1962;M;Rimandato;0;NON DECEDUTO;Non accertato;
3607981;12;13/12/2017 08:35:00;Strada Urbana;VIA CRISTOFORO COLOMBO;da specificare;;;;DIR.CENTRO 100 M DOPO V.LE INDUSTRIA CORSIA CENTR.;Infortunio per caduta del veicolo;Rettilineo;Più di due carreggiate;Bagnato (pioggia);Asfaltata;Verticale ed orizzontale;Pioggia in atto;Intenso;Buona;Ore Diurne;2;0;0;0;12,41155;41,78584;0;1;Motociclo a solo;In marcia / fermata / arresto;Honda;Silver Wing;Passeggero;1964;F;Rimandato;0;NON DECEDUTO;Utilizzato;
3607990;12;14/12/2017 22:45:00;Strada Urbana;VIA DI MEZZOCAMMINO;da specificare;;;;PROSSIMITA' VIA MENGONI DIR. VIA C. COLOMBO;Fuoriuscita dalla sede stradale;Rettilineo;Una carreggiata a doppio senso;Bagnato (pioggia);Asfaltata;Verticale ed orizzontale;Nuvoloso;Scarso;Buona;Sufficiente;3;0;0;2;;;0;1;Autovettura privata;In marcia / fermata / arresto;Peugeot;206;Conducente;1998;M;Rimandato;0;NON DECEDUTO;Non accertato;Esploso
3607990;12;14/12/2017 22:45:00;Strada Urbana;VIA DI MEZZOCAMMINO;da specificare;;;;PROSSIMITA' VIA MENGONI DIR. VIA C. COLOMBO;Fuoriuscita dalla sede stradale;Rettilineo;Una carreggiata a doppio senso;Bagnato (pioggia);Asfaltata;Verticale ed orizzontale;Nuvoloso;Scarso;Buona;Sufficiente;3;0;0;2;;;0;1;Autovettura privata;In marcia / fermata / arresto;Peugeot;206;Passeggero;1994;M;Illeso;0;;;
3607990;12;14/12/2017 22:45:00;Strada Urbana;VIA DI MEZZOCAMMINO;da specificare;;;;PROSSIMITA' VIA MENGONI DIR. VIA C. COLOMBO;Fuoriuscita dalla sede stradale;Rettilineo;Una carreggiata a doppio senso;Bagnato (pioggia);Asfaltata;Verticale ed orizzontale;Nuvoloso;Scarso;Buona;Sufficiente;3;0;0;2;;;0;1;Autovettura privata;In marcia / fermata / arresto;Peugeot;206;Passeggero;1995;M;Illeso;0;;;
3607990;12;14/12/2017 22:45:00;Strada Urbana;VIA DI MEZZOCAMMINO;da specificare;;;;PROSSIMITA' VIA MENGONI DIR. VIA C. COLOMBO;Fuoriuscita dalla sede stradale;Rettilineo;Una carreggiata a doppio senso;Bagnato (pioggia);Asfaltata;Verticale ed orizzontale;Nuvoloso;Scarso;Buona;Sufficiente;3;0;0;2;;;0;1;Autovettura privata;In marcia / fermata / arresto;Peugeot;206;Passeggero;1997;F;Rimandato;0;NON DECEDUTO;;
3607990;12;14/12/2017 22:45:00;Strada Urbana;VIA DI MEZZOCAMMINO;da specificare;;;;PROSSIMITA' VIA MENGONI DIR. VIA C. COLOMBO;Fuoriuscita dalla sede stradale;Rettilineo;Una carreggiata a doppio senso;Bagnato (pioggia);Asfaltata;Verticale ed orizzontale;Nuvoloso;Scarso;Buona;Sufficiente;3;0;0;2;;;0;1;Autovettura privata;In marcia / fermata / arresto;Peugeot;206;Passeggero;1998;M;Rimandato;0;NON DECEDUTO;;
3608002;12;16/12/2017 13:15:00;;VIA DI DECIMA;all'intersezione con;VIA OSTIENSE;VIA OSTIENSE;;;Tamponamento;;;;;;;;;;0;0;0;2;;;0;1;Autovettura privata;In marcia / fermata / arresto;Renault;Clio;Conducente;1979;F;Illeso;0;;Utilizzato;Inesploso
3608002;12;16/12/2017 13:15:00;;VIA DI DECIMA;all'intersezione con;VIA OSTIENSE;VIA OSTIENSE;;;Tamponamento;;;;;;;;;;0;0;0;2;;;0;2;Motociclo con passeggero;In marcia / fermata / arresto;Piaggio;(ignoto);Conducente;1973;M;Illeso;0;;Utilizzato;
3608009;12;16/12/2017 17:00:00;Strada Urbana;VIA DELLE TRE FONTANE;all'intersezione semaforizzata con;VIALE DELL'INDUSTRIA;VIALE DELL'INDUSTRIA;;;Scontro frontale fra veicoli in marcia;Intersezione semaforizzata;;Bagnato (pioggia);Asfaltata;Verticale ed orizzontale;Pioggia in atto;Normale;Buona;Sufficiente;0;0;0;2;;;0;1;Motociclo a solo;In marcia / fermata / arresto;Ducati;(non accertato);Conducente;1967;M;Illeso;0;;;
3608009;12;16/12/2017 17:00:00;Strada Urbana;VIA DELLE TRE FONTANE;all'intersezione semaforizzata con;VIALE DELL'INDUSTRIA;VIALE DELL'INDUSTRIA;;;Scontro frontale fra veicoli in marcia;Intersezione semaforizzata;;Bagnato (pioggia);Asfaltata;Verticale ed orizzontale;Pioggia in atto;Normale;Buona;Sufficiente;0;0;0;2;;;0;2;Autovettura privata;In marcia / fermata / arresto;Fiat;Punto;Conducente;1962;M;Illeso;0;;;
3608052;12;19/12/2017 07:50:00;;VIA OSTIENSE;da specificare;;;;PARCHEGGIO EUR MAGLIANA;Veicolo in marcia contro veicoli fermi;;;;;;;;;;0;0;0;1;;;0;1;Autovettura privata;In marcia / fermata / arresto;Renault;Laguna;Conducente;1993;M;Illeso;0;;Non accertato;Inesploso
3608093;12;17/12/2017 11:15:00;Strada Urbana;VIALE DEGLI EROI DI RODI;da specificare;;;;prox civ. 16;Veicolo in marcia contro ostacolo accidentale;Rettilineo;Una carreggiata a senso unico di marcia;Asciutto;Asfaltata;Verticale ed orizzontale;Sereno;Normale;Buona;Ore Diurne;0;0;0;3;12,43799;41,78053;0;1;Autovettura privata;In marcia / fermata / arresto;Opel;Corsa;Conducente;1969;M;Illeso;0;;Utilizzato;Inesploso
3608093;12;17/12/2017 11:15:00;Strada Urbana;VIALE DEGLI EROI DI RODI;da specificare;;;;prox civ. 16;Veicolo in marcia contro ostacolo accidentale;Rettilineo;Una carreggiata a senso unico di marcia;Asciutto;Asfaltata;Verticale ed orizzontale;Sereno;Normale;Buona;Ore Diurne;0;0;0;3;12,43799;41,78053;0;2;Autovettura privata;In marcia / fermata / arresto;Suzuki;Swift;Conducente;1946;M;Illeso;0;;Utilizzato;Inesploso
3608093;12;17/12/2017 11:15:00;Strada Urbana;VIALE DEGLI EROI DI RODI;da specificare;;;;prox civ. 16;Veicolo in marcia contro ostacolo accidentale;Rettilineo;Una carreggiata a senso unico di marcia;Asciutto;Asfaltata;Verticale ed orizzontale;Sereno;Normale;Buona;Ore Diurne;0;0;0;3;12,43799;41,78053;0;2;Autovettura privata;In marcia / fermata / arresto;Suzuki;Swift;Passeggero;1945;F;Illeso;0;;Utilizzato;Inesploso
3608099;12;17/12/2017 09:45:00;Strada Urbana;VIALE DEGLI EROI DI RODI;in prossimità;;del civico n.;199;;Veicolo in marcia contro ostacolo accidentale;Rettilineo;Una carreggiata a senso unico di marcia;Asciutto;Asfaltata;Verticale ed orizzontale;Sereno;Scarso;Buona;Ore Diurne;0;0;0;2;12,43593;41,78258;0;1;Autovettura di polizia;In marcia / fermata / arresto;Fiat;Bravo;Conducente;1973;M;Illeso;0;;Utilizzato;Inesploso
3608099;12;17/12/2017 09:45:00;Strada Urbana;VIALE DEGLI EROI DI RODI;in prossimità;;del civico n.;199;;Veicolo in marcia contro ostacolo accidentale;Rettilineo;Una carreggiata a senso unico di marcia;Asciutto;Asfaltata;Verticale ed orizzontale;Sereno;Scarso;Buona;Ore Diurne;0;0;0;2;12,43593;41,78258;0;1;Autovettura di polizia;In marcia / fermata / arresto;Fiat;Bravo;Passeggero;1970;M;Illeso;0;;Utilizzato;Inesploso
3608146;18;20/12/2017 14:00:00;Strada Urbana;VIA VEZIO CRISAFULLI;in prossimità;;del civico n.;9;;Scontro frontale/laterale SX fra veicoli in marcia;Rettilineo;Due carreggiate;Asciutto;Asfaltata;Verticale ed orizzontale;Sereno;Scarso;Buona;Ore Diurne;2;0;0;0;12,41181;41,89668;0;1;Motociclo a solo;In marcia / fermata / arresto;KTM;Duke;Conducente;1990;M;Rimandato;0;NON DECEDUTO;Utilizzato;
3608146;18;20/12/2017 14:00:00;Strada Urbana;VIA VEZIO CRISAFULLI;in prossimità;;del civico n.;9;;Scontro frontale/laterale SX fra veicoli in marcia;Rettilineo;Due carreggiate;Asciutto;Asfaltata;Verticale ed orizzontale;Sereno;Scarso;Buona;Ore Diurne;2;0;0;0;12,41181;41,89668;0;2;Autovettura privata;In marcia / fermata / arresto;Mercedes;B 180;Conducente;1976;F;Rifiuta cure immediate;0;NON DECEDUTO;Non accertato;Inesploso
3608178;10;20/12/2017 14:50:00;Strada Urbana;LARGO DEI LEVII;in prossimità;;del civico n.;19;;Veicolo in marcia contro veicolo in sosta;Rettilineo;Una carreggiata a senso unico di marcia;Asciutto;Asfaltata;Verticale ed orizzontale;Sereno;Normale;Sufficiente;Sufficiente;0;0;0;1;12,54664;41,86208;0;1;Autovettura privata;In marcia / fermata / arresto;Ford;Fiesta;Conducente;1986;M;Illeso;0;;Non accertato;Inesploso
3608333;17;19/12/2017 17:20:00;Strada Urbana;VIA TRIONFALE;in prossimità;;del civico n.;5775;;Scontro laterale fra veicoli in marcia;Rettilineo;Una carreggiata a doppio senso;Asciutto;Asfaltata;Verticale ed orizzontale;Sereno;Intenso;Buona;Sufficiente;0;0;0;2;12,44756;41,92561;0;1;Motociclo a solo;In marcia / fermata / arresto;Piaggio;Vespa;Conducente;1973;M;Illeso;0;;;
3608333;17;19/12/2017 17:20:00;Strada Urbana;VIA TRIONFALE;in prossimità;;del civico n.;5775;;Scontro laterale fra veicoli in marcia;Rettilineo;Una carreggiata a doppio senso;Asciutto;Asfaltata;Verticale ed orizzontale;Sereno;Intenso;Buona;Sufficiente;0;0;0;2;12,44756;41,92561;0;2;Autovettura privata;In marcia / fermata / arresto;Fiat;Marea;Conducente;1944;F;Illeso;0;;;
3608355;18;20/12/2017 16:00:00;Strada Urbana;VIA AURELIA;da specificare;;;;altezza stazione Aurelia;Tamponamento;Rettilineo;Due carreggiate;Asciutto;Asfaltata;Verticale ed orizzontale;Sereno;Normale;Buona;Ore Diurne;0;0;0;1;12,39479;41,884;0;1;Autovettura privata;In marcia / fermata / arresto;Renault;Megane;Conducente;1985;M;Illeso;0;;Non accertato;Inesploso
3608448;15;20/12/2017 16:45:00;Strada Urbana;VIALE GUGLIELMO MARCONI;in prossimità;;del civico n.;235;;Scontro laterale fra veicoli in marcia;Rettilineo;Due carreggiate;Asciutto;Asfaltata;Verticale ed orizzontale;Nuvoloso;Intenso;Buona;Ore Diurne;0;0;0;1;;;0;1;Autovettura privata;In marcia / fermata / arresto;Peugeot;207;Conducente;1963;M;Illeso;0;;Non accertato;Inesploso
3608496;20;20/12/2017 09:10:00;Statale entro l'abitato;VIA FLAMINIA;in prossimità;;del palo luce n.;264;;Tamponamento Multiplo;Rettilineo;Una carreggiata a doppio senso;Asciutto;Asfaltata;Verticale ed orizzontale;Nuvoloso;Scarso;Buona;Ore Diurne;0;0;0;4;;;0;1;Autovettura privata;In marcia / fermata / arresto;Fiat;500;Conducente;1990;F;Illeso;0;;Non accertato;
3608496;20;20/12/2017 09:10:00;Statale entro l'abitato;VIA FLAMINIA;in prossimità;;del palo luce n.;264;;Tamponamento Multiplo;Rettilineo;Una carreggiata a doppio senso;Asciutto;Asfaltata;Verticale ed orizzontale;Nuvoloso;Scarso;Buona;Ore Diurne;0;0;0;4;;;0;2;Autovettura privata;In marcia / fermata / arresto;Volkswagen;Polo;Conducente;1963;F;Illeso;0;;Non accertato;
3608496;20;20/12/2017 09:10:00;Statale entro l'abitato;VIA FLAMINIA;in prossimità;;del palo luce n.;264;;Tamponamento Multiplo;Rettilineo;Una carreggiata a doppio senso;Asciutto;Asfaltata;Verticale ed orizzontale;Nuvoloso;Scarso;Buona;Ore Diurne;0;0;0;4;;;0;3;Autovettura privata;In marcia / fermata / arresto;Citroen;C 1;Conducente;1977;M;Illeso;0;;Non accertato;
3608496;20;20/12/2017 09:10:00;Statale entro l'abitato;VIA FLAMINIA;in prossimità;;del palo luce n.;264;;Tamponamento Multiplo;Rettilineo;Una carreggiata a doppio senso;Asciutto;Asfaltata;Verticale ed orizzontale;Nuvoloso;Scarso;Buona;Ore Diurne;0;0;0;4;;;0;3;Autovettura privata;In marcia / fermata / arresto;Citroen;C 1;Passeggero;1979;M;Illeso;0;;Non accertato;
3608528;17;19/12/2017 22:30:00;Strada Urbana;VIA DEGLI SCIPIONI;all'intersezione con;VIA DUILIO;VIA DUILIO;;;Scontro frontale/laterale DX fra veicoli in marcia;Incrocio;Una carreggiata a senso unico di marcia;Asciutto;Asfaltata;Verticale ed orizzontale;Sereno;Scarso;Buona;Sufficiente;0;0;0;4;12,46415;41,91006;0;1;Autovettura privata;In marcia / fermata / arresto;Hyundai;i10;Conducente;1966;F;Illeso;0;;;
3608528;17;19/12/2017 22:30:00;Strada Urbana;VIA DEGLI SCIPIONI;all'intersezione con;VIA DUILIO;VIA DUILIO;;;Scontro frontale/laterale DX fra veicoli in marcia;Incrocio;Una carreggiata a senso unico di marcia;Asciutto;Asfaltata;Verticale ed orizzontale;Sereno;Scarso;Buona;Sufficiente;0;0;0;4;12,46415;41,91006;0;2;Autovettura privata;In marcia / fermata / arresto;Volkswagen;Golf;Conducente;1988;M;Illeso;0;;;
3608528;17;19/12/2017 22:30:00;Strada Urbana;VIA DEGLI SCIPIONI;all'intersezione con;VIA DUILIO;VIA DUILIO;;;Scontro frontale/laterale DX fra veicoli in marcia;Incrocio;Una carreggiata a senso unico di marcia;Asciutto;Asfaltata;Verticale ed orizzontale;Sereno;Scarso;Buona;Sufficiente;0;0;0;4;12,46415;41,91006;0;3;Autovettura privata;In marcia / fermata / arresto;Audi;A3;Conducente;1984;M;Illeso;0;;;
3608528;17;19/12/2017 22:30:00;Strada Urbana;VIA DEGLI SCIPIONI;all'intersezione con;VIA DUILIO;VIA DUILIO;;;Scontro frontale/laterale DX fra veicoli in marcia;Incrocio;Una carreggiata a senso unico di marcia;Asciutto;Asfaltata;Verticale ed orizzontale;Sereno;Scarso;Buona;Sufficiente;0;0;0;4;12,46415;41,91006;0;4;Autovettura privata;In marcia / fermata / arresto;Fiat;500;Conducente;1967;M;Illeso;0;;;
3608550;6;20/12/2017 16:40:00;Strada Urbana;VIA ROBERTO MALATESTA;all'intersezione con;VIA ERASMO GATTAMELATA;VIA ERASMO GATTAMELATA;;;Scontro frontale/laterale SX fra veicoli in marcia;Incrocio;Due carreggiate;Asciutto;Asfaltata;Verticale ed orizzontale;Sereno;Normale;Buona;Ore Diurne;1;0;0;1;12,53655;41,88767;0;1;Autovettura privata;In marcia / fermata / arresto;Ford;Transit;Conducente;1950;M;Illeso;0;;Non accertato;Inesploso
3608550;6;20/12/2017 16:40:00;Strada Urbana;VIA ROBERTO MALATESTA;all'intersezione con;VIA ERASMO GATTAMELATA;VIA ERASMO GATTAMELATA;;;Scontro frontale/laterale SX fra veicoli in marcia;Incrocio;Due carreggiate;Asciutto;Asfaltata;Verticale ed orizzontale;Sereno;Normale;Buona;Ore Diurne;1;0;0;1;12,53655;41,88767;0;2;Motociclo a solo;In marcia / fermata / arresto;Peugeot;Tweet;Conducente;1987;M;Rifiuta cure immediate;0;NON DECEDUTO;Non accertato;
3608556;18;20/12/2017 17:30:00;Strada Urbana;VIA MATTIA BATTISTINI;da specificare;;;;prossimità Via S.Melchiade Papa;Investimento di pedone;Rettilineo;Una carreggiata a doppio senso;Asciutto;Asfaltata;Verticale;Sereno;Intenso;Sufficiente;Sufficiente;1;0;0;1;12,41864;41,91163;0;;;;;;Pedone;1958;M;Rimandato;0;NON DECEDUTO;;
3608556;18;20/12/2017 17:30:00;Strada Urbana;VIA MATTIA BATTISTINI;da specificare;;;;prossimità Via S.Melchiade Papa;Investimento di pedone;Rettilineo;Una carreggiata a doppio senso;Asciutto;Asfaltata;Verticale;Sereno;Intenso;Sufficiente;Sufficiente;1;0;0;1;12,41864;41,91163;0;1;Autovettura privata;In marcia / fermata / arresto;MCC;Smart;Conducente;1992;F;Illeso;0;;Non accertato;Inesploso
3608560;20;20/12/2017 08:00:00;Strada Urbana;VIA GERMANA STEFANINI;da specificare;;;;altezza via SS Cosma e Damiano ;Scontro frontale/laterale SX fra veicoli in marcia;Rettilineo;Una carreggiata a doppio senso;Asciutto;Asfaltata;Verticale ed orizzontale;Nuvoloso;Intenso;Buona;Ore Diurne;1;0;0;1;12,44863;41,97071;-1;1;Autovettura privata;In marcia / fermata / arresto;Mercedes;270;Conducente;1953;M;Illeso;0;;Non accertato;
3608560;20;20/12/2017 08:00:00;Strada Urbana;VIA GERMANA STEFANINI;da specificare;;;;altezza via SS Cosma e Damiano ;Scontro frontale/laterale SX fra veicoli in marcia;Rettilineo;Una carreggiata a doppio senso;Asciutto;Asfaltata;Verticale ed orizzontale;Nuvoloso;Intenso;Buona;Ore Diurne;1;0;0;1;12,44863;41,97071;-1;2;Motociclo a solo;In marcia / fermata / arresto;Piaggio;Beverly;Conducente;1979;M;Rimandato;0;NON DECEDUTO;Non accertato;