Protocollo;Gruppo;DataOraIncidente;Localizzazione1;STRADA1;Localizzazione2;STRADA2;Strada02;Chilometrica;DaSpecificare;NaturaIncidente;particolaritastrade;TipoStrada;FondoStradale;Pavimentazione;Segnaletica;CondizioneAtmosferica;Traffico;Visibilita;Illuminazione;NUM_FERITI;NUM_RISERVATA;NUM_MORTI;NUM_ILLESI;Longitudine;Latitudine;Confermato;Progressivo;TipoVeicolo;StatoVeicolo;Marca;Modello;TipoPersona;AnnoNascita;Sesso;Tipolesione;Deceduto;DecedutoDopo;CinturaCascoUtilizzato;Airbag;
3608567;20;20/12/2017 08:20:00;Statale entro l'abitato;VIA CASSIA;da specificare;;;;in prossimità di Via cappelletta della giustiniana;Tamponamento;Rettilineo;Una carreggiata a doppio senso;Asciutto;Lastricata;Orizzontale;Nuvoloso;Normale;Buona;Ore Diurne;1;0;0;1;12,41323;41,98292;0;1;Autovettura privata;In marcia / fermata / arresto;Toyota;Aygo;Conducente;1991;M;Rifiuta cure immediate;0;NON DECEDUTO;Non accertato;
3608567;20;20/12/2017 08:20:00;Statale entro l'abitato;VIA CASSIA;da specificare;;;;in prossimità di Via cappelletta della giustiniana;Tamponamento;Rettilineo;Una carreggiata a doppio senso;Asciutto;Lastricata;Orizzontale;Nuvoloso;Normale;Buona;Ore Diurne;1;0;0;1;12,41323;41,98292;0;2;Autovettura privata;In marcia / fermata / arresto;Opel;Corsa;Conducente;1998;F;Illeso;0;;Non accertato;
3608572;10;20/12/2017 18:10:00;Strada Urbana;VIA TUSCOLANA;all'intersezione con;VIA DEGLI OPIMIANI;VIA DEGLI OPIMIANI;;;Scontro laterale fra veicoli in marcia;Intersezione stradale segnalata;Due carreggiate;Asciutto;Asfaltata;Verticale ed orizzontale;Sereno;Normale;Sufficiente;Sufficiente;0;0;0;2;12,55113;41,86271;0;1;Autovettura privata;In marcia / fermata / arresto;Fiat;500;Conducente;1972;M;Illeso;0;;Non accertato;Inesploso
3608572;10;20/12/2017 18:10:00;Strada Urbana;VIA TUSCOLANA;all'intersezione con;VIA DEGLI OPIMIANI;VIA DEGLI OPIMIANI;;;Scontro laterale fra veicoli in marcia;Intersezione stradale segnalata;Due carreggiate;Asciutto;Asfaltata;Verticale ed orizzontale;Sereno;Normale;Sufficiente;Sufficiente;0;0;0;2;12,55113;41,86271;0;2;Autovettura privata;In marcia / fermata / arresto;Fiat;Panda;Conducente;1948;M;Illeso;0;;Non accertato;Inesploso
3608585;17;19/12/2017 11:50:00;Strada Urbana;VIALE DEGLI AMMIRAGLI;in corrispondenza;;del civico n.;112;;Veicolo in marcia contro veicolo fermo;Rettilineo;Una carreggiata a senso unico di marcia;Asciutto;Asfaltata;Assente;Sereno;Normale;Buona;Ore Diurne;0;0;0;2;12,44388;41,90665;0;1;Autovettura privata;In marcia / fermata / arresto;Volvo;XC 90;Conducente;1965;M;Illeso;0;;;
3608585;17;19/12/2017 11:50:00;Strada Urbana;VIALE DEGLI AMMIRAGLI;in corrispondenza;;del civico n.;112;;Veicolo in marcia contro veicolo fermo;Rettilineo;Una carreggiata a senso unico di marcia;Asciutto;Asfaltata;Assente;Sereno;Normale;Buona;Ore Diurne;0;0;0;2;12,44388;41,90665;0;2;Autocarro inferiore 35 q.;In marcia / fermata / arresto;Fiat;Talento;Conducente;1997;M;Illeso;0;;;
3608614;16;15/12/2017 01:00:00;;VIA DELLA PISANA;in prossimità;;del civico n.;1036;;Veicolo in marcia contro ostacolo accidentale;;;;;;;;;;0;0;0;1;;;0;1;Autovettura privata;In marcia / fermata / arresto;Fiat;500;Conducente;0;M;Illeso;0;;;
3608615;15;20/12/2017 10:30:00;;VIA DELL'IMBRECCIATO;in prossimità;;del civico n.;123;;Scontro frontale fra veicoli in marcia;;;;;;;;;;1;0;0;1;12,44567;41,85019;0;1;Autovettura privata;In marcia / fermata / arresto;Toyota;Rav 4;Conducente;0;F;Illeso;0;;;
3608615;15;20/12/2017 10:30:00;;VIA DELL'IMBRECCIATO;in prossimità;;del civico n.;123;;Scontro frontale fra veicoli in marcia;;;;;;;;;;1;0;0;1;12,44567;41,85019;0;2;Motociclo a solo;In marcia / fermata / arresto;Honda;SH 300i;Conducente;0;M;Rifiuta cure immediate;0;NON DECEDUTO;;
3608618;16;15/12/2017 01:40:00;Strada Urbana;VIA DELLA PISANA;in corrispondenza;;del palo luce n.;231;;Veicolo in marcia contro ostacolo accidentale;Curva a visuale libera;Una carreggiata a doppio senso;Asciutto;Asfaltata;Assente;Sereno;Scarso;Buona;Sufficiente;0;0;0;1;12,3906;41,85506;0;1;Autovettura privata;In marcia / fermata / arresto;Fiat;Punto;Conducente;1982;M;Illeso;0;;Non accertato;
3608623;16;19/12/2017 15:30:00;;VIA CAMILLO SERAFINI;da specificare;;;;FRONTE CIVICO 88;Scontro frontale/laterale SX fra veicoli in marcia;;;;;;;;;;0;0;0;2;;;0;1;Autovettura privata;In marcia / fermata / arresto;Audi;Q 3;Conducente;0;M;Illeso;0;;;
3608623;16;19/12/2017 15:30:00;;VIA CAMILLO SERAFINI;da specificare;;;;FRONTE CIVICO 88;Scontro frontale/laterale SX fra veicoli in marcia;;;;;;;;;;0;0;0;2;;;0;2;Autovettura privata;In marcia / fermata / arresto;Volkswagen;Passat;Conducente;0;M;Illeso;0;;;
3608629;15;20/12/2017 07:40:00;;VIA DI POZZO PANTALEO;in prossimità;;del civico n.;80;;Veicolo in marcia contro veicolo in sosta;;;;;;;;;;0;0;0;1;12,46284;41,86772;0;8;Autovettura privata;In marcia / fermata / arresto;Volkswagen;Polo;Conducente;1996;M;Illeso;0;;Utilizzato;Inesploso
3608634;16;19/12/2017 23:50:00;;VIA DI BRAVETTA;all'intersezione con;VIA CAMILLO SERAFINI;VIA CAMILLO SERAFINI;;;Scontro frontale/laterale SX fra veicoli in marcia;;;;;;;;;;0;0;0;6;;;0;1;Autovettura privata;In marcia / fermata / arresto;Fiat;Doblò;Conducente;0;M;Illeso;0;;;
3608634;16;19/12/2017 23:50:00;;VIA DI BRAVETTA;all'intersezione con;VIA CAMILLO SERAFINI;VIA CAMILLO SERAFINI;;;Scontro frontale/laterale SX fra veicoli in marcia;;;;;;;;;;0;0;0;6;;;0;1;Autovettura privata;In marcia / fermata / arresto;Fiat;Doblò;Passeggero;0;F;Illeso;0;;;
3608634;16;19/12/2017 23:50:00;;VIA DI BRAVETTA;all'intersezione con;VIA CAMILLO SERAFINI;VIA CAMILLO SERAFINI;;;Scontro frontale/laterale SX fra veicoli in marcia;;;;;;;;;;0;0;0;6;;;0;1;Autovettura privata;In marcia / fermata / arresto;Fiat;Doblò;Passeggero;0;M;Illeso;0;;;
3608634;16;19/12/2017 23:50:00;;VIA DI BRAVETTA;all'intersezione con;VIA CAMILLO SERAFINI;VIA CAMILLO SERAFINI;;;Scontro frontale/laterale SX fra veicoli in marcia;;;;;;;;;;0;0;0;6;;;0;1;Autovettura privata;In marcia / fermata / arresto;Fiat;Doblò;Passeggero;1979;F;Illeso;0;;;
3608634;16;19/12/2017 23:50:00;;VIA DI BRAVETTA;all'intersezione con;VIA CAMILLO SERAFINI;VIA CAMILLO SERAFINI;;;Scontro frontale/laterale SX fra veicoli in marcia;;;;;;;;;;0;0;0;6;;;0;2;Autovettura privata;In marcia / fermata / arresto;Volkswagen;Golf;Conducente;1991;M;Illeso;0;;;
3608634;16;19/12/2017 23:50:00;;VIA DI BRAVETTA;all'intersezione con;VIA CAMILLO SERAFINI;VIA CAMILLO SERAFINI;;;Scontro frontale/laterale SX fra veicoli in marcia;;;;;;;;;;0;0;0;6;;;0;2;Autovettura privata;In marcia / fermata / arresto;Volkswagen;Golf;Passeggero;0;F;Illeso;0;;;
3608657;17;19/12/2017 22:00:00;Strada Urbana;PIAZZALE DEGLI EROI;all'intersezione con;VIA ANDREA DORIA;VIA ANDREA DORIA;;;Ribaltamento senza urto contro ostacolo fisso;Incrocio;Una carreggiata a doppio senso;Asciutto;Asfaltata;Verticale ed orizzontale;Sereno;Scarso;Buona;Sufficiente;1;0;0;0;12,4493;41,90907;0;1;Ciclomotore;In marcia / fermata / arresto;Aprilia;-;Conducente;1981;M;Rimandato;0;NON DECEDUTO;;
3608707;4;20/12/2017 18:00:00;;VIA SALARIA;da specificare;;;;altezza km 15,900;Scontro frontale fra veicoli in marcia;;;;;;;;;;1;0;1;0;;;0;1;Autovettura privata;In marcia / fermata / arresto;Toyota;Yaris;Conducente;1957;M;Deceduto durante trasporto;-1;;;
3608707;4;20/12/2017 18:00:00;;VIA SALARIA;da specificare;;;;altezza km 15,900;Scontro frontale fra veicoli in marcia;;;;;;;;;;1;0;1;0;;;0;2;Autovettura privata;In marcia / fermata / arresto;Ford;Fiesta;Conducente;1982;M;Ricoverato;0;NON DECEDUTO;;
3608759;19;20/12/2017 19:45:00;Strada Urbana;VIA DELLA GIUSTINIANA;all'intersezione con;VIA INVERIGO;VIA INVERIGO;;;Investimento di pedone;Incrocio;Una carreggiata a doppio senso;Asciutto;Asfaltata;Verticale ed orizzontale;Sereno;Normale;Buona;Insufficiente;1;0;0;1;12,45485;41,99434;0;;;;;;Pedone;1986;F;Rimandato;0;NON DECEDUTO;;
3608759;19;20/12/2017 19:45:00;Strada Urbana;VIA DELLA GIUSTINIANA;all'intersezione con;VIA INVERIGO;VIA INVERIGO;;;Investimento di pedone;Incrocio;Una carreggiata a doppio senso;Asciutto;Asfaltata;Verticale ed orizzontale;Sereno;Normale;Buona;Insufficiente;1;0;0;1;12,45485;41,99434;0;1;Autovettura privata;In marcia / fermata / arresto;Toyota;Land Cruiser;Conducente;1959;M;Illeso;0;;Non accertato;Inesploso
3608774;13;20/12/2017 09:05:00;Strada Urbana;VIA ALGAJOLA;all'intersezione con;VIALE DELLA STELLA POLARE;VIALE DELLA STELLA POLARE;;;Scontro frontale/laterale SX fra veicoli in marcia;Incrocio;Una carreggiata a doppio senso;Asciutto;Asfaltata;Verticale ed orizzontale;Nuvoloso;Normale;Buona;Ore Diurne;0;0;0;2;12,29152;41,72634;-1;1;Autovettura privata;In marcia / fermata / arresto;Volkswagen;Polo;Conducente;1996;M;Illeso;0;;Utilizzato;Esploso
3608774;13;20/12/2017 09:05:00;Strada Urbana;VIA ALGAJOLA;all'intersezione con;VIALE DELLA STELLA POLARE;VIALE DELLA STELLA POLARE;;;Scontro frontale/laterale SX fra veicoli in marcia;Incrocio;Una carreggiata a doppio senso;Asciutto;Asfaltata;Verticale ed orizzontale;Nuvoloso;Normale;Buona;Ore Diurne;0;0;0;2;12,29152;41,72634;-1;2;Autovettura privata;In marcia / fermata / arresto;Ford;Fiesta;Conducente;1973;F;Illeso;0;;Utilizzato;Esploso
3608982;1;17/12/2017 14:50:00;Strada Urbana;VIA GIOVANNI AMENDOLA;all'intersezione semaforizzata con;VIA CAVOUR;VIA CAVOUR;;;Scontro laterale fra veicoli in marcia;Intersezione semaforizzata;Una carreggiata a doppio senso;Asciutto;Asfaltata;Verticale ed orizzontale;Nuvoloso;Normale;Buona;Ore Diurne;0;0;0;5;;;0;1;Autovettura privata;In marcia / fermata / arresto;Opel;Corsa;Conducente;1999;F;Illeso;0;;;
3608982;1;17/12/2017 14:50:00;Strada Urbana;VIA GIOVANNI AMENDOLA;all'intersezione semaforizzata con;VIA CAVOUR;VIA CAVOUR;;;Scontro laterale fra veicoli in marcia;Intersezione semaforizzata;Una carreggiata a doppio senso;Asciutto;Asfaltata;Verticale ed orizzontale;Nuvoloso;Normale;Buona;Ore Diurne;0;0;0;5;;;0;1;Autovettura privata;In marcia / fermata / arresto;Opel;Corsa;Passeggero;1967;F;Illeso;0;;;
3608982;1;17/12/2017 14:50:00;Strada Urbana;VIA GIOVANNI AMENDOLA;all'intersezione semaforizzata con;VIA CAVOUR;VIA CAVOUR;;;Scontro laterale fra veicoli in marcia;Intersezione semaforizzata;Una carreggiata a doppio senso;Asciutto;Asfaltata;Verticale ed orizzontale;Nuvoloso;Normale;Buona;Ore Diurne;0;0;0;5;;;0;2;Altro;In marcia / fermata / arresto;Mercedes;Viano;Conducente;1968;M;Illeso;0;;;
3608982;1;17/12/2017 14:50:00;Strada Urbana;VIA GIOVANNI AMENDOLA;all'intersezione semaforizzata con;VIA CAVOUR;VIA CAVOUR;;;Scontro laterale fra veicoli in marcia;Intersezione semaforizzata;Una carreggiata a doppio senso;Asciutto;Asfaltata;Verticale ed orizzontale;Nuvoloso;Normale;Buona;Ore Diurne;0;0;0;5;;;0;2;Altro;In marcia / fermata / arresto;Mercedes;Viano;Passeggero;1971;M;Illeso;0;;;
3608982;1;17/12/2017 14:50:00;Strada Urbana;VIA GIOVANNI AMENDOLA;all'intersezione semaforizzata con;VIA CAVOUR;VIA CAVOUR;;;Scontro laterale fra veicoli in marcia;Intersezione semaforizzata;Una carreggiata a doppio senso;Asciutto;Asfaltata;Verticale ed orizzontale;Nuvoloso;Normale;Buona;Ore Diurne;0;0;0;5;;;0;2;Altro;In marcia / fermata / arresto;Mercedes;Viano;Passeggero;1973;M;Illeso;0;;;
3608993;15;20/12/2017 20:00:00;;VIA PORTUENSE;in corrispondenza;;del civico n.;714;;Scontro laterale fra veicoli in marcia;;;;;;;;;;0;0;0;1;;;0;1;Autovettura privata;In marcia / fermata / arresto;Fiat;600;Conducente;0;M;Illeso;0;;;
3608994;11;20/12/2017 20:10:00;Strada Urbana;VIA DEL SERAFICO;all'intersezione con;VIA SIMONE MARTINI;VIA SIMONE MARTINI;;;Scontro frontale/laterale DX fra veicoli in marcia;Intersezione semaforizzata;Due carreggiate;Asciutto;Asfaltata;Verticale ed orizzontale;Nuvoloso;Scarso;Sufficiente;Sufficiente;1;0;0;1;12,48707;41,8303;0;1;Autovettura privata;In marcia / fermata / arresto;Citroen;Xsara;Conducente;1964;F;Rifiuta cure immediate;0;NON DECEDUTO;Non accertato;
3608994;11;20/12/2017 20:10:00;Strada Urbana;VIA DEL SERAFICO;all'intersezione con;VIA SIMONE MARTINI;VIA SIMONE MARTINI;;;Scontro frontale/laterale DX fra veicoli in marcia;Intersezione semaforizzata;Due carreggiate;Asciutto;Asfaltata;Verticale ed orizzontale;Nuvoloso;Scarso;Sufficiente;Sufficiente;1;0;0;1;12,48707;41,8303;0;2;Autovettura privata;In marcia / fermata / arresto;Land Rover;Freelander;Conducente;1970;M;Illeso;0;;Non accertato;
3608996;9;21/12/2017 00:15:00;;VIA TUSCOLANA;in prossimità;;del civico n.;283;;Veicolo in marcia contro veicolo arresto;;;;;;;;;;1;0;0;2;;;0;1;Autovettura privata;In marcia / fermata / arresto;Mini;One;Conducente;1995;F;Illeso;0;;;
3608996;9;21/12/2017 00:15:00;;VIA TUSCOLANA;in prossimità;;del civico n.;283;;Veicolo in marcia contro veicolo arresto;;;;;;;;;;1;0;0;2;;;0;1;Autovettura privata;In marcia / fermata / arresto;Mini;One;Passeggero;0;M;Illeso;0;;;
3608996;9;21/12/2017 00:15:00;;VIA TUSCOLANA;in prossimità;;del civico n.;283;;Veicolo in marcia contro veicolo arresto;;;;;;;;;;1;0;0;2;;;0;2;Motociclo a solo;In marcia / fermata / arresto;Aprilia;(non accertato);Conducente;1992;M;Rimandato;0;NON DECEDUTO;;
3609003;15;20/12/2017 20:10:00;;VIA DELLA MAGLIANA;all'intersezione con;VIA DI VALLE LUPARA;VIA DI VALLE LUPARA;;;Scontro frontale/laterale SX fra veicoli in marcia;;;;;;;;;;0;0;0;2;;;0;1;Autovettura privata;In marcia / fermata / arresto;Suzuki;Swift;Conducente;0;F;Illeso;0;;;
3609003;15;20/12/2017 20:10:00;;VIA DELLA MAGLIANA;all'intersezione con;VIA DI VALLE LUPARA;VIA DI VALLE LUPARA;;;Scontro frontale/laterale SX fra veicoli in marcia;;;;;;;;;;0;0;0;2;;;0;2;Autovettura privata;In marcia / fermata / arresto;Mercedes;smar;Conducente;0;M;Illeso;0;;;
3609005;13;20/12/2017 16:30:00;Statale entro l'abitato;VIA OSTIENSE;da specificare;;;;altezza Stazione - direz. Roma;Scontro laterale fra veicoli in marcia;Rettilineo;Due carreggiate;Asciutto;Asfaltata;Verticale ed orizzontale;Sereno;Intenso;Buona;Ore Diurne;0;0;0;2;12,36017;41,78364;0;1;Autocarro inferiore 35 q.;In marcia / fermata / arresto;Fiat;Doblo';Conducente;1956;M;Illeso;0;;Non accertato;Inesploso
3609005;13;20/12/2017 16:30:00;Statale entro l'abitato;VIA OSTIENSE;da specificare;;;;altezza Stazione - direz. Roma;Scontro laterale fra veicoli in marcia;Rettilineo;Due carreggiate;Asciutto;Asfaltata;Verticale ed orizzontale;Sereno;Intenso;Buona;Ore Diurne;0;0;0;2;12,36017;41,78364;0;2;Autocarro inferiore 35 q.;In marcia / fermata / arresto;Fiat;Iveco;Conducente;1959;M;Illeso;0;;Non accertato;Inesploso
3609007;13;20/12/2017 15:55:00;Strada Urbana;VIA OSTIENSE;da specificare;;;;circa 100 mt. prima di via di Acilia;Veicolo in marcia contro ostacolo accidentale;Rettilineo;Una carreggiata a senso unico di marcia;Asciutto;Asfaltata;Assente;Sereno;Intenso;Buona;Ore Diurne;0;0;0;1;12,41094;41,80891;0;1;Autovettura privata;In marcia / fermata / arresto;Chevrolet;Matiz;Conducente;1986;F;Illeso;0;;Non accertato;Inesploso
3609008;11;20/12/2017 20:30:00;Strada Urbana;VIA PIETRO FRATTINI;all'intersezione con;VIA ADEODATO MATRICARDI;VIA ADEODATO MATRICARDI;;;Investimento di pedone;Intersezione stradale segnalata;Due carreggiate;Asciutto;Asfaltata;Verticale ed orizzontale;Sereno;Normale;Sufficiente;Sufficiente;1;0;0;1;12,44725;41,85472;0;;;;;;Pedone;1986;F;Rimandato;0;NON DECEDUTO;;
3609008;11;20/12/2017 20:30:00;Strada Urbana;VIA PIETRO FRATTINI;all'intersezione con;VIA ADEODATO MATRICARDI;VIA ADEODATO MATRICARDI;;;Investimento di pedone;Intersezione stradale segnalata;Due carreggiate;Asciutto;Asfaltata;Verticale ed orizzontale;Sereno;Normale;Sufficiente;Sufficiente;1;0;0;1;12,44725;41,85472;0;1;Autovettura privata;In marcia / fermata / arresto;Ford;Galaxy;Conducente;1976;M;Illeso;0;;;
3609016;11;20/12/2017 10:00:00;Strada Urbana;VIA CRISTOFORO COLOMBO;all'intersezione semaforizzata con;VIA ARISTIDE LEONORI;VIA ARISTIDE LEONORI;;;Scontro laterale fra veicoli in marcia;Intersezione semaforizzata;Più di due carreggiate;Asciutto;Asfaltata;Verticale ed orizzontale;Nuvoloso;Normale;Buona;Sufficiente;0;0;0;2;12,48606;41,85092;-1;1;Autovettura privata;In marcia / fermata / arresto;Ford;Focus;Conducente;1977;M;Illeso;0;;Non accertato;Inesploso
3609016;11;20/12/2017 10:00:00;Strada Urbana;VIA CRISTOFORO COLOMBO;all'intersezione semaforizzata con;VIA ARISTIDE LEONORI;VIA ARISTIDE LEONORI;;;Scontro laterale fra veicoli in marcia;Intersezione semaforizzata;Più di due carreggiate;Asciutto;Asfaltata;Verticale ed orizzontale;Nuvoloso;Normale;Buona;Sufficiente;0;0;0;2;12,48606;41,85092;-1;2;Autovettura privata;In marcia / fermata / arresto;Lancia;Ypsilon;Conducente;1976;F;Illeso;0;;Non accertato;Inesploso
3609019;1;19/12/2017 16:15:00;Strada Urbana;VIA GOITO;all'intersezione con;VIA GAETA;VIA GAETA;;;Scontro laterale fra veicoli in marcia;;Una carreggiata a doppio senso;Asciutto;Asfaltata;Verticale ed orizzontale;Sereno;Scarso;Buona;Ore Diurne;0;0;0;3;;;0;1;Autovettura di polizia;In marcia / fermata / arresto;Peugeot;208;Conducente;1978;M;Illeso;0;;;
3609019;1;19/12/2017 16:15:00;Strada Urbana;VIA GOITO;all'intersezione con;VIA GAETA;VIA GAETA;;;Scontro laterale fra veicoli in marcia;;Una carreggiata a doppio senso;Asciutto;Asfaltata;Verticale ed orizzontale;Sereno;Scarso;Buona;Ore Diurne;0;0;0;3;;;0;1;Autovettura di polizia;In marcia / fermata / arresto;Peugeot;208;Passeggero;1978;M;Illeso;0;;;
3609019;1;19/12/2017 16:15:00;Strada Urbana;VIA GOITO;all'intersezione con;VIA GAETA;VIA GAETA;;;Scontro laterale fra veicoli in marcia;;Una carreggiata a doppio senso;Asciutto;Asfaltata;Verticale ed orizzontale;Sereno;Scarso;Buona;Ore Diurne;0;0;0;3;;;0;2;Autovettura privata;In marcia / fermata / arresto;Peugeot;207;Conducente;1975;M;Illeso;0;;;
3609022;19;20/12/2017 12:00:00;Strada Urbana;VIA DIANO MARINA;all'intersezione con;VIA TAGGIA;VIA TAGGIA;;;Scontro frontale/laterale DX fra veicoli in marcia;Incrocio;Una carreggiata a senso unico di marcia;Asciutto;Asfaltata;Verticale;Sereno;Scarso;Buona;Ore Diurne;1;0;0;1;12,42065;41,92827;0;1;Autovettura privata;In marcia / fermata / arresto;Smart ;-;Conducente;1994;M;Rimandato;0;NON DECEDUTO;Non accertato;Inesploso
3609022;19;20/12/2017 12:00:00;Strada Urbana;VIA DIANO MARINA;all'intersezione con;VIA TAGGIA;VIA TAGGIA;;;Scontro frontale/laterale DX fra veicoli in marcia;Incrocio;Una carreggiata a senso unico di marcia;Asciutto;Asfaltata;Verticale;Sereno;Scarso;Buona;Ore Diurne;1;0;0;1;12,42065;41,92827;0;2;Autovettura privata;In marcia / fermata / arresto;Toyota;Yaris Verso;Conducente;1993;M;Illeso;0;;Non accertato;Inesploso
3609030;8;19/12/2017 21:45:00;Strada Urbana;VIA DELLA RISERVA NUOVA;all'intersezione con;VIA ORICOLA;VIA ORICOLA;;;Tamponamento;Incrocio;Una carreggiata a doppio senso;Asciutto;Asfaltata;Verticale ed orizzontale;Sereno;Scarso;Buona;Sufficiente;0;0;0;3;12,68027;41,89524;0;1;Autovettura privata;In marcia / fermata / arresto;Citroen;C 3;Conducente;1998;M;Illeso;0;;Non accertato;Inesploso
3609030;8;19/12/2017 21:45:00;Strada Urbana;VIA DELLA RISERVA NUOVA;all'intersezione con;VIA ORICOLA;VIA ORICOLA;;;Tamponamento;Incrocio;Una carreggiata a doppio senso;Asciutto;Asfaltata;Verticale ed orizzontale;Sereno;Scarso;Buona;Sufficiente;0;0;0;3;12,68027;41,89524;0;1;Autovettura privata;In marcia / fermata / arresto;Citroen;C 3;Passeggero;1998;M;Illeso;0;;Non accertato;Inesploso
3609030;8;19/12/2017 21:45:00;Strada Urbana;VIA DELLA RISERVA NUOVA;all'intersezione con;VIA ORICOLA;VIA ORICOLA;;;Tamponamento;Incrocio;Una carreggiata a doppio senso;Asciutto;Asfaltata;Verticale ed orizzontale;Sereno;Scarso;Buona;Sufficiente;0;0;0;3;12,68027;41,89524;0;2;Autovettura privata;In marcia / fermata / arresto;BMW;Serie 3;Conducente;1997;M;Illeso;0;;Non accertato;Inesploso
3609031;9;20/12/2017 06:35:00;;PIAZZALE LABICANO;da specificare;;;;PROX SCALO SAN LORENZO;Scontro frontale/laterale SX fra veicoli in marcia;;;;;;;;;;0;0;0;2;;;0;1;Autovettura privata;In marcia / fermata / arresto;Peugeot;307;Conducente;1987;;Illeso;0;;;
3609031;9;20/12/2017 06:35:00;;PIAZZALE LABICANO;da specificare;;;;PROX SCALO SAN LORENZO;Scontro frontale/laterale SX fra veicoli in marcia;;;;;;;;;;0;0;0;2;;;0;2;Altro;In marcia / fermata / arresto;Iveco;Irisbus;Conducente;1978;M;Illeso;0;;;
3609032;8;20/12/2017 16:00:00;;VIA CASILINA;all'intersezione con;VIA DI TORRE SPACCATA;VIA DI TORRE SPACCATA;;;Scontro frontale/laterale SX fra veicoli in marcia;;;;;;;;;;1;0;0;1;12,58761;41,86797;0;1;Autovettura privata;In marcia / fermata / arresto;Daewoo;Matiz;Conducente;1934;;Illeso;0;;;
3609032;8;20/12/2017 16:00:00;;VIA CASILINA;all'intersezione con;VIA DI TORRE SPACCATA;VIA DI TORRE SPACCATA;;;Scontro frontale/laterale SX fra veicoli in marcia;;;;;;;;;;1;0;0;1;12,58761;41,86797;0;2;Autovettura privata;In marcia / fermata / arresto;Mercedes;Smart Fortwo;Conducente;1968;M;Ricoverato;0;NON DECEDUTO;;
3609034;8;20/12/2017 12:05:00;Strada Urbana;CIRCONVALLAZIONE ORIENTALE;da specificare;;;;rampa GRA svincoli RM-NA;Tamponamento;Rettilineo;Una carreggiata a senso unico di marcia;Asciutto;Asfaltata;Verticale ed orizzontale;Nuvoloso;Normale;Buona;Ore Diurne;1;0;0;2;12,61006;41,88274;0;1;Autovettura privata;In marcia / fermata / arresto;Suzuki;Swift;Conducente;1983;M;Rifiuta cure immediate;0;NON DECEDUTO;Non accertato;Inesploso
3609034;8;20/12/2017 12:05:00;Strada Urbana;CIRCONVALLAZIONE ORIENTALE;da specificare;;;;rampa GRA svincoli RM-NA;Tamponamento;Rettilineo;Una carreggiata a senso unico di marcia;Asciutto;Asfaltata;Verticale ed orizzontale;Nuvoloso;Normale;Buona;Ore Diurne;1;0;0;2;12,61006;41,88274;0;1;Autovettura privata;In marcia / fermata / arresto;Suzuki;Swift;Passeggero;1980;M;Illeso;0;;Non accertato;Inesploso
3609034;8;20/12/2017 12:05:00;Strada Urbana;CIRCONVALLAZIONE ORIENTALE;da specificare;;;;rampa GRA svincoli RM-NA;Tamponamento;Rettilineo;Una carreggiata a senso unico di marcia;Asciutto;Asfaltata;Verticale ed orizzontale;Nuvoloso;Normale;Buona;Ore Diurne;1;0;0;2;12,61006;41,88274;0;2;Autovettura privata;In marcia / fermata / arresto;Ford;Fiesta;Conducente;1989;M;Illeso;0;;Non accertato;Inesploso
3609035;8;20/12/2017 16:30:00;;VIA PRENESTINA;in prossimità;;del civico n.;1410;;Scontro frontale/laterale DX fra veicoli in marcia;;;;;;;;;;0;0;0;2;12,66509;41,89096;0;1;Autovettura privata;In marcia / fermata / arresto;Opel;Meriva;Conducente;1999;M;Illeso;0;;;
3609035;8;20/12/2017 16:30:00;;VIA PRENESTINA;in prossimità;;del civico n.;1410;;Scontro frontale/laterale DX fra veicoli in marcia;;;;;;;;;;0;0;0;2;12,66509;41,89096;0;2;Autovettura privata;In marcia / fermata / arresto;BMW;530 D;Conducente;1988;F;Illeso;0;;;
3609038;8;20/12/2017 17:10:00;;VIA DI TORRENOVA;all'intersezione con;VIA ALBEROBELLO;VIA ALBEROBELLO;;;Scontro frontale fra veicoli in marcia;;;;;;;;;;1;0;0;1;12,61886;41,88451;0;1;Autovettura privata;In marcia / fermata / arresto;Fiat;Punto 5 porte;Conducente;1968;;Illeso;0;;;
3609038;8;20/12/2017 17:10:00;;VIA DI TORRENOVA;all'intersezione con;VIA ALBEROBELLO;VIA ALBEROBELLO;;;Scontro frontale fra veicoli in marcia;;;;;;;;;;1;0;0;1;12,61886;41,88451;0;2;Motociclo a solo;In marcia / fermata / arresto;Honda;SH 300;Conducente;1966;M;Ricoverato;0;NON DECEDUTO;;
3609044;19;20/12/2017 10:05:00;Strada Urbana;VIA ALBERTO CADLOLO;in prossimità;;del civico n.;134;;Veicolo in marcia contro veicoli in sosta;Rettilineo;Una carreggiata a doppio senso;Asciutto;Asfaltata;Orizzontale;Nuvoloso;Normale;Buona;Ore Diurne;0;0;0;1;12,44585;41,91645;-1;1;Autovettura privata;In marcia / fermata / arresto;Mercedes;A 180;Conducente;1943;F;Illeso;0;;Non accertato;Inesploso
3609049;8;20/12/2017 14:20:00;;VIALE DELLA SORBONA;all'intersezione con;VIALE OXFORD;VIALE OXFORD;;;Scontro laterale fra veicoli in marcia;;;;;;;;;;0;0;0;2;;;0;1;Autovettura privata;In marcia / fermata / arresto;Volvo;FH12 T42;Conducente;1969;M;Illeso;0;;;
3609049;8;20/12/2017 14:20:00;;VIALE DELLA SORBONA;all'intersezione con;VIALE OXFORD;VIALE OXFORD;;;Scontro laterale fra veicoli in marcia;;;;;;;;;;0;0;0;2;;;0;2;Autovettura privata;In marcia / fermata / arresto;Chevrolet;Matiz;Conducente;1998;F;Illeso;0;;;