Protocollo;Gruppo;DataOraIncidente;Localizzazione1;STRADA1;Localizzazione2;STRADA2;Strada02;Chilometrica;DaSpecificare;NaturaIncidente;particolaritastrade;TipoStrada;FondoStradale;Pavimentazione;Segnaletica;CondizioneAtmosferica;Traffico;Visibilita;Illuminazione;NUM_FERITI;NUM_RISERVATA;NUM_MORTI;NUM_ILLESI;Longitudine;Latitudine;Confermato;Progressivo;TipoVeicolo;StatoVeicolo;Marca;Modello;TipoPersona;AnnoNascita;Sesso;Tipolesione;Deceduto;DecedutoDopo;CinturaCascoUtilizzato;Airbag;
3610256;19;21/12/2017 10:50:00;Strada Urbana;VIA DI CASAL DEL MARMO;all'intersezione con;LARGO CODOGNO;LARGO CODOGNO;;;Scontro frontale/laterale DX fra veicoli in marcia;Incrocio;Una carreggiata a doppio senso;Asciutto;Asfaltata;Assente;Sereno;Intenso;Buona;Ore Diurne;0;0;0;3;12,38899;41,94215;0;2;Autovettura privata;In marcia / fermata / arresto;Volkswagen;UP;Conducente;1946;F;Illeso;0;;Non accertato;Inesploso
3610268;16;21/12/2017 07:11:00;;VIA DELLA PISANA;in prossimità;;del civico n.;331;;Veicolo in marcia contro ostacolo accidentale;;;;;;;;;;0;0;0;2;;;0;1;Motociclo a solo;In marcia / fermata / arresto;Yamaha;T MAX;Conducente;0;M;Illeso;0;;;
3610268;16;21/12/2017 07:11:00;;VIA DELLA PISANA;in prossimità;;del civico n.;331;;Veicolo in marcia contro ostacolo accidentale;;;;;;;;;;0;0;0;2;;;0;2;Autocarro inferiore 35 q.;In marcia / fermata / arresto;Iveco;150;Conducente;1963;M;Illeso;0;;;
3610283;18;21/12/2017 16:40:00;;VIA NICOLO' PICCOLOMINI;all'intersezione con;VIA DI VILLA BETANIA;VIA DI VILLA BETANIA;;;Scontro laterale fra veicoli in marcia;;;;;;;;;;0;0;0;3;;;0;1;Autovettura privata;In marcia / fermata / arresto;Fiat;Panda;Conducente;0;F;Illeso;0;;;
3610283;18;21/12/2017 16:40:00;;VIA NICOLO' PICCOLOMINI;all'intersezione con;VIA DI VILLA BETANIA;VIA DI VILLA BETANIA;;;Scontro laterale fra veicoli in marcia;;;;;;;;;;0;0;0;3;;;0;1;Autovettura privata;In marcia / fermata / arresto;Fiat;Panda;Passeggero;0;F;Illeso;0;;;
3610283;18;21/12/2017 16:40:00;;VIA NICOLO' PICCOLOMINI;all'intersezione con;VIA DI VILLA BETANIA;VIA DI VILLA BETANIA;;;Scontro laterale fra veicoli in marcia;;;;;;;;;;0;0;0;3;;;0;2;Autovettura privata;In marcia / fermata / arresto;Fiat;Bravo;Conducente;0;F;Illeso;0;;;
3610285;16;21/12/2017 09:30:00;;VIA FRANCESCO DALL'ONGARO;in corrispondenza;;del civico n.;62;;Tamponamento;;;;;;;;;;0;0;0;2;12,46461;41,87946;0;1;Autocarro inferiore 35 q.;In marcia / fermata / arresto;Fiat;Iveco;Conducente;0;M;Illeso;0;;;
3610285;16;21/12/2017 09:30:00;;VIA FRANCESCO DALL'ONGARO;in corrispondenza;;del civico n.;62;;Tamponamento;;;;;;;;;;0;0;0;2;12,46461;41,87946;0;2;Autocarro inferiore 35 q.;In marcia / fermata / arresto;Fiat;Panda;Conducente;0;M;Illeso;0;;;
3610302;6;21/12/2017 16:50:00;Strada Urbana;VIA TOR DE' SCHIAVI;in prossimità;;del civico n.;377;;Tamponamento;Rettilineo;Una carreggiata a senso unico di marcia;Asciutto;Asfaltata;Assente;Sereno;Intenso;Buona;Ore Diurne;0;0;0;2;12,55941;41,89345;-1;1;Autovettura privata;In marcia / fermata / arresto;Alfa Romeo;MITO;Conducente;1989;M;Illeso;0;;;
3610302;6;21/12/2017 16:50:00;Strada Urbana;VIA TOR DE' SCHIAVI;in prossimità;;del civico n.;377;;Tamponamento;Rettilineo;Una carreggiata a senso unico di marcia;Asciutto;Asfaltata;Assente;Sereno;Intenso;Buona;Ore Diurne;0;0;0;2;12,55941;41,89345;-1;2;Autovettura privata;In marcia / fermata / arresto;Smart ;-;Conducente;1939;F;Illeso;0;;;
3610381;2;21/12/2017 17:00:00;;VIA ANTONIO SANT'ELIA;in prossimità;;del civico n.;11;;Scontro laterale fra veicoli in marcia;;;;;;;;;;1;0;0;2;;;0;1;Autovettura privata;In marcia / fermata / arresto;Citroen;DS;Conducente;1967;M;Illeso;0;;;
3610381;2;21/12/2017 17:00:00;;VIA ANTONIO SANT'ELIA;in prossimità;;del civico n.;11;;Scontro laterale fra veicoli in marcia;;;;;;;;;;1;0;0;2;;;0;1;Autovettura privata;In marcia / fermata / arresto;Citroen;DS;Passeggero;1975;M;Illeso;0;;;
3610381;2;21/12/2017 17:00:00;;VIA ANTONIO SANT'ELIA;in prossimità;;del civico n.;11;;Scontro laterale fra veicoli in marcia;;;;;;;;;;1;0;0;2;;;0;2;Motociclo a solo;In marcia / fermata / arresto;Honda;SH 150;Conducente;1947;M;Ricoverato;0;NON DECEDUTO;;
3610394;10;21/12/2017 16:30:00;;VIA TUSCOLANA;in corrispondenza;;del civico n.;1415;;Scontro laterale fra veicoli in marcia;;;;;;;;;;0;0;1;0;;;0;1;Motociclo a solo;In marcia / fermata / arresto;Aprilia;Scarabeo 200;Conducente;1942;M;Prognosi riservata;0;DECEDUTO ENTRO 15 GIORNI;Non accertato;
3610430;15;21/12/2017 15:35:00;;VIA PORTUENSE;da specificare;;;;fronte civico 331/A;Scontro laterale fra veicoli in marcia;;;;;;;;;;1;0;0;1;;;0;1;Autocarro inferiore 35 q.;In marcia / fermata / arresto;Ford;Transit Connect;Conducente;0;M;Illeso;0;;;
3610430;15;21/12/2017 15:35:00;;VIA PORTUENSE;da specificare;;;;fronte civico 331/A;Scontro laterale fra veicoli in marcia;;;;;;;;;;1;0;0;1;;;0;2;Motociclo a solo;In marcia / fermata / arresto;Honda;sh300;Conducente;0;M;Rifiuta cure immediate;0;NON DECEDUTO;;
3610744;11;21/12/2017 08:00:00;;VIA DI VIGNA MURATA;in corrispondenza;;del civico n.;571;;Scontro laterale fra veicoli in marcia;;;;;;;;;;2;0;0;2;;;0;1;Autovettura privata;In marcia / fermata / arresto;Opel;Meriva;Conducente;1957;F;Illeso;0;;;
3610744;11;21/12/2017 08:00:00;;VIA DI VIGNA MURATA;in corrispondenza;;del civico n.;571;;Scontro laterale fra veicoli in marcia;;;;;;;;;;2;0;0;2;;;0;1;Autovettura privata;In marcia / fermata / arresto;Opel;Meriva;Passeggero;1999;F;Illeso;0;;Non accertato;Inesploso
3610744;11;21/12/2017 08:00:00;;VIA DI VIGNA MURATA;in corrispondenza;;del civico n.;571;;Scontro laterale fra veicoli in marcia;;;;;;;;;;2;0;0;2;;;0;2;Motociclo con passeggero;In marcia / fermata / arresto;Yamaha;Majestic;Conducente;1966;M;Rimandato;0;NON DECEDUTO;;
3610744;11;21/12/2017 08:00:00;;VIA DI VIGNA MURATA;in corrispondenza;;del civico n.;571;;Scontro laterale fra veicoli in marcia;;;;;;;;;;2;0;0;2;;;0;2;Motociclo con passeggero;In marcia / fermata / arresto;Yamaha;Majestic;Passeggero;0;M;Rimandato;0;NON DECEDUTO;;
3610752;15;21/12/2017 19:00:00;;VIA DELLA CASETTA MATTEI;da specificare;;;;fronte civico 335;Investimento di pedone;;;;;;;;;;1;0;0;2;;;0;;;;;;Pedone;0;F;Rifiuta cure immediate;0;NON DECEDUTO;;
3610752;15;21/12/2017 19:00:00;;VIA DELLA CASETTA MATTEI;da specificare;;;;fronte civico 335;Investimento di pedone;;;;;;;;;;1;0;0;2;;;0;1;Autovettura privata;In marcia / fermata / arresto;Ford;Fiesta;Conducente;0;M;Illeso;0;;;
3610752;15;21/12/2017 19:00:00;;VIA DELLA CASETTA MATTEI;da specificare;;;;fronte civico 335;Investimento di pedone;;;;;;;;;;1;0;0;2;;;0;1;Autovettura privata;In marcia / fermata / arresto;Ford;Fiesta;Passeggero;0;F;Illeso;0;;;
3610757;15;21/12/2017 21:18:00;;VIA QUIRINO MAJORANA;all'intersezione semaforizzata con;VIA ODERISI DA GUBBIO;VIA ODERISI DA GUBBIO;;;Scontro frontale/laterale SX fra veicoli in marcia;;;;;;;;;;2;0;0;1;;;0;1;Autovettura privata;In marcia / fermata / arresto;Ford;Fiesta;Conducente;0;M;Illeso;0;;;
3610757;15;21/12/2017 21:18:00;;VIA QUIRINO MAJORANA;all'intersezione semaforizzata con;VIA ODERISI DA GUBBIO;VIA ODERISI DA GUBBIO;;;Scontro frontale/laterale SX fra veicoli in marcia;;;;;;;;;;2;0;0;1;;;0;1;Autovettura privata;In marcia / fermata / arresto;Ford;Fiesta;Passeggero;0;F;Rifiuta cure immediate;0;NON DECEDUTO;;
3610757;15;21/12/2017 21:18:00;;VIA QUIRINO MAJORANA;all'intersezione semaforizzata con;VIA ODERISI DA GUBBIO;VIA ODERISI DA GUBBIO;;;Scontro frontale/laterale SX fra veicoli in marcia;;;;;;;;;;2;0;0;1;;;0;1;Autovettura privata;In marcia / fermata / arresto;Ford;Fiesta;Passeggero;0;M;Rifiuta cure immediate;0;NON DECEDUTO;;
3610759;11;21/12/2017 15:00:00;Provinciale entro l'abitato;VIA ARDEATINA;all'intersezione con;VIA GIULIO ARISTIDE SARTORIO;VIA GIULIO ARISTIDE SARTORIO;;;Scontro frontale/laterale DX fra veicoli in marcia;Incrocio;Due carreggiate;Asciutto;Asfaltata;Verticale ed orizzontale;Sereno;Intenso;Buona;Ore Diurne;1;0;0;2;12,51324;41,85337;0;1;Motociclo a solo;In marcia / fermata / arresto;Honda;PS 150;Conducente;1954;M;Rifiuta cure immediate;0;NON DECEDUTO;;
3610759;11;21/12/2017 15:00:00;Provinciale entro l'abitato;VIA ARDEATINA;all'intersezione con;VIA GIULIO ARISTIDE SARTORIO;VIA GIULIO ARISTIDE SARTORIO;;;Scontro frontale/laterale DX fra veicoli in marcia;Incrocio;Due carreggiate;Asciutto;Asfaltata;Verticale ed orizzontale;Sereno;Intenso;Buona;Ore Diurne;1;0;0;2;12,51324;41,85337;0;2;Autovettura privata;In marcia / fermata / arresto;Fiat;Seicento;Conducente;1938;F;Illeso;0;;;
3610759;11;21/12/2017 15:00:00;Provinciale entro l'abitato;VIA ARDEATINA;all'intersezione con;VIA GIULIO ARISTIDE SARTORIO;VIA GIULIO ARISTIDE SARTORIO;;;Scontro frontale/laterale DX fra veicoli in marcia;Incrocio;Due carreggiate;Asciutto;Asfaltata;Verticale ed orizzontale;Sereno;Intenso;Buona;Ore Diurne;1;0;0;2;12,51324;41,85337;0;2;Autovettura privata;In marcia / fermata / arresto;Fiat;Seicento;Passeggero;0;M;Illeso;0;;;
3610764;15;21/12/2017 19:15:00;;VIALE GUGLIELMO MARCONI;in prossimità;;del civico n.;214;;Scontro laterale fra veicoli in marcia;;;;;;;;;;0;0;0;4;;;0;1;Autovettura privata;In marcia / fermata / arresto;Renault;Clio;Conducente;0;M;Illeso;0;;;
3610764;15;21/12/2017 19:15:00;;VIALE GUGLIELMO MARCONI;in prossimità;;del civico n.;214;;Scontro laterale fra veicoli in marcia;;;;;;;;;;0;0;0;4;;;0;2;Autovettura privata;In marcia / fermata / arresto;BMW;X 1;Conducente;0;M;Illeso;0;;;
3610764;15;21/12/2017 19:15:00;;VIALE GUGLIELMO MARCONI;in prossimità;;del civico n.;214;;Scontro laterale fra veicoli in marcia;;;;;;;;;;0;0;0;4;;;0;2;Autovettura privata;In marcia / fermata / arresto;BMW;X 1;Passeggero;0;F;Illeso;0;;;
3610766;13;21/12/2017 13:00:00;;VIA ISOLE DEL CAPO VERDE;all'intersezione semaforizzata con;VIADOTTO ATTICO TABACCHI;VIADOTTO ATTICO TABACCHI;;;Scontro laterale fra veicoli in marcia;;;;;;;;;;0;0;0;2;;;0;1;Autovettura privata;In marcia / fermata / arresto;Volkswagen;Golf;Conducente;1958;M;Illeso;0;;Non accertato;Inesploso
3610766;13;21/12/2017 13:00:00;;VIA ISOLE DEL CAPO VERDE;all'intersezione semaforizzata con;VIADOTTO ATTICO TABACCHI;VIADOTTO ATTICO TABACCHI;;;Scontro laterale fra veicoli in marcia;;;;;;;;;;0;0;0;2;;;0;2;Autovettura privata;In marcia / fermata / arresto;Opel;Corsa;Conducente;1983;M;Illeso;0;;Non accertato;Inesploso
3610770;11;21/12/2017 09:00:00;Strada Urbana;VIA CAPITAN BAVASTRO;in corrispondenza;;del civico n.;94;;Tamponamento;Rettilineo;Due carreggiate;Asciutto;Asfaltata;Verticale ed orizzontale;Sereno;Normale;Buona;Ore Diurne;1;0;0;1;;;0;1;Autovettura privata;In marcia / fermata / arresto;Fiat;Panda;Conducente;1955;M;Illeso;0;;;
3610770;11;21/12/2017 09:00:00;Strada Urbana;VIA CAPITAN BAVASTRO;in corrispondenza;;del civico n.;94;;Tamponamento;Rettilineo;Due carreggiate;Asciutto;Asfaltata;Verticale ed orizzontale;Sereno;Normale;Buona;Ore Diurne;1;0;0;1;;;0;2;Motociclo a solo;In marcia / fermata / arresto;Honda;SH 150;Conducente;1972;F;Rimandato;0;NON DECEDUTO;;
3610776;20;21/12/2017 18:15:00;Regionale entro l'abitato;VIA FLAMINIA;in corrispondenza;;della chilometrica;9.4;;Tamponamento;Rettilineo;Due carreggiate;Asciutto;Asfaltata;Verticale ed orizzontale;Sereno;Intenso;Sufficiente;Sufficiente;1;0;0;2;;;0;1;Autovettura privata;In marcia / fermata / arresto;Mercedes;C220;Conducente;1989;M;Illeso;0;;Non accertato;Inesploso
3610776;20;21/12/2017 18:15:00;Regionale entro l'abitato;VIA FLAMINIA;in corrispondenza;;della chilometrica;9.4;;Tamponamento;Rettilineo;Due carreggiate;Asciutto;Asfaltata;Verticale ed orizzontale;Sereno;Intenso;Sufficiente;Sufficiente;1;0;0;2;;;0;1;Autovettura privata;In marcia / fermata / arresto;Mercedes;C220;Passeggero;1992;M;Illeso;0;;Non accertato;Inesploso
3610776;20;21/12/2017 18:15:00;Regionale entro l'abitato;VIA FLAMINIA;in corrispondenza;;della chilometrica;9.4;;Tamponamento;Rettilineo;Due carreggiate;Asciutto;Asfaltata;Verticale ed orizzontale;Sereno;Intenso;Sufficiente;Sufficiente;1;0;0;2;;;0;2;Motociclo a solo;In marcia / fermata / arresto;Honda;SH 150;Conducente;1958;M;Rimandato;0;NON DECEDUTO;;
3610778;11;21/12/2017 08:45:00;Strada Urbana;VIA DELLE SETTE CHIESE;da specificare;;;;100 metri prima di Via Ardeatina;Tamponamento;Rettilineo;Una carreggiata a senso unico di marcia;Asciutto;Asfaltata;Assente;Sereno;Intenso;Buona;Ore Diurne;1;0;0;2;12,50861;41,85824;0;1;Autovettura privata;In marcia / fermata / arresto;Volkswagen;New Beetle;Conducente;1974;F;Illeso;0;;Non accertato;Inesploso
3610778;11;21/12/2017 08:45:00;Strada Urbana;VIA DELLE SETTE CHIESE;da specificare;;;;100 metri prima di Via Ardeatina;Tamponamento;Rettilineo;Una carreggiata a senso unico di marcia;Asciutto;Asfaltata;Assente;Sereno;Intenso;Buona;Ore Diurne;1;0;0;2;12,50861;41,85824;0;2;Autovettura privata;In marcia / fermata / arresto;Suzuki;Wagon R;Conducente;1936;M;Rimandato;0;NON DECEDUTO;Non accertato;Inesploso
3610778;11;21/12/2017 08:45:00;Strada Urbana;VIA DELLE SETTE CHIESE;da specificare;;;;100 metri prima di Via Ardeatina;Tamponamento;Rettilineo;Una carreggiata a senso unico di marcia;Asciutto;Asfaltata;Assente;Sereno;Intenso;Buona;Ore Diurne;1;0;0;2;12,50861;41,85824;0;2;Autovettura privata;In marcia / fermata / arresto;Suzuki;Wagon R;Passeggero Istruttore;1966;F;Illeso;0;;Non accertato;Inesploso
3610780;13;21/12/2017 11:30:00;;VIA DEL FOSSO DI DRAGONCELLO;all'intersezione con;VIA DI MACCHIA PALOCCO;VIA DI MACCHIA PALOCCO;;;Scontro laterale fra veicoli in marcia;;;;;;;;;;0;0;0;2;;;0;1;Autoarticolato;In marcia / fermata / arresto;Iveco;Magirus;Conducente;1964;M;Illeso;0;;Non accertato;Inesploso
3610780;13;21/12/2017 11:30:00;;VIA DEL FOSSO DI DRAGONCELLO;all'intersezione con;VIA DI MACCHIA PALOCCO;VIA DI MACCHIA PALOCCO;;;Scontro laterale fra veicoli in marcia;;;;;;;;;;0;0;0;2;;;0;2;Autovettura privata;In marcia / fermata / arresto;Opel;AGILA;Conducente;1956;M;Illeso;0;;Non accertato;Inesploso
3610785;20;21/12/2017 13:45:00;Regionale entro l'abitato;VIA FLAMINIA;in prossimità;;della chilometrica;9.6;;Tamponamento Multiplo;Rettilineo;Due carreggiate;Asciutto;Asfaltata;Verticale ed orizzontale;Sereno;Intenso;Buona;Ore Diurne;0;0;0;5;12,47183;41,94192;-1;1;Autovettura privata;In marcia / fermata / arresto;Audi;Q5;Conducente;1972;M;Illeso;0;;;
3610785;20;21/12/2017 13:45:00;Regionale entro l'abitato;VIA FLAMINIA;in prossimità;;della chilometrica;9.6;;Tamponamento Multiplo;Rettilineo;Due carreggiate;Asciutto;Asfaltata;Verticale ed orizzontale;Sereno;Intenso;Buona;Ore Diurne;0;0;0;5;12,47183;41,94192;-1;1;Autovettura privata;In marcia / fermata / arresto;Audi;Q5;Passeggero;2009;F;Illeso;0;;;
3610785;20;21/12/2017 13:45:00;Regionale entro l'abitato;VIA FLAMINIA;in prossimità;;della chilometrica;9.6;;Tamponamento Multiplo;Rettilineo;Due carreggiate;Asciutto;Asfaltata;Verticale ed orizzontale;Sereno;Intenso;Buona;Ore Diurne;0;0;0;5;12,47183;41,94192;-1;2;Autovettura privata;In marcia / fermata / arresto;Fiat;500;Conducente;1969;M;Illeso;0;;;
3610785;20;21/12/2017 13:45:00;Regionale entro l'abitato;VIA FLAMINIA;in prossimità;;della chilometrica;9.6;;Tamponamento Multiplo;Rettilineo;Due carreggiate;Asciutto;Asfaltata;Verticale ed orizzontale;Sereno;Intenso;Buona;Ore Diurne;0;0;0;5;12,47183;41,94192;-1;2;Autovettura privata;In marcia / fermata / arresto;Fiat;500;Passeggero;2007;F;Illeso;0;;;
3610785;20;21/12/2017 13:45:00;Regionale entro l'abitato;VIA FLAMINIA;in prossimità;;della chilometrica;9.6;;Tamponamento Multiplo;Rettilineo;Due carreggiate;Asciutto;Asfaltata;Verticale ed orizzontale;Sereno;Intenso;Buona;Ore Diurne;0;0;0;5;12,47183;41,94192;-1;3;Autovettura privata;In marcia / fermata / arresto;Citroen;C 3;Conducente;1986;F;Illeso;0;;;
3610786;13;21/12/2017 07:20:00;;VIA OSTIENSE;da specificare;;;;altezza Staz. Casal Bernocchi;Scontro laterale fra veicoli in marcia;;;;;;;;;;1;0;0;2;;;0;1;Autovettura privata;In marcia / fermata / arresto;Ford;KA;Conducente;1972;F;Illeso;0;;;
3610786;13;21/12/2017 07:20:00;;VIA OSTIENSE;da specificare;;;;altezza Staz. Casal Bernocchi;Scontro laterale fra veicoli in marcia;;;;;;;;;;1;0;0;2;;;0;1;Autovettura privata;In marcia / fermata / arresto;Ford;KA;Passeggero;2008;F;Illeso;0;;;Inesploso
3610786;13;21/12/2017 07:20:00;;VIA OSTIENSE;da specificare;;;;altezza Staz. Casal Bernocchi;Scontro laterale fra veicoli in marcia;;;;;;;;;;1;0;0;2;;;0;2;Motociclo a solo;In marcia / fermata / arresto;KTM;Duke;Conducente;1998;M;Rimandato;0;NON DECEDUTO;;
3610787;20;21/12/2017 09:15:00;Strada Urbana;VIALE DI TOR DI QUINTO;da specificare;;;;per via Fornaci di Tor di Quinto;Infortunio per sola frenata improvvisa;Rettilineo;Una carreggiata a doppio senso;Asciutto;Asfaltata;Assente;Sereno;Normale;Buona;Ore Diurne;1;0;0;1;;;0;1;Motociclo a solo;In marcia / fermata / arresto;Suzuki;Burgman 400;Conducente;1988;M;Rimandato;0;NON DECEDUTO;;
3610787;20;21/12/2017 09:15:00;Strada Urbana;VIALE DI TOR DI QUINTO;da specificare;;;;per via Fornaci di Tor di Quinto;Infortunio per sola frenata improvvisa;Rettilineo;Una carreggiata a doppio senso;Asciutto;Asfaltata;Assente;Sereno;Normale;Buona;Ore Diurne;1;0;0;1;;;0;2;Autovettura privata;In marcia / fermata / arresto;Opel;AGILA;Conducente;1937;F;Illeso;0;;Non accertato;Inesploso
3610788;13;21/12/2017 08:45:00;;VIA LAZZARO CATTANEO;all'intersezione con;VIA GESUALDO MACHETTI;VIA GESUALDO MACHETTI;;;Scontro frontale/laterale DX fra veicoli in marcia;;;;;;;;;;2;0;0;1;;;0;1;Autovettura privata;In marcia / fermata / arresto;Audi;Q 5;Conducente;1980;F;Rimandato;0;NON DECEDUTO;;
3610788;13;21/12/2017 08:45:00;;VIA LAZZARO CATTANEO;all'intersezione con;VIA GESUALDO MACHETTI;VIA GESUALDO MACHETTI;;;Scontro frontale/laterale DX fra veicoli in marcia;;;;;;;;;;2;0;0;1;;;0;1;Autovettura privata;In marcia / fermata / arresto;Audi;Q 5;Passeggero;0;F;Rimandato;0;NON DECEDUTO;;
3610788;13;21/12/2017 08:45:00;;VIA LAZZARO CATTANEO;all'intersezione con;VIA GESUALDO MACHETTI;VIA GESUALDO MACHETTI;;;Scontro frontale/laterale DX fra veicoli in marcia;;;;;;;;;;2;0;0;1;;;0;2;Autovettura privata;In marcia / fermata / arresto;Volkswagen;Polo;Conducente;1942;M;Illeso;0;;;
3610789;13;21/12/2017 14:20:00;;VIA GIANCARLO PASSERONI;in corrispondenza;;del civico n.;30;;Scontro frontale/laterale DX fra veicoli in marcia;;;;;;;;;;0;0;0;2;;;0;1;Autovettura privata;In marcia / fermata / arresto;Chevrolet;Matiz;Conducente;1966;M;Illeso;0;;;
3610789;13;21/12/2017 14:20:00;;VIA GIANCARLO PASSERONI;in corrispondenza;;del civico n.;30;;Scontro frontale/laterale DX fra veicoli in marcia;;;;;;;;;;0;0;0;2;;;0;2;Autovettura privata;In marcia / fermata / arresto;Opel;Corsa;Conducente;1994;M;Illeso;0;;;
3610791;9;20/12/2017 02:00:00;;VIA TUSCOLANA;in corrispondenza;;del civico n.;674/676;;Veicolo in marcia contro ostacolo fisso;;;;;;;;;;0;0;0;1;12,54083;41,86717;0;1;Autovettura privata;In marcia / fermata / arresto;Toyota;Yaris;Conducente;1990;M;Illeso;0;;Non accertato;Inesploso
3610792;13;21/12/2017 16:20:00;;VIA DELLE EBRIDI;all'intersezione con;VIA DELL'APPAGLIATORE;VIA DELL'APPAGLIATORE;;;Scontro frontale/laterale SX fra veicoli in marcia;;;;;;;;;;0;0;0;3;;;0;1;Autovettura privata;In marcia / fermata / arresto;Fiat;Panda;Conducente;1999;M;Illeso;0;;Non accertato;Inesploso
3610792;13;21/12/2017 16:20:00;;VIA DELLE EBRIDI;all'intersezione con;VIA DELL'APPAGLIATORE;VIA DELL'APPAGLIATORE;;;Scontro frontale/laterale SX fra veicoli in marcia;;;;;;;;;;0;0;0;3;;;0;1;Autovettura privata;In marcia / fermata / arresto;Fiat;Panda;Passeggero;2000;M;Illeso;0;;Non accertato;Inesploso
3610792;13;21/12/2017 16:20:00;;VIA DELLE EBRIDI;all'intersezione con;VIA DELL'APPAGLIATORE;VIA DELL'APPAGLIATORE;;;Scontro frontale/laterale SX fra veicoli in marcia;;;;;;;;;;0;0;0;3;;;0;2;Autovettura privata;In marcia / fermata / arresto;Opel;Corsa;Conducente;1958;M;Illeso;0;;Non accertato;Inesploso
3610793;1;22/12/2017 02:40:00;Strada Urbana;VIA FILIPPO TURATI;all'intersezione semaforizzata con;VIA RATTAZZI;VIA RATTAZZI;;;Scontro frontale/laterale SX fra veicoli in marcia;Intersezione semaforizzata;Una carreggiata a senso unico di marcia;Asciutto;Asfaltata;Verticale ed orizzontale;Sereno;Scarso;Sufficiente;Sufficiente;2;0;0;1;;;0;1;Autovettura privata;In marcia / fermata / arresto;Volkswagen;Polo;Conducente;1978;M;Rimandato;0;NON DECEDUTO;;
3610793;1;22/12/2017 02:40:00;Strada Urbana;VIA FILIPPO TURATI;all'intersezione semaforizzata con;VIA RATTAZZI;VIA RATTAZZI;;;Scontro frontale/laterale SX fra veicoli in marcia;Intersezione semaforizzata;Una carreggiata a senso unico di marcia;Asciutto;Asfaltata;Verticale ed orizzontale;Sereno;Scarso;Sufficiente;Sufficiente;2;0;0;1;;;0;2;Autovettura pubblica;In marcia / fermata / arresto;Dacia;lodgy;Conducente;1968;M;Illeso;0;;;
3610793;1;22/12/2017 02:40:00;Strada Urbana;VIA FILIPPO TURATI;all'intersezione semaforizzata con;VIA RATTAZZI;VIA RATTAZZI;;;Scontro frontale/laterale SX fra veicoli in marcia;Intersezione semaforizzata;Una carreggiata a senso unico di marcia;Asciutto;Asfaltata;Verticale ed orizzontale;Sereno;Scarso;Sufficiente;Sufficiente;2;0;0;1;;;0;2;Autovettura pubblica;In marcia / fermata / arresto;Dacia;lodgy;Passeggero;0;F;Ricoverato;0;NON DECEDUTO;;
3610798;9;21/12/2017 09:00:00;;PIAZZA DELL'ALBERONE;in corrispondenza;;del civico n.;5;;Veicolo in marcia contro veicolo in sosta;;;;;;;;;;0;0;0;2;12,52088;41,87648;0;1;Autovettura privata;In marcia / fermata / arresto;Mercedes;Smart Fortwo;Conducente;1984;F;Illeso;0;;;
3610798;9;21/12/2017 09:00:00;;PIAZZA DELL'ALBERONE;in corrispondenza;;del civico n.;5;;Veicolo in marcia contro veicolo in sosta;;;;;;;;;;0;0;0;2;12,52088;41,87648;0;2;Autovettura privata;Sosta;Ford;Focus;Conducente;1968;M;Illeso;0;;;
3610802;18;21/12/2017 18:45:00;;VIA BAVENO;all'intersezione con;VIA TICINETO;VIA TICINETO;;;Scontro laterale fra veicoli in marcia;;;;;;;;;;1;0;0;2;;;0;1;Autovettura privata;In marcia / fermata / arresto;Toyota;Yaris;Conducente;0;M;Illeso;0;;;
3610802;18;21/12/2017 18:45:00;;VIA BAVENO;all'intersezione con;VIA TICINETO;VIA TICINETO;;;Scontro laterale fra veicoli in marcia;;;;;;;;;;1;0;0;2;;;0;1;Autovettura privata;In marcia / fermata / arresto;Toyota;Yaris;Passeggero;0;F;Illeso;0;;;
3610802;18;21/12/2017 18:45:00;;VIA BAVENO;all'intersezione con;VIA TICINETO;VIA TICINETO;;;Scontro laterale fra veicoli in marcia;;;;;;;;;;1;0;0;2;;;0;2;Autovettura privata;In marcia / fermata / arresto;Lancia;Ypsilon;Conducente;1996;M;Rimandato;0;NON DECEDUTO;Non accertato;Inesploso
3610806;9;21/12/2017 09:00:00;;VIA GALLIA;all'intersezione con;VIA LUNI;VIA LUNI;;;Scontro frontale/laterale DX fra veicoli in marcia;;;;;;;;;;1;0;0;2;12,50397;41,88103;0;1;Autovettura privata;In marcia / fermata / arresto;Suzuki;Alto;Conducente;1950;F;Illeso;0;;;
3610806;9;21/12/2017 09:00:00;;VIA GALLIA;all'intersezione con;VIA LUNI;VIA LUNI;;;Scontro frontale/laterale DX fra veicoli in marcia;;;;;;;;;;1;0;0;2;12,50397;41,88103;0;1;Autovettura privata;In marcia / fermata / arresto;Suzuki;Alto;Passeggero;1938;F;Illeso;0;;;
3610806;9;21/12/2017 09:00:00;;VIA GALLIA;all'intersezione con;VIA LUNI;VIA LUNI;;;Scontro frontale/laterale DX fra veicoli in marcia;;;;;;;;;;1;0;0;2;12,50397;41,88103;0;2;Motociclo a solo;In marcia / fermata / arresto;BMW;R 1200;Conducente;1969;M;Rimandato;0;NON DECEDUTO;;
3610809;7;21/12/2017 13:30:00;;VIA ALVARI;in prossimità;;del civico n.;12;;Veicolo in marcia contro ostacolo accidentale;;;;;;;;;;0;0;0;1;;;0;1;Autovettura privata;In marcia / fermata / arresto;Citroen;C 1;Conducente;1971;F;Illeso;0;;Non accertato;Inesploso
3610810;11;21/12/2017 15:26:00;Strada Urbana;VIA ARDEATINA;in prossimità;;del palo luce n.;100;;Scontro frontale/laterale SX fra veicoli in marcia;Rettilineo;Una carreggiata a doppio senso;Asciutto;Asfaltata;Orizzontale;Sereno;Normale;Buona;Ore Diurne;2;0;0;0;;;0;1;Autovettura privata;In marcia / fermata / arresto;Citroen;C 1;Conducente;1936;F;Rimandato;0;NON DECEDUTO;;
3610810;11;21/12/2017 15:26:00;Strada Urbana;VIA ARDEATINA;in prossimità;;del palo luce n.;100;;Scontro frontale/laterale SX fra veicoli in marcia;Rettilineo;Una carreggiata a doppio senso;Asciutto;Asfaltata;Orizzontale;Sereno;Normale;Buona;Ore Diurne;2;0;0;0;;;0;2;Autovettura privata;In marcia / fermata / arresto;Dodge;Nitro;Conducente;1966;M;Rimandato;0;NON DECEDUTO;;