Protocollo;Gruppo;DataOraIncidente;Localizzazione1;STRADA1;Localizzazione2;STRADA2;Strada02;Chilometrica;DaSpecificare;NaturaIncidente;particolaritastrade;TipoStrada;FondoStradale;Pavimentazione;Segnaletica;CondizioneAtmosferica;Traffico;Visibilita;Illuminazione;NUM_FERITI;NUM_RISERVATA;NUM_MORTI;NUM_ILLESI;Longitudine;Latitudine;Confermato;Progressivo;TipoVeicolo;StatoVeicolo;Marca;Modello;TipoPersona;AnnoNascita;Sesso;Tipolesione;Deceduto;DecedutoDopo;CinturaCascoUtilizzato;Airbag;
3610812;23;21/12/2017 15:15:00;Strada Urbana;VIALE DELLA PIRAMIDE CESTIA;in corrispondenza;;del civico n.;21;;Tamponamento;Rettilineo;Più di due carreggiate;Asciutto;Asfaltata;Verticale ed orizzontale;Sereno;Scarso;Buona;Ore Diurne;1;0;0;1;12,48298;41,87866;0;1;Autovettura privata;In marcia / fermata / arresto;Lancia;Y;Conducente;1984;F;Illeso;0;;Utilizzato;Inesploso
3610812;23;21/12/2017 15:15:00;Strada Urbana;VIALE DELLA PIRAMIDE CESTIA;in corrispondenza;;del civico n.;21;;Tamponamento;Rettilineo;Più di due carreggiate;Asciutto;Asfaltata;Verticale ed orizzontale;Sereno;Scarso;Buona;Ore Diurne;1;0;0;1;12,48298;41,87866;0;2;Motociclo a solo;In marcia / fermata / arresto;Honda;Hornet;Conducente;1959;M;Rimandato;0;NON DECEDUTO;Non accertato;
3610813;7;21/12/2017 19:05:00;;VIALE PALMIRO TOGLIATTI;da specificare;;;;prossimità Via Santi Romano;Tamponamento Multiplo;;;;;;;;;;1;0;0;1;;;0;1;Autovettura privata;In marcia / fermata / arresto;Peugeot;107;Conducente;1967;F;Illeso;0;;;
3610813;7;21/12/2017 19:05:00;;VIALE PALMIRO TOGLIATTI;da specificare;;;;prossimità Via Santi Romano;Tamponamento Multiplo;;;;;;;;;;1;0;0;1;;;0;2;Autovettura privata;In marcia / fermata / arresto;Alfa Romeo;MITO;Conducente;1992;F;Rimandato;0;NON DECEDUTO;Non accertato;Inesploso
3610814;20;21/12/2017 12:50:00;Strada Urbana;VIA TIBERINA;da specificare;;;;fronte civico 211;Tamponamento;Rettilineo;Una carreggiata a doppio senso;Asciutto;Asfaltata;Verticale ed orizzontale;Sereno;Normale;Buona;Ore Diurne;0;0;0;2;12,50219;42,01113;0;1;Autovettura privata;In marcia / fermata / arresto;Chevrolet;Tacuma;Conducente;1978;M;Illeso;0;;;
3610814;20;21/12/2017 12:50:00;Strada Urbana;VIA TIBERINA;da specificare;;;;fronte civico 211;Tamponamento;Rettilineo;Una carreggiata a doppio senso;Asciutto;Asfaltata;Verticale ed orizzontale;Sereno;Normale;Buona;Ore Diurne;0;0;0;2;12,50219;42,01113;0;2;Autovettura privata;In marcia / fermata / arresto;Fiat;Ducato;Conducente;1973;M;Illeso;0;;Non accertato;
3610819;20;21/12/2017 17:00:00;Strada Urbana;VIA GASPERO BARBERA;in prossimità;;del civico n.;1;;Scontro frontale/laterale DX fra veicoli in marcia;Curva a visuale libera;Una carreggiata a doppio senso;Asciutto;Asfaltata;Assente;Sereno;Scarso;Sufficiente;Inesistente;0;0;0;2;12,2645;42,04254;0;1;Autocarro inferiore 35 q.;In marcia / fermata / arresto;Fiat Iveco;35 C11;Conducente;1987;M;Illeso;0;;Non accertato;
3610819;20;21/12/2017 17:00:00;Strada Urbana;VIA GASPERO BARBERA;in prossimità;;del civico n.;1;;Scontro frontale/laterale DX fra veicoli in marcia;Curva a visuale libera;Una carreggiata a doppio senso;Asciutto;Asfaltata;Assente;Sereno;Scarso;Sufficiente;Inesistente;0;0;0;2;12,2645;42,04254;0;2;Autovettura privata;In marcia / fermata / arresto;Nissan;Juke;Conducente;1954;F;Illeso;0;;Non accertato;
3610826;9;21/12/2017 14:00:00;;VIA MUZIO SCEVOLA;all'intersezione con;VIA ENEA;VIA ENEA;;;Scontro frontale/laterale SX fra veicoli in marcia;;;;;;;;;;2;0;0;0;12,5272;41,87448;0;1;Autovettura privata;In marcia / fermata / arresto;Fiat;Panda;Conducente;1952;M;Rimandato;0;NON DECEDUTO;;
3610826;9;21/12/2017 14:00:00;;VIA MUZIO SCEVOLA;all'intersezione con;VIA ENEA;VIA ENEA;;;Scontro frontale/laterale SX fra veicoli in marcia;;;;;;;;;;2;0;0;0;12,5272;41,87448;0;2;Autovettura privata;In marcia / fermata / arresto;Renault;Clio;Conducente;1996;M;Rimandato;0;NON DECEDUTO;;
3610831;6;21/12/2017 20:40:00;Strada Urbana;VIA DI ACQUA BULLICANTE;in corrispondenza;;del civico n.;121;;Veicolo in marcia contro veicolo in sosta;Rettilineo;Una carreggiata a doppio senso;Asciutto;Asfaltata;Orizzontale;Sereno;Scarso;Buona;Sufficiente;0;0;0;1;12,5433;41,88356;0;1;Autovettura privata;In marcia / fermata / arresto;Toyota;Yaris;Conducente;1982;M;Illeso;0;;;
3610835;20;21/12/2017 12:00:00;Strada Urbana;VIALE DI TOR DI QUINTO;all'intersezione semaforizzata con;VIA CIVITA CASTELLANA;VIA CIVITA CASTELLANA;;;Scontro laterale fra veicoli in marcia;Incrocio;Una carreggiata a doppio senso;Asciutto;Asfaltata;Verticale ed orizzontale;Sereno;Scarso;Buona;Ore Diurne;0;0;0;2;12,48573;41,94426;0;1;Motociclo a solo;In marcia / fermata / arresto;Piaggio;Vespa;Conducente;1999;M;Illeso;0;;Non accertato;
3610835;20;21/12/2017 12:00:00;Strada Urbana;VIALE DI TOR DI QUINTO;all'intersezione semaforizzata con;VIA CIVITA CASTELLANA;VIA CIVITA CASTELLANA;;;Scontro laterale fra veicoli in marcia;Incrocio;Una carreggiata a doppio senso;Asciutto;Asfaltata;Verticale ed orizzontale;Sereno;Scarso;Buona;Ore Diurne;0;0;0;2;12,48573;41,94426;0;2;Autovettura privata;In marcia / fermata / arresto;Volkswagen;Golf;Conducente;1987;M;Illeso;0;;Non accertato;Inesploso
3610839;10;21/12/2017 15:50:00;;VIA TUSCOLANA;in corrispondenza;;del civico n.;1502;;Tamponamento Multiplo;;;;;;;;;;0;0;0;4;;;0;1;Autovettura privata;In marcia / fermata / arresto;Opel;Corsa;Conducente;1964;F;Illeso;0;;;
3610839;10;21/12/2017 15:50:00;;VIA TUSCOLANA;in corrispondenza;;del civico n.;1502;;Tamponamento Multiplo;;;;;;;;;;0;0;0;4;;;0;2;Autovettura privata;In marcia / fermata / arresto;Nissan;(ignoto);Conducente;1960;M;Illeso;0;;;
3610839;10;21/12/2017 15:50:00;;VIA TUSCOLANA;in corrispondenza;;del civico n.;1502;;Tamponamento Multiplo;;;;;;;;;;0;0;0;4;;;0;3;Autovettura privata;In marcia / fermata / arresto;Fiat;Idea;Conducente;1936;M;Illeso;0;;;
3610839;10;21/12/2017 15:50:00;;VIA TUSCOLANA;in corrispondenza;;del civico n.;1502;;Tamponamento Multiplo;;;;;;;;;;0;0;0;4;;;0;4;Autovettura privata;In marcia / fermata / arresto;Chevrolet;Matiz;Conducente;1959;M;Illeso;0;;;
3610848;5;21/12/2017 12:45:00;;VIA DI CASAL BERTONE;all'intersezione con;VIA ALBERTO POLLIO;VIA ALBERTO POLLIO;;;Scontro frontale/laterale DX fra veicoli in marcia;;;;;;;;;;1;0;0;0;12,53255;41,89712;0;1;Autovettura privata;In marcia / fermata / arresto;Citroen;C 3;Conducente;0;M;Rimandato;0;NON DECEDUTO;;
3610850;20;21/12/2017 11:00:00;Strada Urbana;VIA DEGLI ORTI DELLA FARNESINA;all'intersezione con;VIA ETTORE MAMBRETTI;VIA ETTORE MAMBRETTI;;;Veicolo in marcia contro veicolo in sosta;Intersezione stradale segnalata;Una carreggiata a senso unico di marcia;Asciutto;Asfaltata;Verticale ed orizzontale;Sereno;Scarso;Buona;Ore Diurne;0;0;0;1;;;0;1;Autovettura privata;In marcia / fermata / arresto;Citroen;C 3 Picasso;Conducente;1979;M;Illeso;0;;Non accertato;Inesploso
3610852;19;21/12/2017 18:20:00;;VIA ELIO DONATO;in prossimità;;del civico n.;48;;Tamponamento;;;;;;;;;;0;0;0;2;;;0;1;Autovettura privata;In marcia / fermata / arresto;Toyota;Aygo;Conducente;0;M;Illeso;0;;;
3610852;19;21/12/2017 18:20:00;;VIA ELIO DONATO;in prossimità;;del civico n.;48;;Tamponamento;;;;;;;;;;0;0;0;2;;;0;2;Autovettura privata;In marcia / fermata / arresto;Citroen;C 3;Conducente;0;M;Illeso;0;;;
3610856;7;21/12/2017 18:20:00;;VIALE PALMIRO TOGLIATTI;in prossimità;;del civico n.;234;;Scontro frontale/laterale DX fra veicoli in marcia;;;;;;;;;;0;0;0;2;;;0;1;Motociclo a solo;In marcia / fermata / arresto;Suzuki;Burgman;Conducente;1983;M;Illeso;0;;Non accertato;
3610856;7;21/12/2017 18:20:00;;VIALE PALMIRO TOGLIATTI;in prossimità;;del civico n.;234;;Scontro frontale/laterale DX fra veicoli in marcia;;;;;;;;;;0;0;0;2;;;0;2;Autovettura privata;In marcia / fermata / arresto;Citroen;C 3;Conducente;1953;F;Illeso;0;;Non accertato;Inesploso
3610858;19;21/12/2017 16:30:00;;VIA S. GIUSEPPE DA COPERTINO;da specificare;;;;prossimita rotatoria ingresso GRA;Scontro frontale/laterale SX fra veicoli in marcia;;;;;;;;;;0;0;0;1;;;0;1;Motociclo a solo;In marcia / fermata / arresto;Yamaha;YP 400;Conducente;1963;M;Illeso;0;;;
3610862;7;21/12/2017 23:30:00;;VIA SAN SEVERINO MARCHE;in prossimità;;del civico n.;4;;Veicolo in marcia contro ostacolo accidentale;;;;;;;;;;0;0;0;1;12,5862;41,94318;0;1;Autovettura privata;In marcia / fermata / arresto;Audi;A1;Conducente;1996;F;Illeso;0;;Non accertato;Inesploso
3610892;1;21/12/2017 08:30:00;Strada Urbana;VIALE MARCO POLO;in corrispondenza;;del civico n.;FC 31;;Tamponamento Multiplo;Rettilineo;Una carreggiata a doppio senso;Asciutto;Asfaltata;Verticale ed orizzontale;Sereno;Normale;Buona;Ore Diurne;1;0;0;5;;;0;1;Autovettura privata;In marcia / fermata / arresto;Fiat-Lancia;YPSILON;Conducente;1968;M;Rimandato;0;NON DECEDUTO;;
3610892;1;21/12/2017 08:30:00;Strada Urbana;VIALE MARCO POLO;in corrispondenza;;del civico n.;FC 31;;Tamponamento Multiplo;Rettilineo;Una carreggiata a doppio senso;Asciutto;Asfaltata;Verticale ed orizzontale;Sereno;Normale;Buona;Ore Diurne;1;0;0;5;;;0;2;Autovettura privata;In marcia / fermata / arresto;Smart ;Fortwo Coupe;Conducente;1975;M;Illeso;0;;;
3610892;1;21/12/2017 08:30:00;Strada Urbana;VIALE MARCO POLO;in corrispondenza;;del civico n.;FC 31;;Tamponamento Multiplo;Rettilineo;Una carreggiata a doppio senso;Asciutto;Asfaltata;Verticale ed orizzontale;Sereno;Normale;Buona;Ore Diurne;1;0;0;5;;;0;2;Autovettura privata;In marcia / fermata / arresto;Smart ;Fortwo Coupe;Passeggero;2010;M;Illeso;0;;;
3610892;1;21/12/2017 08:30:00;Strada Urbana;VIALE MARCO POLO;in corrispondenza;;del civico n.;FC 31;;Tamponamento Multiplo;Rettilineo;Una carreggiata a doppio senso;Asciutto;Asfaltata;Verticale ed orizzontale;Sereno;Normale;Buona;Ore Diurne;1;0;0;5;;;0;3;Autovettura privata;In marcia / fermata / arresto;Renault;Modus;Conducente;1981;F;Illeso;0;;;
3610892;1;21/12/2017 08:30:00;Strada Urbana;VIALE MARCO POLO;in corrispondenza;;del civico n.;FC 31;;Tamponamento Multiplo;Rettilineo;Una carreggiata a doppio senso;Asciutto;Asfaltata;Verticale ed orizzontale;Sereno;Normale;Buona;Ore Diurne;1;0;0;5;;;0;3;Autovettura privata;In marcia / fermata / arresto;Renault;Modus;Passeggero;0;F;Illeso;0;;;
3610892;1;21/12/2017 08:30:00;Strada Urbana;VIALE MARCO POLO;in corrispondenza;;del civico n.;FC 31;;Tamponamento Multiplo;Rettilineo;Una carreggiata a doppio senso;Asciutto;Asfaltata;Verticale ed orizzontale;Sereno;Normale;Buona;Ore Diurne;1;0;0;5;;;0;3;Autovettura privata;In marcia / fermata / arresto;Renault;Modus;Passeggero;0;M;Illeso;0;;;
3610914;19;21/12/2017 19:00:00;Strada Urbana;VIA DI VALLE MURICANA;in corrispondenza;;del civico n.;481;;Scontro frontale/laterale DX fra veicoli in marcia;Rettilineo;Una carreggiata a doppio senso;Asciutto;Asfaltata;Orizzontale;Sereno;Scarso;Buona;Sufficiente;1;0;0;1;12,46765;42,02513;0;1;Autovettura privata;In marcia / fermata / arresto;Fiat;500;Conducente;1936;M;Illeso;0;;Non accertato;
3610914;19;21/12/2017 19:00:00;Strada Urbana;VIA DI VALLE MURICANA;in corrispondenza;;del civico n.;481;;Scontro frontale/laterale DX fra veicoli in marcia;Rettilineo;Una carreggiata a doppio senso;Asciutto;Asfaltata;Orizzontale;Sereno;Scarso;Buona;Sufficiente;1;0;0;1;12,46765;42,02513;0;2;Motociclo a solo;In marcia / fermata / arresto;Honda;SH150;Conducente;1997;M;Rimandato;0;NON DECEDUTO;Non accertato;
3610916;4;21/12/2017 09:30:00;;VIA RICCARDO BACCHELLI;all'intersezione con;VIA DARIO NICCODEMI;VIA DARIO NICCODEMI;;;Scontro laterale fra veicoli in marcia;;;;;;;;;;0;0;0;2;12,54916;41,95455;0;1;Autovettura privata;In marcia / fermata / arresto;Chevrolet;Matiz;Conducente;1990;M;Illeso;0;;Non accertato;
3610916;4;21/12/2017 09:30:00;;VIA RICCARDO BACCHELLI;all'intersezione con;VIA DARIO NICCODEMI;VIA DARIO NICCODEMI;;;Scontro laterale fra veicoli in marcia;;;;;;;;;;0;0;0;2;12,54916;41,95455;0;2;Autovettura privata;In marcia / fermata / arresto;Nissan;Micra;Conducente;1978;M;Illeso;0;;Non accertato;
3610940;8;21/12/2017 15:30:00;;VIA AMICO ASPERTINI;da specificare;;;;corsia accesso via Tor Bella Monaca dir. Casilina;Scontro laterale fra veicoli in marcia;;;;;;;;;;0;0;0;3;12,62393;41,87854;0;1;Autovettura privata;In marcia / fermata / arresto;Citroen;Picasso;Conducente;1945;M;Illeso;0;;Non accertato;Inesploso
3610940;8;21/12/2017 15:30:00;;VIA AMICO ASPERTINI;da specificare;;;;corsia accesso via Tor Bella Monaca dir. Casilina;Scontro laterale fra veicoli in marcia;;;;;;;;;;0;0;0;3;12,62393;41,87854;0;2;Autovettura privata;In marcia / fermata / arresto;Ford;Fiesta;Conducente;1984;F;Illeso;0;;Non accertato;Inesploso
3610940;8;21/12/2017 15:30:00;;VIA AMICO ASPERTINI;da specificare;;;;corsia accesso via Tor Bella Monaca dir. Casilina;Scontro laterale fra veicoli in marcia;;;;;;;;;;0;0;0;3;12,62393;41,87854;0;2;Autovettura privata;In marcia / fermata / arresto;Ford;Fiesta;Passeggero;2015;F;Illeso;0;;Non accertato;Inesploso
3610962;4;21/12/2017 10:40:00;;VIA GIOVANNI CONTI;da specificare;;;;altezza fermata ATAC Conti-De Curtis n.78888;Scontro laterale fra veicoli in marcia;;;;;;;;;;1;0;0;1;12,53208;41,95527;0;1;Velocipede;In marcia / fermata / arresto;(ignoto);(non accertato);Conducente;1974;M;Rifiuta cure immediate;0;NON DECEDUTO;Esente;
3610962;4;21/12/2017 10:40:00;;VIA GIOVANNI CONTI;da specificare;;;;altezza fermata ATAC Conti-De Curtis n.78888;Scontro laterale fra veicoli in marcia;;;;;;;;;;1;0;0;1;12,53208;41,95527;0;2;Autovettura privata;In marcia / fermata / arresto;Ford;Focus;Conducente;1954;M;Illeso;0;;Non accertato;
3610964;1;21/12/2017 12:00:00;Strada Urbana;CORSO VITTORIO EMANUELE II;in corrispondenza;;del civico n.;163;;Scontro laterale fra veicoli in marcia;Rettilineo;Una carreggiata a doppio senso;Asciutto;Asfaltata;;Sereno;Normale;Buona;Ore Diurne;1;0;0;1;;;0;1;Motociclo a solo;In marcia / fermata / arresto;Piaggio;Liberty;Conducente;1962;F;Rifiuta cure immediate;0;NON DECEDUTO;;
3610964;1;21/12/2017 12:00:00;Strada Urbana;CORSO VITTORIO EMANUELE II;in corrispondenza;;del civico n.;163;;Scontro laterale fra veicoli in marcia;Rettilineo;Una carreggiata a doppio senso;Asciutto;Asfaltata;;Sereno;Normale;Buona;Ore Diurne;1;0;0;1;;;0;2;Autovettura pubblica;In marcia / fermata / arresto;Renault;Master;Conducente;1970;M;Illeso;0;;;
3610984;8;21/12/2017 20:15:00;;PIAZZA DEI RE DI ROMA;in corrispondenza;;del civico n.;45;;Scontro laterale fra veicoli in marcia;;;;;;;;;;0;0;0;2;12,51387;41,88256;0;1;Autovettura privata;In marcia / fermata / arresto;Audi;A 3;Conducente;1986;M;Illeso;0;;Non accertato;Inesploso
3610984;8;21/12/2017 20:15:00;;PIAZZA DEI RE DI ROMA;in corrispondenza;;del civico n.;45;;Scontro laterale fra veicoli in marcia;;;;;;;;;;0;0;0;2;12,51387;41,88256;0;2;Autovettura privata;In marcia / fermata / arresto;Fiat;Punto;Conducente;1981;M;Illeso;0;;Non accertato;Inesploso
3610985;8;21/12/2017 17:45:00;;VIA SELLIA;all'intersezione con;VIA IACURSO;VIA IACURSO;;;Tamponamento;;;;;;;;;;0;0;0;3;;;0;1;Autovettura privata;In marcia / fermata / arresto;Daimler Chrysler Mercedes;(non accertato);Conducente;1987;M;Illeso;0;;;
3610985;8;21/12/2017 17:45:00;;VIA SELLIA;all'intersezione con;VIA IACURSO;VIA IACURSO;;;Tamponamento;;;;;;;;;;0;0;0;3;;;0;2;Autovettura privata;In marcia / fermata / arresto;Daimler Chrysler Mercedes;(non accertato);Conducente;1973;;Illeso;0;;;
3610985;8;21/12/2017 17:45:00;;VIA SELLIA;all'intersezione con;VIA IACURSO;VIA IACURSO;;;Tamponamento;;;;;;;;;;0;0;0;3;;;0;3;Autovettura privata;In marcia / fermata / arresto;Opel;Corsa;Conducente;1956;M;Illeso;0;;;
3610990;8;21/12/2017 14:05:00;;VIA DEL FONTANILE DI CARCARICOLA;da specificare;;;;20 metri dopo rotatoria via stanford;Veicolo in marcia contro ostacolo accidentale;;;;;;;;;;0;0;0;1;;;0;1;Autovettura privata;In marcia / fermata / arresto;Dacia;Sandero;Conducente;1967;M;Illeso;0;;;
3610993;8;22/12/2017 00:30:00;;VIA TIBURTINA;da specificare;;;;rotatoria via RUBELLIA;Tamponamento;;;;;;;;;;1;0;0;1;12,57376;41,92564;0;1;Autovettura privata;In marcia / fermata / arresto;Peugeot;207 CC;Conducente;1981;M;Rifiuta cure immediate;0;NON DECEDUTO;Non accertato;Inesploso
3610993;8;22/12/2017 00:30:00;;VIA TIBURTINA;da specificare;;;;rotatoria via RUBELLIA;Tamponamento;;;;;;;;;;1;0;0;1;12,57376;41,92564;0;2;Autovettura privata;In marcia / fermata / arresto;Opel;Astra;Conducente;1992;M;Illeso;0;;Non accertato;Inesploso
3611002;8;20/12/2017 20:20:00;;VIA DI TOR BELLA MONACA;da specificare;;;;pross. ponte via di Torrenova dir. Casilina ;Veicolo in marcia contro ostacolo accidentale;;;;;;;;;;0;0;0;1;12,62375;41,87848;0;1;Autovettura privata;In marcia / fermata / arresto;Alfa Romeo;147;Conducente;1995;M;Illeso;0;;Non accertato;Inesploso
3611006;8;21/12/2017 08:30:00;;VIA CASILINA;all'intersezione con;VIA DI PRATAPORCI;VIA DI PRATAPORCI;;;Scontro frontale fra veicoli in marcia;;;;;;;;;;0;0;0;3;;;0;1;Autovettura privata;In marcia / fermata / arresto;Alfa Romeo;147;Conducente;1994;;Illeso;0;;;
3611006;8;21/12/2017 08:30:00;;VIA CASILINA;all'intersezione con;VIA DI PRATAPORCI;VIA DI PRATAPORCI;;;Scontro frontale fra veicoli in marcia;;;;;;;;;;0;0;0;3;;;0;2;Autovettura privata;In marcia / fermata / arresto;Fiat;Punto;Conducente;1942;;Illeso;0;;;
3611006;8;21/12/2017 08:30:00;;VIA CASILINA;all'intersezione con;VIA DI PRATAPORCI;VIA DI PRATAPORCI;;;Scontro frontale fra veicoli in marcia;;;;;;;;;;0;0;0;3;;;0;2;Autovettura privata;In marcia / fermata / arresto;Fiat;Punto;Passeggero;1950;F;Illeso;0;;;
3611011;8;21/12/2017 11:30:00;;VIA CASILINA;da specificare;;;;20 metri dopo intersezione via Siculiana;Tamponamento;;;;;;;;;;0;0;0;2;;;0;1;Autovettura privata;In marcia / fermata / arresto;Fiat;Punto;Conducente;1974;;Illeso;0;;;
3611011;8;21/12/2017 11:30:00;;VIA CASILINA;da specificare;;;;20 metri dopo intersezione via Siculiana;Tamponamento;;;;;;;;;;0;0;0;2;;;0;2;Autocarro inferiore 35 q.;In marcia / fermata / arresto;Fiat Iveco;(non accertato);Conducente;1998;M;Illeso;0;;;
3611018;8;21/12/2017 11:50:00;;VIA DI TOR BELLA MONACA;da specificare;;;;INVERSIONE DI MARCIA 100 M. DOPO P.F. QUAGLIA;Tamponamento;;;;;;;;;;0;0;0;2;;;0;1;Autovettura privata;In marcia / fermata / arresto;Peugeot;208;Conducente;1969;M;Illeso;0;;;
3611018;8;21/12/2017 11:50:00;;VIA DI TOR BELLA MONACA;da specificare;;;;INVERSIONE DI MARCIA 100 M. DOPO P.F. QUAGLIA;Tamponamento;;;;;;;;;;0;0;0;2;;;0;2;Autovettura privata;In marcia / fermata / arresto;Audi;Q 3;Conducente;1973;M;Illeso;0;;;
3611023;1;21/12/2017 14:35:00;Strada Urbana;VIA GARIBALDI;in corrispondenza;;del civico n.;45;;Investimento di pedone;Rettilineo;Una carreggiata a doppio senso;Asciutto;In cubetti di porfido;Verticale ed orizzontale;Sereno;Normale;Buona;Ore Diurne;2;0;0;1;;;0;;;;;;Pedone;0;M;Rimandato;0;NON DECEDUTO;;
3611023;1;21/12/2017 14:35:00;Strada Urbana;VIA GARIBALDI;in corrispondenza;;del civico n.;45;;Investimento di pedone;Rettilineo;Una carreggiata a doppio senso;Asciutto;In cubetti di porfido;Verticale ed orizzontale;Sereno;Normale;Buona;Ore Diurne;2;0;0;1;;;0;1;Autovettura privata;In marcia / fermata / arresto;Nissan;QASHQAI;Conducente;1976;M;Illeso;0;;;
3611035;12;21/12/2017 16:30:00;Strada Urbana;VIA VITALIANO ROTELLINI;all'intersezione con;VIA SCIPIONE FRANCHETTI;VIA SCIPIONE FRANCHETTI;;;Scontro frontale/laterale DX fra veicoli in marcia;Incrocio;Due carreggiate;Asciutto;Asfaltata;Verticale ed orizzontale;Sereno;Normale;Buona;Ore Diurne;0;0;0;2;12,43862;41,77457;0;1;Autocarro inferiore 35 q.;In marcia / fermata / arresto;Citroen;Jumpy;Conducente;1972;M;Illeso;0;;Non accertato;Inesploso
3611035;12;21/12/2017 16:30:00;Strada Urbana;VIA VITALIANO ROTELLINI;all'intersezione con;VIA SCIPIONE FRANCHETTI;VIA SCIPIONE FRANCHETTI;;;Scontro frontale/laterale DX fra veicoli in marcia;Incrocio;Due carreggiate;Asciutto;Asfaltata;Verticale ed orizzontale;Sereno;Normale;Buona;Ore Diurne;0;0;0;2;12,43862;41,77457;0;2;Autovettura privata;In marcia / fermata / arresto;Fiat;Panda;Conducente;1931;F;Illeso;0;;Non accertato;Inesploso
3611040;2;21/12/2017 09:10:00;;VIA GIOVANNI ANTONELLI;in prossimità;;del civico n.;33;;Tamponamento;;;;;;;;;;1;0;0;1;;;0;1;Motociclo a solo;In marcia / fermata / arresto;Yamaha;(non accertato);Conducente;1972;F;Rimandato;0;NON DECEDUTO;;
3611040;2;21/12/2017 09:10:00;;VIA GIOVANNI ANTONELLI;in prossimità;;del civico n.;33;;Tamponamento;;;;;;;;;;1;0;0;1;;;0;2;Autocarro inferiore 35 q.;Sosta;Fiat;Iveco;Passeggero;1982;M;Illeso;0;;Esente;Inesistente
3611048;2;21/12/2017 13:00:00;;VIA DI S. COSTANZA;all'intersezione con;VIA SPALATO;VIA SPALATO;;;Veicolo in marcia contro ostacolo accidentale;;;;;;;;;;1;0;0;0;;;0;1;Motociclo a solo;In marcia / fermata / arresto;Kymco;People 125;Conducente;1975;M;Rifiuta cure immediate;0;NON DECEDUTO;Non accertato;
3611049;2;21/12/2017 15:00:00;;VIA DI S. COSTANZA;all'intersezione con;VIA SPALATO;VIA SPALATO;;;Veicolo in marcia contro ostacolo accidentale;;;;;;;;;;0;0;0;1;;;0;1;Motociclo a solo;In marcia / fermata / arresto;Honda;SH 125;Conducente;1999;M;Illeso;0;;Non accertato;
3611054;2;21/12/2017 15:40:00;;VIA DEL SACRO CUORE DI MARIA;all'intersezione semaforizzata con;VIALE MARESCIALLO PILSUDSKI;VIALE MARESCIALLO PILSUDSKI;;;Tamponamento;;;;;;;;;;0;0;0;2;;;0;1;Autovettura privata;In marcia / fermata / arresto;smart for two;(ignoto);Conducente;1998;M;Illeso;0;;Non accertato;Inesploso
3611054;2;21/12/2017 15:40:00;;VIA DEL SACRO CUORE DI MARIA;all'intersezione semaforizzata con;VIALE MARESCIALLO PILSUDSKI;VIALE MARESCIALLO PILSUDSKI;;;Tamponamento;;;;;;;;;;0;0;0;2;;;0;2;Autovettura privata;In marcia / fermata / arresto;Renault;Clio;Conducente;1966;F;Illeso;0;;;
3611059;4;21/12/2017 11:20:00;;PIAZZA SEMPIONE;in corrispondenza;;del civico n.;12;;Veicolo in marcia contro veicolo fermo;;;;;;;;;;0;0;0;2;12,53539;41,93605;0;1;Autovettura privata;In marcia / fermata / arresto;Alfa Romeo;Giulietta;Conducente;1990;M;Illeso;0;;Non accertato;
3611059;4;21/12/2017 11:20:00;;PIAZZA SEMPIONE;in corrispondenza;;del civico n.;12;;Veicolo in marcia contro veicolo fermo;;;;;;;;;;0;0;0;2;12,53539;41,93605;0;2;Autovettura privata;In marcia / fermata / arresto;Opel;Corsa;Conducente;1966;M;Illeso;0;;Non accertato;
3611061;2;21/12/2017 21:00:00;;VIA CASSIA;all'intersezione semaforizzata con;VIA CASSIA NUOVA;VIA CASSIA NUOVA;;;Scontro laterale fra veicoli in marcia;;;;;;;;;;1;0;0;2;;;0;1;Motociclo a solo;In marcia / fermata / arresto;Honda;SH;Conducente;1968;M;Rimandato;0;NON DECEDUTO;;
3611061;2;21/12/2017 21:00:00;;VIA CASSIA;all'intersezione semaforizzata con;VIA CASSIA NUOVA;VIA CASSIA NUOVA;;;Scontro laterale fra veicoli in marcia;;;;;;;;;;1;0;0;2;;;0;2;Motociclo a solo;In marcia / fermata / arresto;Honda;SH;Conducente;1988;M;Illeso;0;;;
3611061;2;21/12/2017 21:00:00;;VIA CASSIA;all'intersezione semaforizzata con;VIA CASSIA NUOVA;VIA CASSIA NUOVA;;;Scontro laterale fra veicoli in marcia;;;;;;;;;;1;0;0;2;;;0;3;Motociclo a solo;In marcia / fermata / arresto;Honda;SH 150;Conducente;1977;M;Illeso;0;;;
3611064;2;22/12/2017 02:30:00;;LARGO NICOLA SPINELLI;in prossimità;;del civico n.;5;;Veicolo in marcia contro ostacolo fisso;;;;;;;;;;0;0;0;1;;;0;1;Autovettura privata;In marcia / fermata / arresto;Fiat;Panda;Conducente;1979;M;Illeso;0;;;
3611067;1;21/12/2017 18:00:00;Strada Urbana;PIAZZALE NUMA POMPILIO;all'intersezione semaforizzata con;VIA ANTONINIANA;VIA ANTONINIANA;;;Scontro laterale fra veicoli in marcia;Intersezione semaforizzata;Una carreggiata a senso unico di marcia;Asciutto;Asfaltata;Verticale ed orizzontale;Sereno;Normale;Sufficiente;Sufficiente;2;0;0;4;;;0;1;Autovettura privata;In marcia / fermata / arresto;Ford;Fiesta;Conducente;1944;M;Illeso;0;;;