Protocollo;Gruppo;DataOraIncidente;Localizzazione1;STRADA1;Localizzazione2;STRADA2;Strada02;Chilometrica;DaSpecificare;NaturaIncidente;particolaritastrade;TipoStrada;FondoStradale;Pavimentazione;Segnaletica;CondizioneAtmosferica;Traffico;Visibilita;Illuminazione;NUM_FERITI;NUM_RISERVATA;NUM_MORTI;NUM_ILLESI;Longitudine;Latitudine;Confermato;Progressivo;TipoVeicolo;StatoVeicolo;Marca;Modello;TipoPersona;AnnoNascita;Sesso;Tipolesione;Deceduto;DecedutoDopo;CinturaCascoUtilizzato;Airbag;
3611067;1;21/12/2017 18:00:00;Strada Urbana;PIAZZALE NUMA POMPILIO;all'intersezione semaforizzata con;VIA ANTONINIANA;VIA ANTONINIANA;;;Scontro laterale fra veicoli in marcia;Intersezione semaforizzata;Una carreggiata a senso unico di marcia;Asciutto;Asfaltata;Verticale ed orizzontale;Sereno;Normale;Sufficiente;Sufficiente;2;0;0;4;;;0;1;Autovettura privata;In marcia / fermata / arresto;Ford;Fiesta;Passeggero;1943;F;Illeso;0;;;
3611067;1;21/12/2017 18:00:00;Strada Urbana;PIAZZALE NUMA POMPILIO;all'intersezione semaforizzata con;VIA ANTONINIANA;VIA ANTONINIANA;;;Scontro laterale fra veicoli in marcia;Intersezione semaforizzata;Una carreggiata a senso unico di marcia;Asciutto;Asfaltata;Verticale ed orizzontale;Sereno;Normale;Sufficiente;Sufficiente;2;0;0;4;;;0;1;Autovettura privata;In marcia / fermata / arresto;Ford;Fiesta;Passeggero;1971;F;Illeso;0;;;
3611067;1;21/12/2017 18:00:00;Strada Urbana;PIAZZALE NUMA POMPILIO;all'intersezione semaforizzata con;VIA ANTONINIANA;VIA ANTONINIANA;;;Scontro laterale fra veicoli in marcia;Intersezione semaforizzata;Una carreggiata a senso unico di marcia;Asciutto;Asfaltata;Verticale ed orizzontale;Sereno;Normale;Sufficiente;Sufficiente;2;0;0;4;;;0;1;Autovettura privata;In marcia / fermata / arresto;Ford;Fiesta;Passeggero;2008;F;Illeso;0;;;
3611067;1;21/12/2017 18:00:00;Strada Urbana;PIAZZALE NUMA POMPILIO;all'intersezione semaforizzata con;VIA ANTONINIANA;VIA ANTONINIANA;;;Scontro laterale fra veicoli in marcia;Intersezione semaforizzata;Una carreggiata a senso unico di marcia;Asciutto;Asfaltata;Verticale ed orizzontale;Sereno;Normale;Sufficiente;Sufficiente;2;0;0;4;;;0;2;Motociclo con passeggero;In marcia / fermata / arresto;Honda;SH 150;Conducente;1966;F;Rimandato;0;NON DECEDUTO;;
3611067;1;21/12/2017 18:00:00;Strada Urbana;PIAZZALE NUMA POMPILIO;all'intersezione semaforizzata con;VIA ANTONINIANA;VIA ANTONINIANA;;;Scontro laterale fra veicoli in marcia;Intersezione semaforizzata;Una carreggiata a senso unico di marcia;Asciutto;Asfaltata;Verticale ed orizzontale;Sereno;Normale;Sufficiente;Sufficiente;2;0;0;4;;;0;2;Motociclo con passeggero;In marcia / fermata / arresto;Honda;SH 150;Passeggero;2004;F;Rimandato;0;NON DECEDUTO;;
3611071;2;22/12/2017 04:00:00;;LUNGOTEVERE FLAMINIO;in prossimità;;del palo luce n.;471;;Veicolo in marcia contro ostacolo fisso;;;;;;;;;;1;0;0;0;;;0;1;Autovettura privata;In marcia / fermata / arresto;Range Rover;EVOQUE;Conducente;1975;M;Rimandato;0;NON DECEDUTO;;
3611075;12;21/12/2017 19:05:00;Strada Urbana;VIA LAURENTINA;all'intersezione con;VIA FRANCESCO DE SUPPE';VIA FRANCESCO DE SUPPE';;;Scontro frontale/laterale DX fra veicoli in marcia;Intersezione semaforizzata;Due carreggiate;Asciutto;Asfaltata;Verticale ed orizzontale;Sereno;Intenso;Buona;Sufficiente;0;0;0;3;12,50918;41,72716;0;1;Motociclo a solo;In marcia / fermata / arresto;BMW;F 800 R;Conducente;1963;M;Illeso;0;;Utilizzato;
3611075;12;21/12/2017 19:05:00;Strada Urbana;VIA LAURENTINA;all'intersezione con;VIA FRANCESCO DE SUPPE';VIA FRANCESCO DE SUPPE';;;Scontro frontale/laterale DX fra veicoli in marcia;Intersezione semaforizzata;Due carreggiate;Asciutto;Asfaltata;Verticale ed orizzontale;Sereno;Intenso;Buona;Sufficiente;0;0;0;3;12,50918;41,72716;0;2;Autovettura privata;In marcia / fermata / arresto;Peugeot;308 SW;Conducente;1983;M;Illeso;0;;Utilizzato;Inesploso
3611075;12;21/12/2017 19:05:00;Strada Urbana;VIA LAURENTINA;all'intersezione con;VIA FRANCESCO DE SUPPE';VIA FRANCESCO DE SUPPE';;;Scontro frontale/laterale DX fra veicoli in marcia;Intersezione semaforizzata;Due carreggiate;Asciutto;Asfaltata;Verticale ed orizzontale;Sereno;Intenso;Buona;Sufficiente;0;0;0;3;12,50918;41,72716;0;2;Autovettura privata;In marcia / fermata / arresto;Peugeot;308 SW;Passeggero;1985;F;Illeso;0;;Utilizzato;Inesploso
3611089;7;21/12/2017 11:30:00;Strada Urbana;VIA EMILIO LONGONI;da specificare;;;;fronte civico  n. 81;Scontro frontale/laterale DX fra veicoli in marcia;Rettilineo;Due carreggiate;Asciutto;Asfaltata;Verticale ed orizzontale;Sereno;Normale;Sufficiente;Ore Diurne;0;0;0;3;12,60345;41,89912;0;1;Autovettura privata;In marcia / fermata / arresto;Mercedes;Smart For Two;Conducente;1988;M;Illeso;0;;;
3611089;7;21/12/2017 11:30:00;Strada Urbana;VIA EMILIO LONGONI;da specificare;;;;fronte civico  n. 81;Scontro frontale/laterale DX fra veicoli in marcia;Rettilineo;Due carreggiate;Asciutto;Asfaltata;Verticale ed orizzontale;Sereno;Normale;Sufficiente;Ore Diurne;0;0;0;3;12,60345;41,89912;0;1;Autovettura privata;In marcia / fermata / arresto;Mercedes;Smart For Two;Passeggero;1992;F;Illeso;0;;;
3611089;7;21/12/2017 11:30:00;Strada Urbana;VIA EMILIO LONGONI;da specificare;;;;fronte civico  n. 81;Scontro frontale/laterale DX fra veicoli in marcia;Rettilineo;Due carreggiate;Asciutto;Asfaltata;Verticale ed orizzontale;Sereno;Normale;Sufficiente;Ore Diurne;0;0;0;3;12,60345;41,89912;0;2;Autovettura privata;In marcia / fermata / arresto;Renault;Clio;Conducente;1957;M;Illeso;0;;;
3611103;4;21/12/2017 12:00:00;;VIA GIOVANNI CONTI;da specificare;;;;fronte civico 64 (altezza area mercato);Scontro laterale fra veicoli in marcia;;;;;;;;;;0;0;0;2;;;0;1;Autovettura privata;In marcia / fermata / arresto;Fiat;Doblò;Conducente;1938;M;Illeso;0;;Non accertato;Inesploso
3611103;4;21/12/2017 12:00:00;;VIA GIOVANNI CONTI;da specificare;;;;fronte civico 64 (altezza area mercato);Scontro laterale fra veicoli in marcia;;;;;;;;;;0;0;0;2;;;0;2;Autovettura privata;In marcia / fermata / arresto;Ford;Focus;Conducente;1985;M;Illeso;0;;Non accertato;Inesploso
3611111;3;21/12/2017 12:00:00;Strada Urbana;VIA DELLA LEGA LOMBARDA;in prossimità;;del civico n.;36;;Veicolo in marcia contro ostacolo accidentale;Rettilineo;Una carreggiata a doppio senso;Asciutto;Asfaltata;Verticale ed orizzontale;Sereno;Normale;Buona;Ore Diurne;0;0;0;2;12,52388;41,90855;0;1;Autovettura privata;In marcia / fermata / arresto;Smart ;-;Conducente;1961;M;Illeso;0;;Non accertato;Inesploso
3611111;3;21/12/2017 12:00:00;Strada Urbana;VIA DELLA LEGA LOMBARDA;in prossimità;;del civico n.;36;;Veicolo in marcia contro ostacolo accidentale;Rettilineo;Una carreggiata a doppio senso;Asciutto;Asfaltata;Verticale ed orizzontale;Sereno;Normale;Buona;Ore Diurne;0;0;0;2;12,52388;41,90855;0;1;Autovettura privata;In marcia / fermata / arresto;Smart ;-;Passeggero;1963;F;Illeso;0;;Non accertato;Inesploso
3611121;4;21/12/2017 13:00:00;;VIALE LINA CAVALIERI;da specificare;;;;prossimità VIA MATTEO BABINI;Scontro laterale fra veicoli in marcia;;;;;;;;;;0;0;0;2;12,51573;41,96487;0;1;Motociclo a solo;In marcia / fermata / arresto;Honda;Dylan 125;Conducente;1988;M;Illeso;0;;Non accertato;
3611121;4;21/12/2017 13:00:00;;VIALE LINA CAVALIERI;da specificare;;;;prossimità VIA MATTEO BABINI;Scontro laterale fra veicoli in marcia;;;;;;;;;;0;0;0;2;12,51573;41,96487;0;2;Autovettura privata;In marcia / fermata / arresto;Peugeot;307;Conducente;1960;F;Illeso;0;;;
3611138;12;22/12/2017 06:30:00;Provinciale;VIA LAURENTINA;all'intersezione con;VIA DELLA SOLFARATA;VIA DELLA SOLFARATA;;;Veicolo in marcia contro veicolo arresto;Incrocio;Una carreggiata a doppio senso;Asciutto;Asfaltata;Verticale ed orizzontale;Sereno;Scarso;Sufficiente;Ore Diurne;0;0;0;2;12,52351;41,69513;0;1;Autovettura privata;In marcia / fermata / arresto;Opel;Zafira;Conducente;1962;M;Illeso;0;;Non accertato;Inesploso
3611138;12;22/12/2017 06:30:00;Provinciale;VIA LAURENTINA;all'intersezione con;VIA DELLA SOLFARATA;VIA DELLA SOLFARATA;;;Veicolo in marcia contro veicolo arresto;Incrocio;Una carreggiata a doppio senso;Asciutto;Asfaltata;Verticale ed orizzontale;Sereno;Scarso;Sufficiente;Ore Diurne;0;0;0;2;12,52351;41,69513;0;2;Autovettura privata;In marcia / fermata / arresto;BMW;316;Conducente;1961;M;Illeso;0;;Utilizzato;Inesploso
3611144;4;21/12/2017 15:25:00;;VIA FRANCESCO D'OVIDIO;all'intersezione con;VIA JACOPONE DA TODI;VIA JACOPONE DA TODI;;;Scontro laterale fra veicoli in marcia;;;;;;;;;;0;0;0;2;;;0;1;Motociclo a solo;In marcia / fermata / arresto;Honda;Silve Wing;Conducente;1966;M;Illeso;0;;Non accertato;
3611144;4;21/12/2017 15:25:00;;VIA FRANCESCO D'OVIDIO;all'intersezione con;VIA JACOPONE DA TODI;VIA JACOPONE DA TODI;;;Scontro laterale fra veicoli in marcia;;;;;;;;;;0;0;0;2;;;0;2;Motociclo a solo;In marcia / fermata / arresto;BMW;R 1200 GS;Conducente;1965;M;Illeso;0;;Non accertato;
3611175;4;21/12/2017 23:20:00;;VIA DELLA BUFALOTTA;all'intersezione semaforizzata con;VIA RENATO FUCINI;VIA RENATO FUCINI;;;Scontro frontale/laterale SX fra veicoli in marcia;;;;;;;;;;0;0;0;3;;;0;1;Autovettura privata;In marcia / fermata / arresto;BMW;116 D;Conducente;1995;M;Illeso;0;;Non accertato;Esploso
3611175;4;21/12/2017 23:20:00;;VIA DELLA BUFALOTTA;all'intersezione semaforizzata con;VIA RENATO FUCINI;VIA RENATO FUCINI;;;Scontro frontale/laterale SX fra veicoli in marcia;;;;;;;;;;0;0;0;3;;;0;1;Autovettura privata;In marcia / fermata / arresto;BMW;116 D;Passeggero;1995;M;Illeso;0;;Non accertato;Esploso
3611175;4;21/12/2017 23:20:00;;VIA DELLA BUFALOTTA;all'intersezione semaforizzata con;VIA RENATO FUCINI;VIA RENATO FUCINI;;;Scontro frontale/laterale SX fra veicoli in marcia;;;;;;;;;;0;0;0;3;;;0;2;Autovettura privata;In marcia / fermata / arresto;Seat;Cordoba;Conducente;0;M;Illeso;0;;;
3611185;4;21/12/2017 21:00:00;Strada Urbana;VIALE GINO CERVI;all'intersezione con;VIA TERESA BOETTI VALVASSURA;VIA TERESA BOETTI VALVASSURA;;;Infortunio per sola frenata improvvisa;Incrocio;Due carreggiate;Asciutto;Asfaltata;Verticale ed orizzontale;Sereno;Scarso;Buona;Sufficiente;1;0;0;1;12,53237;41,96296;0;1;Motociclo a solo;In marcia / fermata / arresto;Honda;SH 125;Conducente;1998;M;Rimandato;0;NON DECEDUTO;Non accertato;
3611185;4;21/12/2017 21:00:00;Strada Urbana;VIALE GINO CERVI;all'intersezione con;VIA TERESA BOETTI VALVASSURA;VIA TERESA BOETTI VALVASSURA;;;Infortunio per sola frenata improvvisa;Incrocio;Due carreggiate;Asciutto;Asfaltata;Verticale ed orizzontale;Sereno;Scarso;Buona;Sufficiente;1;0;0;1;12,53237;41,96296;0;2;Autovettura privata;In marcia / fermata / arresto;Peugeot;107;Conducente;1962;F;Illeso;0;;Non accertato;Inesploso
3611230;1;21/12/2017 18:45:00;Strada Urbana;VIA LEONIDA BISSOLATI;all'intersezione con;VIA DI S. NICOLA DA TOLENTINO;VIA DI S. NICOLA DA TOLENTINO;;;Scontro frontale/laterale SX fra veicoli in marcia;Intersezione stradale segnalata;Una carreggiata a doppio senso;Asciutto;Asfaltata;;Sereno;Normale;Sufficiente;Sufficiente;2;0;0;0;;;0;1;Motociclo a solo;In marcia / fermata / arresto;Honda;(non accertato);Conducente;1974;M;Rimandato;0;NON DECEDUTO;;
3611230;1;21/12/2017 18:45:00;Strada Urbana;VIA LEONIDA BISSOLATI;all'intersezione con;VIA DI S. NICOLA DA TOLENTINO;VIA DI S. NICOLA DA TOLENTINO;;;Scontro frontale/laterale SX fra veicoli in marcia;Intersezione stradale segnalata;Una carreggiata a doppio senso;Asciutto;Asfaltata;;Sereno;Normale;Sufficiente;Sufficiente;2;0;0;0;;;0;2;Autovettura privata;In marcia / fermata / arresto;Daewoo;Matiz;Conducente;0;F;Rimandato;0;NON DECEDUTO;;
3611237;4;22/12/2017 05:45:00;;tangenziale / est dir. salaria;da specificare;;;;altezza VIA NOMENTANA;Veicolo in marcia contro ostacolo accidentale;;;;;;;;;;0;0;0;1;12,5063;41,93783;0;1;Autobus urbano;In marcia / fermata / arresto;TEMSA;AVENUE LF;Conducente;1981;M;Illeso;0;;Non accertato;
3611256;1;21/12/2017 18:30:00;Strada Urbana;VIALE PRETORIANO;all'intersezione con;VIA DEI FRENTANI;VIA DEI FRENTANI;;;Scontro frontale/laterale SX fra veicoli in marcia;Intersezione stradale segnalata;Una carreggiata a doppio senso;Asciutto;Asfaltata;Verticale ed orizzontale;Sereno;Intenso;Sufficiente;Sufficiente;0;0;0;3;12,50824;41,90053;0;1;Autovettura privata;In marcia / fermata / arresto;Smart ;ForTwo Coupé;Conducente;1966;F;Illeso;0;;;
3611256;1;21/12/2017 18:30:00;Strada Urbana;VIALE PRETORIANO;all'intersezione con;VIA DEI FRENTANI;VIA DEI FRENTANI;;;Scontro frontale/laterale SX fra veicoli in marcia;Intersezione stradale segnalata;Una carreggiata a doppio senso;Asciutto;Asfaltata;Verticale ed orizzontale;Sereno;Intenso;Sufficiente;Sufficiente;0;0;0;3;12,50824;41,90053;0;1;Autovettura privata;In marcia / fermata / arresto;Smart ;ForTwo Coupé;Passeggero;1995;F;Illeso;0;;;
3611256;1;21/12/2017 18:30:00;Strada Urbana;VIALE PRETORIANO;all'intersezione con;VIA DEI FRENTANI;VIA DEI FRENTANI;;;Scontro frontale/laterale SX fra veicoli in marcia;Intersezione stradale segnalata;Una carreggiata a doppio senso;Asciutto;Asfaltata;Verticale ed orizzontale;Sereno;Intenso;Sufficiente;Sufficiente;0;0;0;3;12,50824;41,90053;0;2;Motociclo a solo;In marcia / fermata / arresto;Honda;TRANSALP 600;Conducente;1986;M;Illeso;0;;;
3611289;23;21/12/2017 18:20:00;;PIAZZALE CRISTOFORO COLOMBO;in prossimità;;del civico n.;35;;Veicolo in marcia contro veicolo in sosta;;;;;;;;;;3;0;0;0;;;0;1;Autovettura di polizia;In marcia / fermata / arresto;Seat;Leon;Conducente;1990;M;Rimandato;0;NON DECEDUTO;;
3611289;23;21/12/2017 18:20:00;;PIAZZALE CRISTOFORO COLOMBO;in prossimità;;del civico n.;35;;Veicolo in marcia contro veicolo in sosta;;;;;;;;;;3;0;0;0;;;0;1;Autovettura di polizia;In marcia / fermata / arresto;Seat;Leon;Passeggero;1987;M;Rimandato;0;NON DECEDUTO;;
3611289;23;21/12/2017 18:20:00;;PIAZZALE CRISTOFORO COLOMBO;in prossimità;;del civico n.;35;;Veicolo in marcia contro veicolo in sosta;;;;;;;;;;3;0;0;0;;;0;2;Autovettura privata;In marcia / fermata / arresto;Citroen;C 5;Conducente;1946;M;Rimandato;0;NON DECEDUTO;;
3611297;17;22/12/2017 09:35:00;Strada Urbana;PIAZZALE DEGLI EROI;all'intersezione semaforizzata con;VIALE DELLE MEDAGLIE D'ORO;VIALE DELLE MEDAGLIE D'ORO;;;Scontro frontale/laterale DX fra veicoli in marcia;Intersezione semaforizzata;Una carreggiata a senso unico di marcia;Asciutto;Asfaltata;Verticale ed orizzontale;Sereno;Intenso;Buona;Ore Diurne;0;0;0;2;12,44857;41,90951;0;1;Autovettura pubblica;In marcia / fermata / arresto;Kia;Niro;Conducente;1980;M;Illeso;0;;;
3611297;17;22/12/2017 09:35:00;Strada Urbana;PIAZZALE DEGLI EROI;all'intersezione semaforizzata con;VIALE DELLE MEDAGLIE D'ORO;VIALE DELLE MEDAGLIE D'ORO;;;Scontro frontale/laterale DX fra veicoli in marcia;Intersezione semaforizzata;Una carreggiata a senso unico di marcia;Asciutto;Asfaltata;Verticale ed orizzontale;Sereno;Intenso;Buona;Ore Diurne;0;0;0;2;12,44857;41,90951;0;2;Motociclo con passeggero;In marcia / fermata / arresto;Peugeot;-;Conducente;1998;M;Illeso;0;;;
3611302;1;13/12/2017 16:30:00;Strada Urbana;VIA LABICANA;da specificare;;;;prossimità via Merulana;Veicolo in marcia contro veicolo arresto;Rettilineo;Due carreggiate;Asciutto;Asfaltata;Orizzontale;Sereno;Normale;Buona;Ore Diurne;1;0;0;0;;;0;1;Motociclo a solo;In marcia / fermata / arresto;Piaggio;Liberty;Conducente;1992;F;Rimandato;0;NON DECEDUTO;;
3611306;23;20/12/2017 20:20:00;Strada Urbana;PORTA S. PAOLO;all'intersezione con;VIA MARMORATA;VIA MARMORATA;;;Scontro frontale/laterale SX fra veicoli in marcia;Incrocio;Una carreggiata a doppio senso;Asciutto;Asfaltata;Verticale ed orizzontale;Sereno;Normale;Sufficiente;Sufficiente;0;0;0;2;12,48107;41,87715;0;1;Autovettura privata;In marcia / fermata / arresto;Opel;Vivaro;Conducente;1967;M;Illeso;0;;Non accertato;Inesploso
3611306;23;20/12/2017 20:20:00;Strada Urbana;PORTA S. PAOLO;all'intersezione con;VIA MARMORATA;VIA MARMORATA;;;Scontro frontale/laterale SX fra veicoli in marcia;Incrocio;Una carreggiata a doppio senso;Asciutto;Asfaltata;Verticale ed orizzontale;Sereno;Normale;Sufficiente;Sufficiente;0;0;0;2;12,48107;41,87715;0;2;Autovettura privata;In marcia / fermata / arresto;Kia;Rio;Conducente;1963;M;Illeso;0;;Non accertato;Inesploso
3611324;1;21/12/2017 20:00:00;Strada Urbana;VIA CRISTOFORO COLOMBO;in corrispondenza;;del palo luce n.;27;;Scontro laterale fra veicoli in marcia;Rettilineo;Più di due carreggiate;Asciutto;Asfaltata;Verticale ed orizzontale;Sereno;Normale;Sufficiente;Sufficiente;2;0;0;1;;;0;1;Autovettura privata;In marcia / fermata / arresto;Ford;Focus;Conducente;1976;F;Illeso;0;;;
3611324;1;21/12/2017 20:00:00;Strada Urbana;VIA CRISTOFORO COLOMBO;in corrispondenza;;del palo luce n.;27;;Scontro laterale fra veicoli in marcia;Rettilineo;Più di due carreggiate;Asciutto;Asfaltata;Verticale ed orizzontale;Sereno;Normale;Sufficiente;Sufficiente;2;0;0;1;;;0;2;Motociclo con passeggero;In marcia / fermata / arresto;BMW;(non accertato);Conducente;1960;M;Rifiuta cure immediate;0;NON DECEDUTO;;
3611324;1;21/12/2017 20:00:00;Strada Urbana;VIA CRISTOFORO COLOMBO;in corrispondenza;;del palo luce n.;27;;Scontro laterale fra veicoli in marcia;Rettilineo;Più di due carreggiate;Asciutto;Asfaltata;Verticale ed orizzontale;Sereno;Normale;Sufficiente;Sufficiente;2;0;0;1;;;0;2;Motociclo con passeggero;In marcia / fermata / arresto;BMW;(non accertato);Passeggero;1965;F;Rifiuta cure immediate;0;NON DECEDUTO;;
3611359;6;22/12/2017 10:30:00;Strada Urbana;VIA CASILINA;in prossimità;;del civico n.;1732;;Investimento di pedone;Rettilineo;Una carreggiata a doppio senso;Asciutto;Asfaltata;Orizzontale;Sereno;Scarso;Buona;Ore Diurne;1;0;0;1;12,66222;41,8644;0;;;;;;Pedone;2002;M;Rimandato;0;NON DECEDUTO;;
3611359;6;22/12/2017 10:30:00;Strada Urbana;VIA CASILINA;in prossimità;;del civico n.;1732;;Investimento di pedone;Rettilineo;Una carreggiata a doppio senso;Asciutto;Asfaltata;Orizzontale;Sereno;Scarso;Buona;Ore Diurne;1;0;0;1;12,66222;41,8644;0;1;Autovettura privata;In marcia / fermata / arresto;Mercedes;B 200;Conducente;1964;M;Illeso;0;;;
3611360;12;21/12/2017 07:15:00;Comunale extraurbana;VIA DI PORTA MEDAGLIA;da specificare;;;;alt. fermata autobus 702 ( Falcognana);Scontro laterale fra veicoli in marcia;Rettilineo;Una carreggiata a doppio senso;Ghiacciato;Asfaltata;Verticale;Sereno;Normale;Buona;Ore Diurne;1;0;0;4;;;0;1;Autovettura privata;In marcia / fermata / arresto;Fiat;Panda;Conducente;1997;F;Rimandato;0;NON DECEDUTO;;
3611360;12;21/12/2017 07:15:00;Comunale extraurbana;VIA DI PORTA MEDAGLIA;da specificare;;;;alt. fermata autobus 702 ( Falcognana);Scontro laterale fra veicoli in marcia;Rettilineo;Una carreggiata a doppio senso;Ghiacciato;Asfaltata;Verticale;Sereno;Normale;Buona;Ore Diurne;1;0;0;4;;;0;2;Autovettura privata;In marcia / fermata / arresto;Toyota;VERSO;Conducente;1974;F;Illeso;0;;;
3611360;12;21/12/2017 07:15:00;Comunale extraurbana;VIA DI PORTA MEDAGLIA;da specificare;;;;alt. fermata autobus 702 ( Falcognana);Scontro laterale fra veicoli in marcia;Rettilineo;Una carreggiata a doppio senso;Ghiacciato;Asfaltata;Verticale;Sereno;Normale;Buona;Ore Diurne;1;0;0;4;;;0;2;Autovettura privata;In marcia / fermata / arresto;Toyota;VERSO;Passeggero;2003;M;Illeso;0;;;
3611360;12;21/12/2017 07:15:00;Comunale extraurbana;VIA DI PORTA MEDAGLIA;da specificare;;;;alt. fermata autobus 702 ( Falcognana);Scontro laterale fra veicoli in marcia;Rettilineo;Una carreggiata a doppio senso;Ghiacciato;Asfaltata;Verticale;Sereno;Normale;Buona;Ore Diurne;1;0;0;4;;;0;2;Autovettura privata;In marcia / fermata / arresto;Toyota;VERSO;Passeggero;2004;F;Illeso;0;;;
3611360;12;21/12/2017 07:15:00;Comunale extraurbana;VIA DI PORTA MEDAGLIA;da specificare;;;;alt. fermata autobus 702 ( Falcognana);Scontro laterale fra veicoli in marcia;Rettilineo;Una carreggiata a doppio senso;Ghiacciato;Asfaltata;Verticale;Sereno;Normale;Buona;Ore Diurne;1;0;0;4;;;0;2;Autovettura privata;In marcia / fermata / arresto;Toyota;VERSO;Passeggero;2005;M;Illeso;0;;;
3611397;8;22/12/2017 09:30:00;;VIA PRENESTINA;in corrispondenza;;del civico n.;1395;;Investimento di pedone;;;;;;;;;;0;0;1;1;12,64867;41,89623;0;;;;;;Pedone;2002;M;Deceduto durante prime cure;-1;;;
3611397;8;22/12/2017 09:30:00;;VIA PRENESTINA;in corrispondenza;;del civico n.;1395;;Investimento di pedone;;;;;;;;;;0;0;1;1;12,64867;41,89623;0;1;Autovettura privata;In marcia / fermata / arresto;Fiat;Bravo;Conducente;1999;M;Illeso;0;;Non accertato;Inesploso
3611410;1;21/12/2017 21:00:00;Strada Urbana;PIAZZA BENEDETTO CAIROLI;all'intersezione con;VIA DEGLI SPECCHI;VIA DEGLI SPECCHI;;;Scontro frontale/laterale DX fra veicoli in marcia;Incrocio;Una carreggiata a senso unico di marcia;Asciutto;Acciotolata;Verticale ed orizzontale;Sereno;Normale;Sufficiente;Sufficiente;0;0;0;2;;;0;1;Autovettura privata;In marcia / fermata / arresto;Citroen;C 1;Conducente;1985;F;Illeso;0;;Utilizzato;Inesploso
3611410;1;21/12/2017 21:00:00;Strada Urbana;PIAZZA BENEDETTO CAIROLI;all'intersezione con;VIA DEGLI SPECCHI;VIA DEGLI SPECCHI;;;Scontro frontale/laterale DX fra veicoli in marcia;Incrocio;Una carreggiata a senso unico di marcia;Asciutto;Acciotolata;Verticale ed orizzontale;Sereno;Normale;Sufficiente;Sufficiente;0;0;0;2;;;0;2;Autovettura privata;In marcia / fermata / arresto;Opel;ADAM;Conducente;1968;M;Illeso;0;;Utilizzato;Inesploso
3611412;7;21/12/2017 16:20:00;Strada Urbana;VIA SANTI ROMANO;all'intersezione con;LARGO SANTI ROMANO;LARGO SANTI ROMANO;;;Scontro frontale/laterale SX fra veicoli in marcia;Intersezione stradale segnalata;Una carreggiata a doppio senso;Asciutto;Asfaltata;Verticale ed orizzontale;Sereno;Intenso;Buona;Ore Diurne;0;0;0;3;12,56806;41,86238;0;1;Autovettura privata;In marcia / fermata / arresto;Mercedes;VITO;Conducente;1979;M;Illeso;0;;;
3611412;7;21/12/2017 16:20:00;Strada Urbana;VIA SANTI ROMANO;all'intersezione con;LARGO SANTI ROMANO;LARGO SANTI ROMANO;;;Scontro frontale/laterale SX fra veicoli in marcia;Intersezione stradale segnalata;Una carreggiata a doppio senso;Asciutto;Asfaltata;Verticale ed orizzontale;Sereno;Intenso;Buona;Ore Diurne;0;0;0;3;12,56806;41,86238;0;1;Autovettura privata;In marcia / fermata / arresto;Mercedes;VITO;Passeggero;1997;M;Illeso;0;;;
3611412;7;21/12/2017 16:20:00;Strada Urbana;VIA SANTI ROMANO;all'intersezione con;LARGO SANTI ROMANO;LARGO SANTI ROMANO;;;Scontro frontale/laterale SX fra veicoli in marcia;Intersezione stradale segnalata;Una carreggiata a doppio senso;Asciutto;Asfaltata;Verticale ed orizzontale;Sereno;Intenso;Buona;Ore Diurne;0;0;0;3;12,56806;41,86238;0;2;Autovettura privata;In marcia / fermata / arresto;Peugeot;206;Conducente;1995;M;Illeso;0;;;
3611428;1;22/12/2017 01:35:00;Strada Urbana;VIA PIEMONTE;all'intersezione con;VIA SALLUSTIANA;VIA SALLUSTIANA;;;Scontro frontale/laterale SX fra veicoli in marcia;Incrocio;Una carreggiata a doppio senso;Asciutto;Asfaltata;Verticale ed orizzontale;Sereno;Scarso;Buona;Sufficiente;1;0;0;2;;;0;1;Quadriciclo;In marcia / fermata / arresto;Simpa JDM;09;Conducente;1996;M;Illeso;0;;Utilizzato;Inesploso
3611428;1;22/12/2017 01:35:00;Strada Urbana;VIA PIEMONTE;all'intersezione con;VIA SALLUSTIANA;VIA SALLUSTIANA;;;Scontro frontale/laterale SX fra veicoli in marcia;Incrocio;Una carreggiata a doppio senso;Asciutto;Asfaltata;Verticale ed orizzontale;Sereno;Scarso;Buona;Sufficiente;1;0;0;2;;;0;1;Quadriciclo;In marcia / fermata / arresto;Simpa JDM;09;Passeggero;1996;M;Rimandato;0;NON DECEDUTO;Utilizzato;Inesploso
3611428;1;22/12/2017 01:35:00;Strada Urbana;VIA PIEMONTE;all'intersezione con;VIA SALLUSTIANA;VIA SALLUSTIANA;;;Scontro frontale/laterale SX fra veicoli in marcia;Incrocio;Una carreggiata a doppio senso;Asciutto;Asfaltata;Verticale ed orizzontale;Sereno;Scarso;Buona;Sufficiente;1;0;0;2;;;0;2;Autovettura pubblica;In marcia / fermata / arresto;Toyota;Auris;Conducente;1974;M;Illeso;0;;Utilizzato;Inesploso
3611451;1;22/12/2017 11:30:00;Strada Urbana;LUNGOTEVERE IN AUGUSTA;in prossimità;;del civico n.;28;;Scontro laterale fra veicoli in marcia;Rettilineo;Una carreggiata a senso unico di marcia;Asciutto;Asfaltata;Verticale ed orizzontale;Sereno;Normale;Buona;Ore Diurne;0;0;0;4;;;0;1;Autovettura privata;In marcia / fermata / arresto;Jaguar;(ignoto);Conducente;1986;M;Illeso;0;;Non accertato;Inesploso