Protocollo;Gruppo;DataOraIncidente;Localizzazione1;STRADA1;Localizzazione2;STRADA2;Strada02;Chilometrica;DaSpecificare;NaturaIncidente;particolaritastrade;TipoStrada;FondoStradale;Pavimentazione;Segnaletica;CondizioneAtmosferica;Traffico;Visibilita;Illuminazione;NUM_FERITI;NUM_RISERVATA;NUM_MORTI;NUM_ILLESI;Longitudine;Latitudine;Confermato;Progressivo;TipoVeicolo;StatoVeicolo;Marca;Modello;TipoPersona;AnnoNascita;Sesso;Tipolesione;Deceduto;DecedutoDopo;CinturaCascoUtilizzato;Airbag;
3611451;1;22/12/2017 11:30:00;Strada Urbana;LUNGOTEVERE IN AUGUSTA;in prossimità;;del civico n.;28;;Scontro laterale fra veicoli in marcia;Rettilineo;Una carreggiata a senso unico di marcia;Asciutto;Asfaltata;Verticale ed orizzontale;Sereno;Normale;Buona;Ore Diurne;0;0;0;4;;;0;1;Autovettura privata;In marcia / fermata / arresto;Jaguar;(ignoto);Passeggero;1987;F;Illeso;0;;Non accertato;Inesploso
3611451;1;22/12/2017 11:30:00;Strada Urbana;LUNGOTEVERE IN AUGUSTA;in prossimità;;del civico n.;28;;Scontro laterale fra veicoli in marcia;Rettilineo;Una carreggiata a senso unico di marcia;Asciutto;Asfaltata;Verticale ed orizzontale;Sereno;Normale;Buona;Ore Diurne;0;0;0;4;;;0;2;Motociclo con passeggero;In marcia / fermata / arresto;Honda;SH-300;Conducente;1968;M;Illeso;0;;Utilizzato;
3611451;1;22/12/2017 11:30:00;Strada Urbana;LUNGOTEVERE IN AUGUSTA;in prossimità;;del civico n.;28;;Scontro laterale fra veicoli in marcia;Rettilineo;Una carreggiata a senso unico di marcia;Asciutto;Asfaltata;Verticale ed orizzontale;Sereno;Normale;Buona;Ore Diurne;0;0;0;4;;;0;2;Motociclo con passeggero;In marcia / fermata / arresto;Honda;SH-300;Passeggero;1976;F;Illeso;0;;Non accertato;
3611479;1;22/12/2017 09:20:00;Strada Urbana;VIA QUATTRO NOVEMBRE;all'intersezione con;VIA DI S. EUFEMIA;VIA DI S. EUFEMIA;;;Veicolo in marcia contro ostacolo accidentale;Intersezione stradale segnalata;Una carreggiata a doppio senso;Sdrucciolevole (pietrisco);In cubetti di porfido;Verticale ed orizzontale;Sereno;Normale;Buona;Ore Diurne;0;0;0;1;;;0;1;Motociclo a solo;In marcia / fermata / arresto;Honda;SH150;Conducente;1983;M;Illeso;0;;Non accertato;
3611491;10;22/12/2017 14:50:00;Strada Urbana;VIA CESARE POLACCO;all'intersezione con;VIA TORRE DI MEZZAVIA;VIA TORRE DI MEZZAVIA;;;Scontro laterale fra veicoli in marcia;Incrocio;Una carreggiata a doppio senso;Asciutto;Asfaltata;Assente;Sereno;Normale;Sufficiente;Ore Diurne;2;0;0;2;12,59439;41,83612;0;1;Autovettura privata;In marcia / fermata / arresto;Peugeot;107;Conducente;1997;M;Illeso;0;;Non accertato;Inesploso
3611491;10;22/12/2017 14:50:00;Strada Urbana;VIA CESARE POLACCO;all'intersezione con;VIA TORRE DI MEZZAVIA;VIA TORRE DI MEZZAVIA;;;Scontro laterale fra veicoli in marcia;Incrocio;Una carreggiata a doppio senso;Asciutto;Asfaltata;Assente;Sereno;Normale;Sufficiente;Ore Diurne;2;0;0;2;12,59439;41,83612;0;1;Autovettura privata;In marcia / fermata / arresto;Peugeot;107;Passeggero;1999;M;Rifiuta cure immediate;0;NON DECEDUTO;Non accertato;Inesploso
3611491;10;22/12/2017 14:50:00;Strada Urbana;VIA CESARE POLACCO;all'intersezione con;VIA TORRE DI MEZZAVIA;VIA TORRE DI MEZZAVIA;;;Scontro laterale fra veicoli in marcia;Incrocio;Una carreggiata a doppio senso;Asciutto;Asfaltata;Assente;Sereno;Normale;Sufficiente;Ore Diurne;2;0;0;2;12,59439;41,83612;0;2;Autovettura privata;In marcia / fermata / arresto;Opel;AGILA;Conducente;1948;M;Illeso;0;;;
3611539;20;22/12/2017 10:30:00;Strada Urbana;VIALE DI TOR DI QUINTO;in corrispondenza;;del civico n.;37;;Tamponamento;Rettilineo;Una carreggiata a doppio senso;Asciutto;Asfaltata;Verticale ed orizzontale;Sereno;Intenso;Buona;Ore Diurne;0;0;0;2;12,47306;41,93745;0;1;Autovettura privata;In marcia / fermata / arresto;Jeep;Renegade;Conducente;1957;M;Illeso;0;;Non accertato;
3611539;20;22/12/2017 10:30:00;Strada Urbana;VIALE DI TOR DI QUINTO;in corrispondenza;;del civico n.;37;;Tamponamento;Rettilineo;Una carreggiata a doppio senso;Asciutto;Asfaltata;Verticale ed orizzontale;Sereno;Intenso;Buona;Ore Diurne;0;0;0;2;12,47306;41,93745;0;2;Autovettura privata;In marcia / fermata / arresto;Volkswagen;Caravelle;Conducente;1989;M;Illeso;0;;Non accertato;
3611614;4;22/12/2017 09:55:00;Strada Urbana;VIA DEI PRATI FISCALI;da specificare;;;;altezza VIA DELLE CAVE FISCALI;Investimento di pedone;Rettilineo;Due carreggiate;Asciutto;Asfaltata;Verticale ed orizzontale;Sereno;Intenso;Buona;Ore Diurne;0;1;0;1;12,52484;41,94599;0;;;;;;Pedone;1939;F;Prognosi riservata;0;NON DECEDUTO;;
3611614;4;22/12/2017 09:55:00;Strada Urbana;VIA DEI PRATI FISCALI;da specificare;;;;altezza VIA DELLE CAVE FISCALI;Investimento di pedone;Rettilineo;Due carreggiate;Asciutto;Asfaltata;Verticale ed orizzontale;Sereno;Intenso;Buona;Ore Diurne;0;1;0;1;12,52484;41,94599;0;1;Altro;In marcia / fermata / arresto;Iveco;Magirus;Conducente;1980;M;Illeso;0;;Non accertato;Inesistente
3611625;10;22/12/2017 15:35:00;Strada Urbana;VIA FRANCESCO GENTILE;in prossimità;;del civico n.;8;;Scontro laterale fra veicoli in marcia;Rettilineo;Una carreggiata a doppio senso;Asciutto;Asfaltata;Assente;Sereno;Normale;Sufficiente;Ore Diurne;1;0;0;1;12,58727;41,85313;0;1;Autovettura privata;In marcia / fermata / arresto;Daewoo;Klya Matiz;Conducente;1969;M;Illeso;0;;Non accertato;Inesploso
3611625;10;22/12/2017 15:35:00;Strada Urbana;VIA FRANCESCO GENTILE;in prossimità;;del civico n.;8;;Scontro laterale fra veicoli in marcia;Rettilineo;Una carreggiata a doppio senso;Asciutto;Asfaltata;Assente;Sereno;Normale;Sufficiente;Ore Diurne;1;0;0;1;12,58727;41,85313;0;2;Ciclomotore;In marcia / fermata / arresto;Aprilia;Scarabeo;Conducente;1999;M;Rifiuta cure immediate;0;NON DECEDUTO;Non accertato;
3611628;18;21/12/2017 17:20:00;;VIA MATTIA BATTISTINI;in prossimità;;del civico n.;196;;Scontro laterale fra veicoli in marcia;;;;;;;;;;0;0;0;2;12,41847;41,91293;0;1;Autovettura privata;In marcia / fermata / arresto;Nissan;QASHQAI;Conducente;0;M;Illeso;0;;;
3611628;18;21/12/2017 17:20:00;;VIA MATTIA BATTISTINI;in prossimità;;del civico n.;196;;Scontro laterale fra veicoli in marcia;;;;;;;;;;0;0;0;2;12,41847;41,91293;0;2;Autovettura privata;In marcia / fermata / arresto;Volkswagen;Golf;Conducente;0;M;Illeso;0;;;
3611631;18;22/12/2017 15:35:00;Strada Urbana;VIA ANASTASIO II;da specificare;;;;pros. intersezione via Giacinto de Vecchi Pieralic;Tamponamento;Rettilineo;Una carreggiata a senso unico di marcia;Asciutto;Asfaltata;Verticale ed orizzontale;Sereno;Normale;Buona;Ore Diurne;0;0;0;3;12,44248;41,89993;0;1;Autocarro inferiore 35 q.;In marcia / fermata / arresto;Kia;SD 0132;Conducente;1962;M;Illeso;0;;Non accertato;Inesistente
3611631;18;22/12/2017 15:35:00;Strada Urbana;VIA ANASTASIO II;da specificare;;;;pros. intersezione via Giacinto de Vecchi Pieralic;Tamponamento;Rettilineo;Una carreggiata a senso unico di marcia;Asciutto;Asfaltata;Verticale ed orizzontale;Sereno;Normale;Buona;Ore Diurne;0;0;0;3;12,44248;41,89993;0;1;Autocarro inferiore 35 q.;In marcia / fermata / arresto;Kia;SD 0132;Passeggero;1986;M;Illeso;0;;Non accertato;Inesistente
3611631;18;22/12/2017 15:35:00;Strada Urbana;VIA ANASTASIO II;da specificare;;;;pros. intersezione via Giacinto de Vecchi Pieralic;Tamponamento;Rettilineo;Una carreggiata a senso unico di marcia;Asciutto;Asfaltata;Verticale ed orizzontale;Sereno;Normale;Buona;Ore Diurne;0;0;0;3;12,44248;41,89993;0;2;Autovettura privata;In marcia / fermata / arresto;Renault;Clio;Conducente;1979;M;Illeso;0;;Non accertato;Inesploso
3611633;18;22/12/2017 07:30:00;Strada Urbana;VIA DI BOCCEA;in prossimità;;del civico n.;13;;Investimento di pedone;Rettilineo;Una carreggiata a doppio senso;Asciutto;Asfaltata;Verticale ed orizzontale;Sereno;Normale;Buona;Ore Diurne;1;0;0;1;12,42911;41,89909;0;;;;;;Pedone;1950;F;Rimandato;0;NON DECEDUTO;;
3611633;18;22/12/2017 07:30:00;Strada Urbana;VIA DI BOCCEA;in prossimità;;del civico n.;13;;Investimento di pedone;Rettilineo;Una carreggiata a doppio senso;Asciutto;Asfaltata;Verticale ed orizzontale;Sereno;Normale;Buona;Ore Diurne;1;0;0;1;12,42911;41,89909;0;1;Autovettura privata;In marcia / fermata / arresto;Renault;Koleos;Conducente;1960;M;Illeso;0;;Non accertato;Inesploso
3611638;18;22/12/2017 09:30:00;;VIA AURELIA;in prossimità;;della chilometrica;10.05;;Tamponamento Multiplo;;;;;;;;;;0;0;0;4;12,38873;41,88752;0;1;Autobus turistico;In marcia / fermata / arresto;(ignoto);(ignoto);Conducente;0;M;Illeso;0;;;
3611638;18;22/12/2017 09:30:00;;VIA AURELIA;in prossimità;;della chilometrica;10.05;;Tamponamento Multiplo;;;;;;;;;;0;0;0;4;12,38873;41,88752;0;2;Autocarro inferiore 35 q.;In marcia / fermata / arresto;Fiat;Iveco 35;Conducente;0;M;Illeso;0;;;
3611638;18;22/12/2017 09:30:00;;VIA AURELIA;in prossimità;;della chilometrica;10.05;;Tamponamento Multiplo;;;;;;;;;;0;0;0;4;12,38873;41,88752;0;3;Autovettura privata;In marcia / fermata / arresto;Opel;Mokka;Conducente;0;M;Illeso;0;;;
3611638;18;22/12/2017 09:30:00;;VIA AURELIA;in prossimità;;della chilometrica;10.05;;Tamponamento Multiplo;;;;;;;;;;0;0;0;4;12,38873;41,88752;0;4;Autovettura privata;In marcia / fermata / arresto;Fiat;Multipla;Conducente;0;M;Illeso;0;;;
3611647;16;21/12/2017 13:45:00;;VIA DI VAL TELLINA;in prossimità;;del civico n.;83;;Investimento di pedone;;;;;;;;;;0;0;0;2;;;0;;;;;;Pedone;0;F;Illeso;0;;;
3611647;16;21/12/2017 13:45:00;;VIA DI VAL TELLINA;in prossimità;;del civico n.;83;;Investimento di pedone;;;;;;;;;;0;0;0;2;;;0;1;Autovettura privata;In marcia / fermata / arresto;Dacia;Sandero;Conducente;0;F;Illeso;0;;;
3611655;16;21/12/2017 12:45:00;;VIA PASQUALE REVOLTELLA;in corrispondenza;;del civico n.;77;;Veicoli in marcia contro veicoli fermi;;;;;;;;;;0;0;0;1;;;0;1;Autovettura privata;In marcia / fermata / arresto;Peugeot;3008;Conducente;0;M;Illeso;0;;;
3611684;16;21/12/2017 18:00:00;;VIA DI BRAVETTA;all'intersezione con;VIA DEGLI AMODEI;VIA DEGLI AMODEI;;;Scontro frontale/laterale DX fra veicoli in marcia;;;;;;;;;;0;0;0;2;;;0;1;Autovettura privata;In marcia / fermata / arresto;Ford;Fusion;Conducente;0;M;Illeso;0;;;
3611684;16;21/12/2017 18:00:00;;VIA DI BRAVETTA;all'intersezione con;VIA DEGLI AMODEI;VIA DEGLI AMODEI;;;Scontro frontale/laterale DX fra veicoli in marcia;;;;;;;;;;0;0;0;2;;;0;2;Motociclo a solo;In marcia / fermata / arresto;Honda;Forza;Conducente;0;M;Illeso;0;;;
3611700;16;21/12/2017 18:50:00;;VIA AURELIA ANTICA;all'intersezione con;VIA DI S. PANCRAZIO;VIA DI S. PANCRAZIO;;;Scontro frontale/laterale SX fra veicoli in marcia;;;;;;;;;;0;0;0;3;;;0;1;Autovettura privata;In marcia / fermata / arresto;Renault;NEW TWINGO;Conducente;0;M;Illeso;0;;;
3611700;16;21/12/2017 18:50:00;;VIA AURELIA ANTICA;all'intersezione con;VIA DI S. PANCRAZIO;VIA DI S. PANCRAZIO;;;Scontro frontale/laterale SX fra veicoli in marcia;;;;;;;;;;0;0;0;3;;;0;1;Autovettura privata;In marcia / fermata / arresto;Renault;NEW TWINGO;Passeggero;0;M;Illeso;0;;;
3611700;16;21/12/2017 18:50:00;;VIA AURELIA ANTICA;all'intersezione con;VIA DI S. PANCRAZIO;VIA DI S. PANCRAZIO;;;Scontro frontale/laterale SX fra veicoli in marcia;;;;;;;;;;0;0;0;3;;;0;2;Autovettura privata;In marcia / fermata / arresto;Peugeot;208;Conducente;0;F;Illeso;0;;;
3611715;16;21/12/2017 18:50:00;;VIALE DEI COLLI PORTUENSI;in prossimità;;del civico n.;589;;Scontro laterale fra veicoli in marcia;;;;;;;;;;0;0;0;1;;;0;1;Autovettura privata;In marcia / fermata / arresto;Nissan;Micra;Conducente;0;M;Illeso;0;;;
3611725;16;22/12/2017 10:50:00;;VIA FRANCESCO MASSI;in corrispondenza;;del civico n.;42;;Scontro laterale fra veicoli in marcia;;;;;;;;;;0;0;0;2;;;0;1;Autovettura privata;In marcia / fermata / arresto;Volkswagen;TIGUAN;Conducente;0;M;Illeso;0;;;
3611725;16;22/12/2017 10:50:00;;VIA FRANCESCO MASSI;in corrispondenza;;del civico n.;42;;Scontro laterale fra veicoli in marcia;;;;;;;;;;0;0;0;2;;;0;2;Ciclomotore;In marcia / fermata / arresto;Honda;.;Conducente;0;F;Illeso;0;;;
3611777;16;22/12/2017 12:10:00;;VIA EDOARDO JENNER;in corrispondenza;;del civico n.;56B;;Investimento di pedone;;;;;;;;;;0;0;0;3;;;0;;;;;;Pedone;0;F;Illeso;0;;;
3611777;16;22/12/2017 12:10:00;;VIA EDOARDO JENNER;in corrispondenza;;del civico n.;56B;;Investimento di pedone;;;;;;;;;;0;0;0;3;;;0;1;Autovettura privata;In marcia / fermata / arresto;Citroen;Xsara;Conducente;0;M;Illeso;0;;;
3611777;16;22/12/2017 12:10:00;;VIA EDOARDO JENNER;in corrispondenza;;del civico n.;56B;;Investimento di pedone;;;;;;;;;;0;0;0;3;;;0;1;Autovettura privata;In marcia / fermata / arresto;Citroen;Xsara;Passeggero;0;M;Illeso;0;;;
3611783;17;21/12/2017 18:10:00;Strada Urbana;VIALE ANGELICO;in prossimità;;del civico n.;65;;Veicolo in marcia contro veicolo in sosta;Rettilineo;Più di due carreggiate;Asciutto;Asfaltata;Verticale ed orizzontale;Sereno;Normale;Sufficiente;Sufficiente;1;0;0;1;12,45826;41,91629;0;2;Autovettura privata;In marcia / fermata / arresto;Lancia;Ypsilon;Conducente;1936;F;Rimandato;0;NON DECEDUTO;;
3611783;17;21/12/2017 18:10:00;Strada Urbana;VIALE ANGELICO;in prossimità;;del civico n.;65;;Veicolo in marcia contro veicolo in sosta;Rettilineo;Più di due carreggiate;Asciutto;Asfaltata;Verticale ed orizzontale;Sereno;Normale;Sufficiente;Sufficiente;1;0;0;1;12,45826;41,91629;0;3;Quadriciclo leggero;In marcia / fermata / arresto;AIXAM;-;Conducente;2000;M;Illeso;0;;;
3611794;10;22/12/2017 17:00:00;Strada Urbana;VIALE LUIGI SCHIAVONETTI;all'intersezione con;VIA BERNARDINO ALIMENA;VIA BERNARDINO ALIMENA;;;Scontro laterale fra veicoli in marcia;Rotatoria;Una carreggiata a senso unico di marcia;Asciutto;Asfaltata;Verticale ed orizzontale;Sereno;Normale;Sufficiente;Sufficiente;0;0;0;3;;;0;1;Autovettura privata;In marcia / fermata / arresto;Volkswagen;Polo;Conducente;1963;F;Illeso;0;;Non accertato;Inesploso
3611794;10;22/12/2017 17:00:00;Strada Urbana;VIALE LUIGI SCHIAVONETTI;all'intersezione con;VIA BERNARDINO ALIMENA;VIA BERNARDINO ALIMENA;;;Scontro laterale fra veicoli in marcia;Rotatoria;Una carreggiata a senso unico di marcia;Asciutto;Asfaltata;Verticale ed orizzontale;Sereno;Normale;Sufficiente;Sufficiente;0;0;0;3;;;0;2;Autovettura privata;In marcia / fermata / arresto;Nissan;Juke;Conducente;1954;M;Illeso;0;;Non accertato;Inesploso
3611794;10;22/12/2017 17:00:00;Strada Urbana;VIALE LUIGI SCHIAVONETTI;all'intersezione con;VIA BERNARDINO ALIMENA;VIA BERNARDINO ALIMENA;;;Scontro laterale fra veicoli in marcia;Rotatoria;Una carreggiata a senso unico di marcia;Asciutto;Asfaltata;Verticale ed orizzontale;Sereno;Normale;Sufficiente;Sufficiente;0;0;0;3;;;0;2;Autovettura privata;In marcia / fermata / arresto;Nissan;Juke;Passeggero;1947;M;Illeso;0;;Non accertato;Inesploso
3611803;3;21/12/2017 17:30:00;;VIA BARI;in corrispondenza;;del civico n.;3;;Investimento di pedone;;;;;;;;;;1;0;0;2;;;0;;;;;;Pedone;0;F;Illeso;0;;;
3611803;3;21/12/2017 17:30:00;;VIA BARI;in corrispondenza;;del civico n.;3;;Investimento di pedone;;;;;;;;;;1;0;0;2;;;0;;;;;;Pedone;0;F;Rifiuta cure immediate;0;NON DECEDUTO;;
3611803;3;21/12/2017 17:30:00;;VIA BARI;in corrispondenza;;del civico n.;3;;Investimento di pedone;;;;;;;;;;1;0;0;2;;;0;1;Autovettura privata;In marcia / fermata / arresto;Renault;Clio;Conducente;0;M;Illeso;0;;;
3611818;3;21/12/2017 17:00:00;;CIRCONVALLAZIONE TIBURTINA;da specificare;;;;DIR.SALARIA ALT. USCITA P.LE DEL VERANO;Ribaltamento senza urto contro ostacolo fisso;;;;;;;;;;0;0;0;1;;;0;1;Autovettura privata;In marcia / fermata / arresto;Ford;Mondeo;Conducente;0;M;Illeso;0;;;
3611864;15;22/12/2017 16:40:00;;VIA POGGIO VERDE;in prossimità;;del civico n.;455;;Veicolo in marcia contro ostacolo fisso;;;;;;;;;;0;0;0;1;;;0;1;Autobus urbano;In marcia / fermata / arresto;Breda;Menarinibus;Conducente;0;M;Illeso;0;;;
3611867;15;22/12/2017 14:15:00;;VIA DELLA CASETTA MATTEI;all'intersezione con;VIA DEI CANDIANO;VIA DEI CANDIANO;;;Veicolo in marcia contro veicolo fermo;;;;;;;;;;0;0;0;1;;;0;1;Autovettura privata;In marcia / fermata / arresto;Seat;Leon;Conducente;0;F;Illeso;0;;;
3611869;15;21/12/2017 14:30:00;;VIA DELLA MAGLIANA NUOVA;in prossimità;;del civico n.;330;;Tamponamento Multiplo;;;;;;;;;;0;0;0;5;;;0;1;Autovettura privata;In marcia / fermata / arresto;Volkswagen;Golf;Conducente;0;M;Illeso;0;;;
3611869;15;21/12/2017 14:30:00;;VIA DELLA MAGLIANA NUOVA;in prossimità;;del civico n.;330;;Tamponamento Multiplo;;;;;;;;;;0;0;0;5;;;0;1;Autovettura privata;In marcia / fermata / arresto;Volkswagen;Golf;Passeggero;0;F;Illeso;0;;;
3611869;15;21/12/2017 14:30:00;;VIA DELLA MAGLIANA NUOVA;in prossimità;;del civico n.;330;;Tamponamento Multiplo;;;;;;;;;;0;0;0;5;;;0;1;Autovettura privata;In marcia / fermata / arresto;Volkswagen;Golf;Passeggero;0;M;Illeso;0;;;
3611869;15;21/12/2017 14:30:00;;VIA DELLA MAGLIANA NUOVA;in prossimità;;del civico n.;330;;Tamponamento Multiplo;;;;;;;;;;0;0;0;5;;;0;2;Autovettura privata;In marcia / fermata / arresto;Volkswagen;Polo;Conducente;0;F;Illeso;0;;;
3611869;15;21/12/2017 14:30:00;;VIA DELLA MAGLIANA NUOVA;in prossimità;;del civico n.;330;;Tamponamento Multiplo;;;;;;;;;;0;0;0;5;;;0;3;Autovettura privata;In marcia / fermata / arresto;Ford;Galaxy;Conducente;0;M;Illeso;0;;;
3611872;15;22/12/2017 15:15:00;;PONTE GUGLIELMO MARCONI;all'intersezione semaforizzata con;PIAZZA AUGUSTO RIGHI;PIAZZA AUGUSTO RIGHI;;;Tamponamento;;;;;;;;;;1;0;0;1;12,4706;41,85987;0;1;Autovettura privata;In marcia / fermata / arresto;Fiat;Seicento;Conducente;1976;;Illeso;0;;;
3611872;15;22/12/2017 15:15:00;;PONTE GUGLIELMO MARCONI;all'intersezione semaforizzata con;PIAZZA AUGUSTO RIGHI;PIAZZA AUGUSTO RIGHI;;;Tamponamento;;;;;;;;;;1;0;0;1;12,4706;41,85987;0;2;Ciclomotore;In marcia / fermata / arresto;Malaguti;F12;Conducente;1992;M;Rifiuta cure immediate;0;NON DECEDUTO;;
3612025;6;22/12/2017 23:00:00;;VIA PRENESTINA;all'intersezione con;VIALE RONCHI;VIALE RONCHI;;;Tamponamento;;;;;;;;;;1;0;0;2;;;0;1;Autovettura privata;In marcia / fermata / arresto;Fiat;Punto;Conducente;1994;M;Illeso;0;;;
3612025;6;22/12/2017 23:00:00;;VIA PRENESTINA;all'intersezione con;VIALE RONCHI;VIALE RONCHI;;;Tamponamento;;;;;;;;;;1;0;0;2;;;0;2;Autovettura privata;In marcia / fermata / arresto;Peugeot;206;Conducente;1962;M;Illeso;0;;;
3612025;6;22/12/2017 23:00:00;;VIA PRENESTINA;all'intersezione con;VIALE RONCHI;VIALE RONCHI;;;Tamponamento;;;;;;;;;;1;0;0;2;;;0;2;Autovettura privata;In marcia / fermata / arresto;Peugeot;206;Passeggero;0;M;Rimandato;0;NON DECEDUTO;;
3612027;6;22/12/2017 16:00:00;Strada Urbana;VIA GIACOMO DE' CONTI;all'intersezione con;VIA PRENESTINA;VIA PRENESTINA;;;Scontro laterale fra veicoli in marcia;Incrocio;Una carreggiata a doppio senso;Asciutto;Asfaltata;Verticale ed orizzontale;Sereno;Normale;Buona;Ore Diurne;0;0;0;2;12,53956;41,89226;-1;1;Autocarro inferiore 35 q.;In marcia / fermata / arresto;Renault;Master;Conducente;1984;M;Illeso;0;;;
3612027;6;22/12/2017 16:00:00;Strada Urbana;VIA GIACOMO DE' CONTI;all'intersezione con;VIA PRENESTINA;VIA PRENESTINA;;;Scontro laterale fra veicoli in marcia;Incrocio;Una carreggiata a doppio senso;Asciutto;Asfaltata;Verticale ed orizzontale;Sereno;Normale;Buona;Ore Diurne;0;0;0;2;12,53956;41,89226;-1;2;Autovettura privata;In marcia / fermata / arresto;Citroen;Xsara;Conducente;1978;M;Illeso;0;;;
3612096;11;22/12/2017 10:35:00;Strada Urbana;VIALE DEL TINTORETTO;in corrispondenza;;del civico n.;310;;Veicolo in marcia contro veicolo in sosta;Rettilineo;Due carreggiate;Asciutto;Asfaltata;Assente;Sereno;Normale;Buona;Ore Diurne;0;0;0;3;12,49047;41,83318;0;1;Autovettura privata;In marcia / fermata / arresto;Toyota;Yaris;Conducente;1947;F;Illeso;0;;Non accertato;Inesploso
3612096;11;22/12/2017 10:35:00;Strada Urbana;VIALE DEL TINTORETTO;in corrispondenza;;del civico n.;310;;Veicolo in marcia contro veicolo in sosta;Rettilineo;Due carreggiate;Asciutto;Asfaltata;Assente;Sereno;Normale;Buona;Ore Diurne;0;0;0;3;12,49047;41,83318;0;1;Autovettura privata;In marcia / fermata / arresto;Toyota;Yaris;Passeggero;1977;F;Illeso;0;;;
3612096;11;22/12/2017 10:35:00;Strada Urbana;VIALE DEL TINTORETTO;in corrispondenza;;del civico n.;310;;Veicolo in marcia contro veicolo in sosta;Rettilineo;Due carreggiate;Asciutto;Asfaltata;Assente;Sereno;Normale;Buona;Ore Diurne;0;0;0;3;12,49047;41,83318;0;1;Autovettura privata;In marcia / fermata / arresto;Toyota;Yaris;Passeggero;2016;M;Illeso;0;;;
3612110;11;22/12/2017 17:00:00;Strada Urbana;VIA DEL SERAFICO;all'intersezione semaforizzata con;VIA LAURENTINA;VIA LAURENTINA;;;Scontro laterale fra veicoli in marcia;Intersezione semaforizzata;Una carreggiata a doppio senso;Asciutto;Asfaltata;Verticale ed orizzontale;Sereno;Normale;Buona;Ore Diurne;0;0;0;2;12,48053;41,82992;-1;1;Autovettura privata;In marcia / fermata / arresto;Opel;Astra;Conducente;1960;M;Illeso;0;;;
3612110;11;22/12/2017 17:00:00;Strada Urbana;VIA DEL SERAFICO;all'intersezione semaforizzata con;VIA LAURENTINA;VIA LAURENTINA;;;Scontro laterale fra veicoli in marcia;Intersezione semaforizzata;Una carreggiata a doppio senso;Asciutto;Asfaltata;Verticale ed orizzontale;Sereno;Normale;Buona;Ore Diurne;0;0;0;2;12,48053;41,82992;-1;2;Motociclo a solo;In marcia / fermata / arresto;KTM;125 cc.;Conducente;2000;M;Illeso;0;;;
3612119;11;22/12/2017 14:20:00;Strada Urbana;VIA APPIA PIGNATELLI;in prossimità;;del palo luce n.;59;;Scontro laterale fra veicoli in marcia;Rettilineo;Una carreggiata a doppio senso;Asciutto;Asfaltata;Orizzontale;Sereno;Normale;Buona;Ore Diurne;1;0;0;1;12,53573;41,84612;0;1;Autovettura privata;In marcia / fermata / arresto;Volkswagen;Polo;Conducente;1982;F;Illeso;0;;;
3612119;11;22/12/2017 14:20:00;Strada Urbana;VIA APPIA PIGNATELLI;in prossimità;;del palo luce n.;59;;Scontro laterale fra veicoli in marcia;Rettilineo;Una carreggiata a doppio senso;Asciutto;Asfaltata;Orizzontale;Sereno;Normale;Buona;Ore Diurne;1;0;0;1;12,53573;41,84612;0;2;Motociclo a solo;In marcia / fermata / arresto;Aprilia;Scarabeo;Conducente;1971;M;Rimandato;0;NON DECEDUTO;;
3612124;11;22/12/2017 10:30:00;Strada Urbana;VIA ANDREA MANTEGNA;all'intersezione semaforizzata con;VIALE DI TOR MARANCIA;VIALE DI TOR MARANCIA;;;Scontro laterale fra veicoli in marcia;Intersezione semaforizzata;Una carreggiata a doppio senso;Asciutto;Asfaltata;Verticale ed orizzontale;Sereno;Normale;Buona;Ore Diurne;0;0;0;5;12,4979;41,85352;-1;1;Autovettura privata;In marcia / fermata / arresto;Ford;Fiesta;Conducente;1979;M;Illeso;0;;Non accertato;Inesploso
3612124;11;22/12/2017 10:30:00;Strada Urbana;VIA ANDREA MANTEGNA;all'intersezione semaforizzata con;VIALE DI TOR MARANCIA;VIALE DI TOR MARANCIA;;;Scontro laterale fra veicoli in marcia;Intersezione semaforizzata;Una carreggiata a doppio senso;Asciutto;Asfaltata;Verticale ed orizzontale;Sereno;Normale;Buona;Ore Diurne;0;0;0;5;12,4979;41,85352;-1;1;Autovettura privata;In marcia / fermata / arresto;Ford;Fiesta;Passeggero;1979;F;Illeso;0;;;
3612124;11;22/12/2017 10:30:00;Strada Urbana;VIA ANDREA MANTEGNA;all'intersezione semaforizzata con;VIALE DI TOR MARANCIA;VIALE DI TOR MARANCIA;;;Scontro laterale fra veicoli in marcia;Intersezione semaforizzata;Una carreggiata a doppio senso;Asciutto;Asfaltata;Verticale ed orizzontale;Sereno;Normale;Buona;Ore Diurne;0;0;0;5;12,4979;41,85352;-1;2;Autovettura privata;In marcia / fermata / arresto;Ford;Fiesta;Conducente;1968;F;Illeso;0;;Non accertato;Inesploso
3612124;11;22/12/2017 10:30:00;Strada Urbana;VIA ANDREA MANTEGNA;all'intersezione semaforizzata con;VIALE DI TOR MARANCIA;VIALE DI TOR MARANCIA;;;Scontro laterale fra veicoli in marcia;Intersezione semaforizzata;Una carreggiata a doppio senso;Asciutto;Asfaltata;Verticale ed orizzontale;Sereno;Normale;Buona;Ore Diurne;0;0;0;5;12,4979;41,85352;-1;2;Autovettura privata;In marcia / fermata / arresto;Ford;Fiesta;Passeggero;1936;F;Illeso;0;;Non accertato;
3612124;11;22/12/2017 10:30:00;Strada Urbana;VIA ANDREA MANTEGNA;all'intersezione semaforizzata con;VIALE DI TOR MARANCIA;VIALE DI TOR MARANCIA;;;Scontro laterale fra veicoli in marcia;Intersezione semaforizzata;Una carreggiata a doppio senso;Asciutto;Asfaltata;Verticale ed orizzontale;Sereno;Normale;Buona;Ore Diurne;0;0;0;5;12,4979;41,85352;-1;2;Autovettura privata;In marcia / fermata / arresto;Ford;Fiesta;Passeggero;1971;F;Illeso;0;;Non accertato;Inesploso