Protocollo;Gruppo;DataOraIncidente;Localizzazione1;STRADA1;Localizzazione2;STRADA2;Strada02;Chilometrica;DaSpecificare;NaturaIncidente;particolaritastrade;TipoStrada;FondoStradale;Pavimentazione;Segnaletica;CondizioneAtmosferica;Traffico;Visibilita;Illuminazione;NUM_FERITI;NUM_RISERVATA;NUM_MORTI;NUM_ILLESI;Longitudine;Latitudine;Confermato;Progressivo;TipoVeicolo;StatoVeicolo;Marca;Modello;TipoPersona;AnnoNascita;Sesso;Tipolesione;Deceduto;DecedutoDopo;CinturaCascoUtilizzato;Airbag;
3613205;6;23/12/2017 08:55:00;Strada Urbana;VIA CASILINA;all'intersezione con;VIA DEL MANDRIONE;VIA DEL MANDRIONE;;;Scontro frontale fra veicoli in marcia;Intersezione non regolata/non segnalata;Due carreggiate;Asciutto;Asfaltata;Assente;Sole radente;Normale;Buona;Ore Diurne;1;0;0;1;12,53091;41,88424;-1;2;Autovettura privata;In marcia / fermata / arresto;Renault;Megane;Conducente;1963;M;Rifiuta cure immediate;0;NON DECEDUTO;;
3613206;20;24/12/2017 04:40:00;Strada Urbana;VIA FLAMINIA NUOVA;da specificare;;;;in prossimità di VIA BOMARZO;Veicolo in marcia contro ostacolo fisso;Rettilineo;Una carreggiata a doppio senso;Asciutto;Asfaltata;Orizzontale;Sereno;Scarso;Insufficiente;Insufficiente;0;0;0;1;12,47917;41,96087;-1;1;Autovettura privata;In marcia / fermata / arresto;Renault;Clio;Conducente;1994;M;Illeso;0;;Non accertato;Inesploso
3613228;6;23/12/2017 11:50:00;Strada Urbana;VIALE PARTENOPE;in corrispondenza;;del civico n.;40;;Veicolo in marcia contro veicolo fermo;Rettilineo;Due carreggiate;Asciutto;Asfaltata;Orizzontale;Sereno;Normale;Buona;Ore Diurne;0;0;0;2;12,55088;41,89197;0;1;Autovettura privata;In marcia / fermata / arresto;Mercedes;Classe B;Conducente;1972;F;Illeso;0;;;
3613228;6;23/12/2017 11:50:00;Strada Urbana;VIALE PARTENOPE;in corrispondenza;;del civico n.;40;;Veicolo in marcia contro veicolo fermo;Rettilineo;Due carreggiate;Asciutto;Asfaltata;Orizzontale;Sereno;Normale;Buona;Ore Diurne;0;0;0;2;12,55088;41,89197;0;2;Autovettura privata;In marcia / fermata / arresto;Suzuki;SX 4;Conducente;1982;F;Illeso;0;;;
3613232;6;23/12/2017 17:15:00;Strada Urbana;VIA LUCHINO DAL VERME;in corrispondenza;;del civico n.;37;;Scontro laterale fra veicoli in marcia;Rettilineo;Una carreggiata a senso unico di marcia;Asciutto;Asfaltata;Verticale ed orizzontale;Sereno;Normale;Buona;Sufficiente;0;0;0;3;12,53689;41,88872;-1;1;Autovettura privata;In marcia / fermata / arresto;Opel;AGILA;Conducente;1953;M;Illeso;0;;;
3613232;6;23/12/2017 17:15:00;Strada Urbana;VIA LUCHINO DAL VERME;in corrispondenza;;del civico n.;37;;Scontro laterale fra veicoli in marcia;Rettilineo;Una carreggiata a senso unico di marcia;Asciutto;Asfaltata;Verticale ed orizzontale;Sereno;Normale;Buona;Sufficiente;0;0;0;3;12,53689;41,88872;-1;1;Autovettura privata;In marcia / fermata / arresto;Opel;AGILA;Passeggero;1937;M;Illeso;0;;;
3613232;6;23/12/2017 17:15:00;Strada Urbana;VIA LUCHINO DAL VERME;in corrispondenza;;del civico n.;37;;Scontro laterale fra veicoli in marcia;Rettilineo;Una carreggiata a senso unico di marcia;Asciutto;Asfaltata;Verticale ed orizzontale;Sereno;Normale;Buona;Sufficiente;0;0;0;3;12,53689;41,88872;-1;2;Autovettura privata;In marcia / fermata / arresto;Ford;Fiesta;Conducente;1959;M;Illeso;0;;;
3613238;6;24/12/2017 02:20:00;;VIA APPIA NUOVA;all'intersezione con;PIAZZA CAMILLO FINOCCHIARO APRILE;PIAZZA CAMILLO FINOCCHIARO APRILE;;;Scontro frontale/laterale DX fra veicoli in marcia;;;;;;;;;;0;0;0;2;;;0;1;Autovettura privata;In marcia / fermata / arresto;Lancia;Delta;Conducente;0;M;Illeso;0;;;
3613238;6;24/12/2017 02:20:00;;VIA APPIA NUOVA;all'intersezione con;PIAZZA CAMILLO FINOCCHIARO APRILE;PIAZZA CAMILLO FINOCCHIARO APRILE;;;Scontro frontale/laterale DX fra veicoli in marcia;;;;;;;;;;0;0;0;2;;;0;2;Autovettura privata;In marcia / fermata / arresto;Nissan;Micra;Conducente;0;M;Illeso;0;;;
3613244;20;23/12/2017 19:20:00;Regionale;VIA CASSIA;in prossimità;;del civico n.;2040;;Investimento di pedone;Rettilineo;Una carreggiata a doppio senso;Asciutto;Asfaltata;Orizzontale;Sereno;Scarso;Insufficiente;Insufficiente;1;0;0;1;;;0;;;;;;Pedone;1991;M;Ricoverato;0;NON DECEDUTO;;
3613244;20;23/12/2017 19:20:00;Regionale;VIA CASSIA;in prossimità;;del civico n.;2040;;Investimento di pedone;Rettilineo;Una carreggiata a doppio senso;Asciutto;Asfaltata;Orizzontale;Sereno;Scarso;Insufficiente;Insufficiente;1;0;0;1;;;0;1;Autovettura privata;In marcia / fermata / arresto;Ford;Focus;Conducente;1975;M;Illeso;0;;Non accertato;Inesploso
3613245;20;23/12/2017 10:55:00;Strada Urbana;VIA FRANCESCO SAVERIO NITTI;in prossimità;;del civico n.;32;;Veicolo in marcia contro veicolo in sosta;Rettilineo;Una carreggiata a doppio senso;Asciutto;Asfaltata;Assente;Sereno;Normale;Buona;Ore Diurne;0;0;0;1;;;0;1;Autovettura privata;In marcia / fermata / arresto;Dacia;Duster;Conducente;1939;M;Illeso;0;;Non accertato;Inesploso
3613246;6;23/12/2017 20:50:00;;VIA CASILINA;all'intersezione semaforizzata con;VIALE FILARETE;VIALE FILARETE;;;Scontro frontale/laterale DX fra veicoli in marcia;;;;;;;;;;3;0;0;0;;;0;1;Autovettura privata;In marcia / fermata / arresto;Citroen;C 3 Pluriel;Conducente;1994;F;Rimandato;0;NON DECEDUTO;;
3613246;6;23/12/2017 20:50:00;;VIA CASILINA;all'intersezione semaforizzata con;VIALE FILARETE;VIALE FILARETE;;;Scontro frontale/laterale DX fra veicoli in marcia;;;;;;;;;;3;0;0;0;;;0;2;Autovettura privata;In marcia / fermata / arresto;Mercedes;Smart;Conducente;1993;F;Rimandato;0;NON DECEDUTO;;
3613246;6;23/12/2017 20:50:00;;VIA CASILINA;all'intersezione semaforizzata con;VIALE FILARETE;VIALE FILARETE;;;Scontro frontale/laterale DX fra veicoli in marcia;;;;;;;;;;3;0;0;0;;;0;2;Autovettura privata;In marcia / fermata / arresto;Mercedes;Smart;Passeggero;1993;F;Rimandato;0;NON DECEDUTO;;
3613258;20;23/12/2017 12:30:00;Strada Urbana;VIA DALMINE;in prossimità;;del civico n.;33;;Scontro laterale fra veicoli in marcia;Rettilineo;Una carreggiata a doppio senso;Asciutto;Asfaltata;Verticale;Sereno;Normale;Buona;Ore Diurne;0;0;0;2;;;0;1;Autovettura privata;In marcia / fermata / arresto;Peugeot;(ignoto);Conducente;1972;M;Illeso;0;;Non accertato;Inesploso
3613258;20;23/12/2017 12:30:00;Strada Urbana;VIA DALMINE;in prossimità;;del civico n.;33;;Scontro laterale fra veicoli in marcia;Rettilineo;Una carreggiata a doppio senso;Asciutto;Asfaltata;Verticale;Sereno;Normale;Buona;Ore Diurne;0;0;0;2;;;0;2;Autovettura privata;In marcia / fermata / arresto;Ford;Focus;Conducente;1932;M;Illeso;0;;Non accertato;Inesploso
3613266;7;22/12/2017 05:50:00;;VIA NAIDE;in prossimità;;del civico n.;96;;Veicolo in marcia contro veicolo fermo;;;;;;;;;;1;0;0;0;;;0;1;Autovettura privata;In marcia / fermata / arresto;Audi;A 3;Conducente;1957;F;Rimandato;0;NON DECEDUTO;Non accertato;Inesploso
3613288;20;23/12/2017 12:20:00;Strada Urbana;VIA FLAMINIA NUOVA;da specificare;;;;sotto cavalcavia Flaminia direzione centro;Tamponamento;Rettilineo;Due carreggiate;Asciutto;Asfaltata;Orizzontale;Sereno;Intenso;Buona;Ore Diurne;0;0;0;2;;;0;1;Autovettura privata;In marcia / fermata / arresto;Volkswagen;Golf;Conducente;1971;F;Illeso;0;;Utilizzato;Inesploso
3613288;20;23/12/2017 12:20:00;Strada Urbana;VIA FLAMINIA NUOVA;da specificare;;;;sotto cavalcavia Flaminia direzione centro;Tamponamento;Rettilineo;Due carreggiate;Asciutto;Asfaltata;Orizzontale;Sereno;Intenso;Buona;Ore Diurne;0;0;0;2;;;0;2;Autovettura privata;In marcia / fermata / arresto;Dodge;(ignoto);Conducente;1962;M;Illeso;0;;Non accertato;Inesploso
3613311;20;22/12/2017 17:40:00;Strada Urbana;VIA BASSANO ROMANO;da specificare;;;;altezza stazione F.S. Giustiniana;Veicolo in marcia contro veicolo fermo;Rettilineo;Una carreggiata a senso unico di marcia;Asciutto;Asfaltata;Assente;Sereno;Scarso;Buona;Sufficiente;0;0;0;2;;;0;1;Autobus di linea;In marcia / fermata / arresto;Breda;Bus;Conducente;1968;M;Illeso;0;;Non accertato;Inesploso
3613311;20;22/12/2017 17:40:00;Strada Urbana;VIA BASSANO ROMANO;da specificare;;;;altezza stazione F.S. Giustiniana;Veicolo in marcia contro veicolo fermo;Rettilineo;Una carreggiata a senso unico di marcia;Asciutto;Asfaltata;Assente;Sereno;Scarso;Buona;Sufficiente;0;0;0;2;;;0;2;Autovettura privata;In marcia / fermata / arresto;Mini;Cooper;Conducente;1976;F;Illeso;0;;Non accertato;Inesploso
3613362;7;22/12/2017 09:00:00;;VIA DEI FRASSINI;all'intersezione con;VIA DEI PLATANI;VIA DEI PLATANI;;;Scontro frontale/laterale DX fra veicoli in marcia;;;;;;;;;;0;0;0;2;;;0;1;Autovettura privata;In marcia / fermata / arresto;Mercedes;B 180 CDI;Conducente;1966;M;Illeso;0;;Non accertato;Inesploso
3613362;7;22/12/2017 09:00:00;;VIA DEI FRASSINI;all'intersezione con;VIA DEI PLATANI;VIA DEI PLATANI;;;Scontro frontale/laterale DX fra veicoli in marcia;;;;;;;;;;0;0;0;2;;;0;2;Autovettura privata;In marcia / fermata / arresto;Mercedes;Smart Fortwo;Conducente;1984;F;Illeso;0;;Non accertato;Inesploso
3613399;4;24/12/2017 06:40:00;Strada Urbana;VIALE JONIO;all'intersezione con;VIA MONTE ROCCHETTA;VIA MONTE ROCCHETTA;;;Scontro frontale/laterale DX fra veicoli in marcia;Intersezione stradale segnalata;Due carreggiate;Asciutto;Asfaltata;Verticale ed orizzontale;Sereno;Scarso;Buona;Sufficiente;1;1;0;1;12,53134;41,94575;0;1;Autovettura privata;In marcia / fermata / arresto;Citroen;C3;Conducente;1956;M;Rifiuta cure immediate;0;NON DECEDUTO;Non accertato;Esploso
3613399;4;24/12/2017 06:40:00;Strada Urbana;VIALE JONIO;all'intersezione con;VIA MONTE ROCCHETTA;VIA MONTE ROCCHETTA;;;Scontro frontale/laterale DX fra veicoli in marcia;Intersezione stradale segnalata;Due carreggiate;Asciutto;Asfaltata;Verticale ed orizzontale;Sereno;Scarso;Buona;Sufficiente;1;1;0;1;12,53134;41,94575;0;1;Autovettura privata;In marcia / fermata / arresto;Citroen;C3;Passeggero;1993;M;Illeso;0;;Non accertato;Esploso
3613399;4;24/12/2017 06:40:00;Strada Urbana;VIALE JONIO;all'intersezione con;VIA MONTE ROCCHETTA;VIA MONTE ROCCHETTA;;;Scontro frontale/laterale DX fra veicoli in marcia;Intersezione stradale segnalata;Due carreggiate;Asciutto;Asfaltata;Verticale ed orizzontale;Sereno;Scarso;Buona;Sufficiente;1;1;0;1;12,53134;41,94575;0;2;Autocarro inferiore 35 q.;In marcia / fermata / arresto;Volkswagen;Transporter;Conducente;1949;M;Prognosi riservata;0;NON DECEDUTO;Non accertato;Inesistente
3613622;12;23/12/2017 11:10:00;Strada Urbana;PIAZZA GUGLIELMO MARCONI;all'intersezione con;VIA CRISTOFORO COLOMBO;VIA CRISTOFORO COLOMBO;;;Scontro laterale fra veicoli in marcia;Rotatoria;Una carreggiata a senso unico di marcia;Asciutto;Asfaltata;Verticale ed orizzontale;Sereno;Normale;Buona;Ore Diurne;0;0;0;2;12,47046;41,83347;-1;1;Autovettura privata;In marcia / fermata / arresto;Daimler Smart;FORTWO COUPE;Conducente;1995;M;Illeso;0;;Utilizzato;Inesploso
3613622;12;23/12/2017 11:10:00;Strada Urbana;PIAZZA GUGLIELMO MARCONI;all'intersezione con;VIA CRISTOFORO COLOMBO;VIA CRISTOFORO COLOMBO;;;Scontro laterale fra veicoli in marcia;Rotatoria;Una carreggiata a senso unico di marcia;Asciutto;Asfaltata;Verticale ed orizzontale;Sereno;Normale;Buona;Ore Diurne;0;0;0;2;12,47046;41,83347;-1;2;Motociclo a solo;In marcia / fermata / arresto;Kimco;AGILITY;Conducente;1953;M;Illeso;0;;Utilizzato;
3613732;7;24/12/2017 17:30:00;Strada Urbana;VIA DI TORRE SPACCATA;in prossimità;;del civico n.;157;;Scontro laterale fra veicoli in marcia;Rettilineo;Una carreggiata a doppio senso;Asciutto;Asfaltata;Verticale ed orizzontale;Sereno;Normale;Sufficiente;Sufficiente;2;0;0;0;12,58613;41,86391;0;1;Autovettura privata;In marcia / fermata / arresto;Ford;Fiesta;Conducente;1960;M;Rimandato;0;NON DECEDUTO;Non accertato;Inesploso
3613732;7;24/12/2017 17:30:00;Strada Urbana;VIA DI TORRE SPACCATA;in prossimità;;del civico n.;157;;Scontro laterale fra veicoli in marcia;Rettilineo;Una carreggiata a doppio senso;Asciutto;Asfaltata;Verticale ed orizzontale;Sereno;Normale;Sufficiente;Sufficiente;2;0;0;0;12,58613;41,86391;0;2;Autovettura privata;In marcia / fermata / arresto;Lancia;Y;Conducente;1964;M;Rimandato;0;NON DECEDUTO;Non accertato;Inesploso
3613932;13;23/12/2017 17:30:00;Strada Urbana;VIALE DESIDERATO PIETRI;in corrispondenza;;del civico n.;127;;Veicolo in marcia contro veicolo in sosta;Rettilineo;Due carreggiate;Asciutto;Asfaltata;Assente;Sereno;Normale;Buona;Sufficiente;0;0;0;2;12,29236;41,72701;0;1;Autovettura privata;Allontanatosi;Chrysler;JEEP CHEROKEE;Conducente;1970;M;Illeso;0;;Non accertato;Inesploso
3613932;13;23/12/2017 17:30:00;Strada Urbana;VIALE DESIDERATO PIETRI;in corrispondenza;;del civico n.;127;;Veicolo in marcia contro veicolo in sosta;Rettilineo;Due carreggiate;Asciutto;Asfaltata;Assente;Sereno;Normale;Buona;Sufficiente;0;0;0;2;12,29236;41,72701;0;1;Autovettura privata;Allontanatosi;Chrysler;JEEP CHEROKEE;Passeggero;1967;F;Illeso;0;;Non accertato;Inesploso
3613970;13;23/12/2017 20:50:00;Strada Urbana;VIA MARE DI BERING;in corrispondenza;;del civico n.;60;;Tamponamento;Rettilineo;Una carreggiata a doppio senso;Asciutto;Asfaltata;Verticale ed orizzontale;Sereno;Normale;Buona;Sufficiente;0;0;0;5;12,29961;41,73461;0;1;Autovettura privata;In marcia / fermata / arresto;Mercedes;B 180;Conducente;1974;F;Illeso;0;;Non accertato;Inesploso
3613970;13;23/12/2017 20:50:00;Strada Urbana;VIA MARE DI BERING;in corrispondenza;;del civico n.;60;;Tamponamento;Rettilineo;Una carreggiata a doppio senso;Asciutto;Asfaltata;Verticale ed orizzontale;Sereno;Normale;Buona;Sufficiente;0;0;0;5;12,29961;41,73461;0;1;Autovettura privata;In marcia / fermata / arresto;Mercedes;B 180;Passeggero;2011;F;Illeso;0;;Non accertato;Inesploso
3613970;13;23/12/2017 20:50:00;Strada Urbana;VIA MARE DI BERING;in corrispondenza;;del civico n.;60;;Tamponamento;Rettilineo;Una carreggiata a doppio senso;Asciutto;Asfaltata;Verticale ed orizzontale;Sereno;Normale;Buona;Sufficiente;0;0;0;5;12,29961;41,73461;0;1;Autovettura privata;In marcia / fermata / arresto;Mercedes;B 180;Passeggero;2013;M;Illeso;0;;Non accertato;Inesploso
3613970;13;23/12/2017 20:50:00;Strada Urbana;VIA MARE DI BERING;in corrispondenza;;del civico n.;60;;Tamponamento;Rettilineo;Una carreggiata a doppio senso;Asciutto;Asfaltata;Verticale ed orizzontale;Sereno;Normale;Buona;Sufficiente;0;0;0;5;12,29961;41,73461;0;2;Autovettura privata;In marcia / fermata / arresto;Hyundai;Atos;Conducente;1992;F;Illeso;0;;Non accertato;Inesploso
3613970;13;23/12/2017 20:50:00;Strada Urbana;VIA MARE DI BERING;in corrispondenza;;del civico n.;60;;Tamponamento;Rettilineo;Una carreggiata a doppio senso;Asciutto;Asfaltata;Verticale ed orizzontale;Sereno;Normale;Buona;Sufficiente;0;0;0;5;12,29961;41,73461;0;2;Autovettura privata;In marcia / fermata / arresto;Hyundai;Atos;Passeggero;1995;F;Illeso;0;;Non accertato;Inesploso
3613978;23;22/12/2017 15:00:00;;VIALE DELL'OCEANO PACIFICO;all'intersezione con;VIA INDONESIA;VIA INDONESIA;;;Scontro laterale fra veicoli in marcia;;;;;;;;;;0;0;0;2;;;0;1;Autovettura privata;In marcia / fermata / arresto;Toyota;Yaris;Conducente;1979;F;Illeso;0;;;
3613978;23;22/12/2017 15:00:00;;VIALE DELL'OCEANO PACIFICO;all'intersezione con;VIA INDONESIA;VIA INDONESIA;;;Scontro laterale fra veicoli in marcia;;;;;;;;;;0;0;0;2;;;0;2;Autoarticolato;In marcia / fermata / arresto;Fiat Iveco;(non accertato);Conducente;1955;M;Illeso;0;;;
3613985;13;23/12/2017 11:10:00;;VIA DELL'IDROSCALO;all'intersezione con;VIA DELLA MARTINICA;VIA DELLA MARTINICA;;;Veicolo in marcia contro ostacolo fisso;;;;;;;;;;1;0;0;2;12,26226;41,7377;0;1;Autovettura privata;In marcia / fermata / arresto;Volkswagen;Golf;Conducente;1986;M;Rimandato;0;NON DECEDUTO;Non accertato;Esploso
3613985;13;23/12/2017 11:10:00;;VIA DELL'IDROSCALO;all'intersezione con;VIA DELLA MARTINICA;VIA DELLA MARTINICA;;;Veicolo in marcia contro ostacolo fisso;;;;;;;;;;1;0;0;2;12,26226;41,7377;0;2;Autocarro inferiore 35 q.;In marcia / fermata / arresto;Fiat;Iveco 35;Conducente;1976;M;Illeso;0;;;
3613985;13;23/12/2017 11:10:00;;VIA DELL'IDROSCALO;all'intersezione con;VIA DELLA MARTINICA;VIA DELLA MARTINICA;;;Veicolo in marcia contro ostacolo fisso;;;;;;;;;;1;0;0;2;12,26226;41,7377;0;2;Autocarro inferiore 35 q.;In marcia / fermata / arresto;Fiat;Iveco 35;Passeggero;1986;M;Illeso;0;;;
3613986;23;24/12/2017 13:50:00;Comunale extraurbana;VIA CRISTOFORO COLOMBO;all'intersezione semaforizzata con;VIA ERMANNO WOLF FERRARI;VIA ERMANNO WOLF FERRARI;;;Scontro frontale/laterale DX fra veicoli in marcia;Intersezione semaforizzata;Più di due carreggiate;Asciutto;Asfaltata;Verticale ed orizzontale;Sereno;Scarso;Buona;Ore Diurne;1;0;0;5;12,36998;41,75496;0;1;Autovettura privata;In marcia / fermata / arresto;Fiat;Panda;Conducente;1986;F;Rimandato;0;NON DECEDUTO;Non accertato;Inesploso
3613986;23;24/12/2017 13:50:00;Comunale extraurbana;VIA CRISTOFORO COLOMBO;all'intersezione semaforizzata con;VIA ERMANNO WOLF FERRARI;VIA ERMANNO WOLF FERRARI;;;Scontro frontale/laterale DX fra veicoli in marcia;Intersezione semaforizzata;Più di due carreggiate;Asciutto;Asfaltata;Verticale ed orizzontale;Sereno;Scarso;Buona;Ore Diurne;1;0;0;5;12,36998;41,75496;0;2;Autovettura privata;In marcia / fermata / arresto;BMW;530 D;Conducente;1968;M;Illeso;0;;Non accertato;Esploso
3613986;23;24/12/2017 13:50:00;Comunale extraurbana;VIA CRISTOFORO COLOMBO;all'intersezione semaforizzata con;VIA ERMANNO WOLF FERRARI;VIA ERMANNO WOLF FERRARI;;;Scontro frontale/laterale DX fra veicoli in marcia;Intersezione semaforizzata;Più di due carreggiate;Asciutto;Asfaltata;Verticale ed orizzontale;Sereno;Scarso;Buona;Ore Diurne;1;0;0;5;12,36998;41,75496;0;2;Autovettura privata;In marcia / fermata / arresto;BMW;530 D;Passeggero;1945;M;Illeso;0;;Non accertato;Esploso
3613986;23;24/12/2017 13:50:00;Comunale extraurbana;VIA CRISTOFORO COLOMBO;all'intersezione semaforizzata con;VIA ERMANNO WOLF FERRARI;VIA ERMANNO WOLF FERRARI;;;Scontro frontale/laterale DX fra veicoli in marcia;Intersezione semaforizzata;Più di due carreggiate;Asciutto;Asfaltata;Verticale ed orizzontale;Sereno;Scarso;Buona;Ore Diurne;1;0;0;5;12,36998;41,75496;0;2;Autovettura privata;In marcia / fermata / arresto;BMW;530 D;Passeggero;1975;F;Illeso;0;;Non accertato;Inesploso
3613986;23;24/12/2017 13:50:00;Comunale extraurbana;VIA CRISTOFORO COLOMBO;all'intersezione semaforizzata con;VIA ERMANNO WOLF FERRARI;VIA ERMANNO WOLF FERRARI;;;Scontro frontale/laterale DX fra veicoli in marcia;Intersezione semaforizzata;Più di due carreggiate;Asciutto;Asfaltata;Verticale ed orizzontale;Sereno;Scarso;Buona;Ore Diurne;1;0;0;5;12,36998;41,75496;0;2;Autovettura privata;In marcia / fermata / arresto;BMW;530 D;Passeggero;2004;M;Illeso;0;;Non accertato;Inesploso
3613986;23;24/12/2017 13:50:00;Comunale extraurbana;VIA CRISTOFORO COLOMBO;all'intersezione semaforizzata con;VIA ERMANNO WOLF FERRARI;VIA ERMANNO WOLF FERRARI;;;Scontro frontale/laterale DX fra veicoli in marcia;Intersezione semaforizzata;Più di due carreggiate;Asciutto;Asfaltata;Verticale ed orizzontale;Sereno;Scarso;Buona;Ore Diurne;1;0;0;5;12,36998;41,75496;0;2;Autovettura privata;In marcia / fermata / arresto;BMW;530 D;Passeggero;2011;M;Illeso;0;;Non accertato;Inesploso
3613991;23;24/12/2017 16:20:00;;VIA CRISTOFORO COLOMBO;in corrispondenza;;della chilometrica;19.3;;Tamponamento;;;;;;;;;;1;0;0;1;;;0;1;Autovettura privata;In marcia / fermata / arresto;Mercedes;Smart Fortwo;Conducente;1983;F;Illeso;0;;;
3613991;23;24/12/2017 16:20:00;;VIA CRISTOFORO COLOMBO;in corrispondenza;;della chilometrica;19.3;;Tamponamento;;;;;;;;;;1;0;0;1;;;0;2;Velocipede;In marcia / fermata / arresto;Cube;(ignoto);Conducente;1964;M;Ricoverato;0;NON DECEDUTO;Esente;
3614006;13;24/12/2017 23:35:00;Strada Urbana;VIALE GORGIA DI LEONTINI;in prossimità;;del civico n.;330;;Veicolo in marcia contro ostacolo fisso;Rettilineo;Due carreggiate;Asciutto;Asfaltata;Verticale ed orizzontale;Sereno;Scarso;Sufficiente;Sufficiente;1;0;0;0;12,35343;41,75619;0;1;Autovettura privata;In marcia / fermata / arresto;Audi;A4 Avant;Conducente;1976;M;Rifiuta cure immediate;0;NON DECEDUTO;Non accertato;Esploso
3614018;20;24/12/2017 11:00:00;Strada Urbana;VIA MONTEROSI;all'intersezione con;VIA CIVITELLA D'AGLIANO;VIA CIVITELLA D'AGLIANO;;;Scontro frontale/laterale DX fra veicoli in marcia;Intersezione stradale segnalata;Una carreggiata a doppio senso;Asciutto;Asfaltata;Verticale ed orizzontale;Sereno;Normale;Buona;Ore Diurne;1;0;0;1;;;0;1;Autocarro inferiore 35 q.;In marcia / fermata / arresto;Ford;Transit;Conducente;1974;M;Illeso;0;;Non accertato;Inesploso
3614018;20;24/12/2017 11:00:00;Strada Urbana;VIA MONTEROSI;all'intersezione con;VIA CIVITELLA D'AGLIANO;VIA CIVITELLA D'AGLIANO;;;Scontro frontale/laterale DX fra veicoli in marcia;Intersezione stradale segnalata;Una carreggiata a doppio senso;Asciutto;Asfaltata;Verticale ed orizzontale;Sereno;Normale;Buona;Ore Diurne;1;0;0;1;;;0;2;Motociclo a solo;In marcia / fermata / arresto;Suzuki;Burgman 200;Conducente;1964;F;Rimandato;0;NON DECEDUTO;Non accertato;
3614022;13;24/12/2017 20:11:00;Strada Urbana;VIA GUIDO CALZA;da specificare;;;;seconda curva direzione Fiumicino;Scontro laterale fra veicoli in marcia;Curva a visuale libera;Una carreggiata a senso unico di marcia;Asciutto;Asfaltata;Assente;Sereno;Scarso;Buona;Sufficiente;0;0;0;5;12,28917;41,74888;0;1;Autovettura privata;In marcia / fermata / arresto;Mercedes;GLK;Conducente;1960;M;Illeso;0;;Non accertato;Inesploso
3614022;13;24/12/2017 20:11:00;Strada Urbana;VIA GUIDO CALZA;da specificare;;;;seconda curva direzione Fiumicino;Scontro laterale fra veicoli in marcia;Curva a visuale libera;Una carreggiata a senso unico di marcia;Asciutto;Asfaltata;Assente;Sereno;Scarso;Buona;Sufficiente;0;0;0;5;12,28917;41,74888;0;1;Autovettura privata;In marcia / fermata / arresto;Mercedes;GLK;Passeggero;1967;F;Illeso;0;;Non accertato;Inesploso
3614022;13;24/12/2017 20:11:00;Strada Urbana;VIA GUIDO CALZA;da specificare;;;;seconda curva direzione Fiumicino;Scontro laterale fra veicoli in marcia;Curva a visuale libera;Una carreggiata a senso unico di marcia;Asciutto;Asfaltata;Assente;Sereno;Scarso;Buona;Sufficiente;0;0;0;5;12,28917;41,74888;0;1;Autovettura privata;In marcia / fermata / arresto;Mercedes;GLK;Passeggero;2001;F;Illeso;0;;Non accertato;
3614022;13;24/12/2017 20:11:00;Strada Urbana;VIA GUIDO CALZA;da specificare;;;;seconda curva direzione Fiumicino;Scontro laterale fra veicoli in marcia;Curva a visuale libera;Una carreggiata a senso unico di marcia;Asciutto;Asfaltata;Assente;Sereno;Scarso;Buona;Sufficiente;0;0;0;5;12,28917;41,74888;0;1;Autovettura privata;In marcia / fermata / arresto;Mercedes;GLK;Passeggero;2005;F;Illeso;0;;Non accertato;
3614022;13;24/12/2017 20:11:00;Strada Urbana;VIA GUIDO CALZA;da specificare;;;;seconda curva direzione Fiumicino;Scontro laterale fra veicoli in marcia;Curva a visuale libera;Una carreggiata a senso unico di marcia;Asciutto;Asfaltata;Assente;Sereno;Scarso;Buona;Sufficiente;0;0;0;5;12,28917;41,74888;0;2;Autovettura privata;In marcia / fermata / arresto;Fiat;600;Conducente;1974;M;Illeso;0;;;
3614029;20;25/12/2017 01:50:00;Regionale entro l'abitato;VIA CASSIA;in corrispondenza;;del civico n.;791;;Scontro laterale fra veicoli in marcia;Rettilineo;Una carreggiata a doppio senso;Asciutto;Asfaltata;Verticale ed orizzontale;Sereno;Scarso;Buona;Sufficiente;0;0;0;5;12,44068;41,96649;-1;1;Autovettura privata;In marcia / fermata / arresto;Toyota;Yaris;Conducente;1963;F;Illeso;0;;Non accertato;Inesploso
3614029;20;25/12/2017 01:50:00;Regionale entro l'abitato;VIA CASSIA;in corrispondenza;;del civico n.;791;;Scontro laterale fra veicoli in marcia;Rettilineo;Una carreggiata a doppio senso;Asciutto;Asfaltata;Verticale ed orizzontale;Sereno;Scarso;Buona;Sufficiente;0;0;0;5;12,44068;41,96649;-1;1;Autovettura privata;In marcia / fermata / arresto;Toyota;Yaris;Passeggero;1951;M;Illeso;0;;Non accertato;Inesploso
3614029;20;25/12/2017 01:50:00;Regionale entro l'abitato;VIA CASSIA;in corrispondenza;;del civico n.;791;;Scontro laterale fra veicoli in marcia;Rettilineo;Una carreggiata a doppio senso;Asciutto;Asfaltata;Verticale ed orizzontale;Sereno;Scarso;Buona;Sufficiente;0;0;0;5;12,44068;41,96649;-1;2;Autovettura privata;In marcia / fermata / arresto;Hyundai;Matrix;Conducente;1958;M;Illeso;0;;Non accertato;Inesploso