Protocollo;Gruppo;DataOraIncidente;Localizzazione1;STRADA1;Localizzazione2;STRADA2;Strada02;Chilometrica;DaSpecificare;NaturaIncidente;particolaritastrade;TipoStrada;FondoStradale;Pavimentazione;Segnaletica;CondizioneAtmosferica;Traffico;Visibilita;Illuminazione;NUM_FERITI;NUM_RISERVATA;NUM_MORTI;NUM_ILLESI;Longitudine;Latitudine;Confermato;Progressivo;TipoVeicolo;StatoVeicolo;Marca;Modello;TipoPersona;AnnoNascita;Sesso;Tipolesione;Deceduto;DecedutoDopo;CinturaCascoUtilizzato;Airbag;
3614739;7;22/12/2017 17:30:00;Strada Urbana;VIA TOR DE' SCHIAVI;all'intersezione con;VIA ROMOLO TRINCHIERI;VIA ROMOLO TRINCHIERI;;;Scontro frontale/laterale DX fra veicoli in marcia;Incrocio;Due carreggiate;Asciutto;Asfaltata;Verticale ed orizzontale;Sereno;Normale;Buona;Sufficiente;0;0;0;4;;;0;2;Autovettura privata;In marcia / fermata / arresto;Peugeot;207;Conducente;1996;F;Illeso;0;;Non accertato;Inesploso
3614739;7;22/12/2017 17:30:00;Strada Urbana;VIA TOR DE' SCHIAVI;all'intersezione con;VIA ROMOLO TRINCHIERI;VIA ROMOLO TRINCHIERI;;;Scontro frontale/laterale DX fra veicoli in marcia;Incrocio;Due carreggiate;Asciutto;Asfaltata;Verticale ed orizzontale;Sereno;Normale;Buona;Sufficiente;0;0;0;4;;;0;2;Autovettura privata;In marcia / fermata / arresto;Peugeot;207;Passeggero;1995;F;Illeso;0;;Non accertato;Inesploso
3614748;7;22/12/2017 21:00:00;;VIALE PALMIRO TOGLIATTI;all'intersezione con;VIA DEGLI OLMI;VIA DEGLI OLMI;;;Scontro frontale/laterale SX fra veicoli in marcia;;;;;;;;;;0;0;0;3;;;0;1;Autovettura privata;In marcia / fermata / arresto;Nissan;QASHQAI;Conducente;1965;M;Illeso;0;;Non accertato;Inesploso
3614748;7;22/12/2017 21:00:00;;VIALE PALMIRO TOGLIATTI;all'intersezione con;VIA DEGLI OLMI;VIA DEGLI OLMI;;;Scontro frontale/laterale SX fra veicoli in marcia;;;;;;;;;;0;0;0;3;;;0;1;Autovettura privata;In marcia / fermata / arresto;Nissan;QASHQAI;Passeggero;1951;M;Illeso;0;;Non accertato;Inesploso
3614748;7;22/12/2017 21:00:00;;VIALE PALMIRO TOGLIATTI;all'intersezione con;VIA DEGLI OLMI;VIA DEGLI OLMI;;;Scontro frontale/laterale SX fra veicoli in marcia;;;;;;;;;;0;0;0;3;;;0;1;Autovettura privata;In marcia / fermata / arresto;Nissan;QASHQAI;Passeggero;1966;F;Illeso;0;;Non accertato;Inesploso
3614755;7;22/12/2017 21:50:00;;VIA APPIA NUOVA;in prossimità;;del civico n.;670;;Fuoriuscita dalla sede stradale;;;;;;;;;;0;0;0;2;;;0;1;Autovettura privata;In marcia / fermata / arresto;Peugeot;207;Conducente;1992;M;Illeso;0;;Non accertato;Esploso
3614755;7;22/12/2017 21:50:00;;VIA APPIA NUOVA;in prossimità;;del civico n.;670;;Fuoriuscita dalla sede stradale;;;;;;;;;;0;0;0;2;;;0;1;Autovettura privata;In marcia / fermata / arresto;Peugeot;207;Passeggero;1987;M;Illeso;0;;Non accertato;Esploso
3614785;10;26/12/2017 11:00:00;Strada Urbana;VIA DELLA STAZIONE DI CIAMPINO;in corrispondenza;;del civico n.;68;;Veicolo in marcia contro veicolo in sosta;Rettilineo;Una carreggiata a doppio senso;Asciutto;Asfaltata;Verticale;Sereno;Normale;Sufficiente;Ore Diurne;1;0;0;1;;;0;1;Autovettura privata;In marcia / fermata / arresto;Alfa Romeo;147;Conducente;1987;M;Rimandato;0;NON DECEDUTO;Non accertato;Inesploso
3614785;10;26/12/2017 11:00:00;Strada Urbana;VIA DELLA STAZIONE DI CIAMPINO;in corrispondenza;;del civico n.;68;;Veicolo in marcia contro veicolo in sosta;Rettilineo;Una carreggiata a doppio senso;Asciutto;Asfaltata;Verticale;Sereno;Normale;Sufficiente;Ore Diurne;1;0;0;1;;;0;2;Autovettura privata;In marcia / fermata / arresto;Toyota;Yaris;Conducente;1997;M;Illeso;0;;Non accertato;Inesploso
3614792;10;23/12/2017 12:40:00;;VIALE PALMIRO TOGLIATTI;all'intersezione con;VIA QUINTO PUBLICIO;VIA QUINTO PUBLICIO;;;Scontro frontale/laterale SX fra veicoli in marcia;;;;;;;;;;0;0;0;4;;;0;1;Autobus urbano;In marcia / fermata / arresto;Breda;Menaribus;Conducente;1966;M;Illeso;0;;;
3614792;10;23/12/2017 12:40:00;;VIALE PALMIRO TOGLIATTI;all'intersezione con;VIA QUINTO PUBLICIO;VIA QUINTO PUBLICIO;;;Scontro frontale/laterale SX fra veicoli in marcia;;;;;;;;;;0;0;0;4;;;0;2;Autovettura privata;In marcia / fermata / arresto;Fiat;Punto;Conducente;1964;M;Illeso;0;;;
3614792;10;23/12/2017 12:40:00;;VIALE PALMIRO TOGLIATTI;all'intersezione con;VIA QUINTO PUBLICIO;VIA QUINTO PUBLICIO;;;Scontro frontale/laterale SX fra veicoli in marcia;;;;;;;;;;0;0;0;4;;;0;2;Autovettura privata;In marcia / fermata / arresto;Fiat;Punto;Passeggero;1941;F;Illeso;0;;;
3614792;10;23/12/2017 12:40:00;;VIALE PALMIRO TOGLIATTI;all'intersezione con;VIA QUINTO PUBLICIO;VIA QUINTO PUBLICIO;;;Scontro frontale/laterale SX fra veicoli in marcia;;;;;;;;;;0;0;0;4;;;0;2;Autovettura privata;In marcia / fermata / arresto;Fiat;Punto;Passeggero;2009;F;Illeso;0;;;
3614816;9;26/12/2017 05:40:00;;VIA TUSCOLANA;all'intersezione semaforizzata con;VIA DEI FULVI;VIA DEI FULVI;;;Scontro frontale/laterale SX fra veicoli in marcia;;;;;;;;;;2;0;0;0;12,54801;41,86364;0;1;Autovettura privata;In marcia / fermata / arresto;Volkswagen;UP;Conducente;1983;M;Rimandato;0;NON DECEDUTO;;
3614816;9;26/12/2017 05:40:00;;VIA TUSCOLANA;all'intersezione semaforizzata con;VIA DEI FULVI;VIA DEI FULVI;;;Scontro frontale/laterale SX fra veicoli in marcia;;;;;;;;;;2;0;0;0;12,54801;41,86364;0;2;Autovettura privata;In marcia / fermata / arresto;Alfa Romeo;156;Conducente;1994;M;Rimandato;0;NON DECEDUTO;;
3614854;7;23/12/2017 12:00:00;Strada Urbana;VIA DEI FIORI;all'intersezione con;VIA DEL CAMPO;VIA DEL CAMPO;;;Investimento di pedone;Incrocio;Una carreggiata a senso unico di marcia;Asciutto;Asfaltata;Verticale ed orizzontale;Sereno;Scarso;Buona;Ore Diurne;1;0;0;1;12,57761;41,87594;0;;;;;;Pedone;1934;F;Rimandato;0;NON DECEDUTO;;
3614854;7;23/12/2017 12:00:00;Strada Urbana;VIA DEI FIORI;all'intersezione con;VIA DEL CAMPO;VIA DEL CAMPO;;;Investimento di pedone;Incrocio;Una carreggiata a senso unico di marcia;Asciutto;Asfaltata;Verticale ed orizzontale;Sereno;Scarso;Buona;Ore Diurne;1;0;0;1;12,57761;41,87594;0;1;Autovettura privata;In marcia / fermata / arresto;Citroen;C 1;Conducente;1968;F;Illeso;0;;Non accertato;Inesploso
3614871;6;26/12/2017 11:35:00;Strada Urbana;VIA ANAGNI;all'intersezione con;VIALE AGOSTA;VIALE AGOSTA;;;Scontro laterale fra veicoli in marcia;Incrocio;Una carreggiata a doppio senso;Asciutto;Asfaltata;Verticale ed orizzontale;Nuvoloso;Normale;Buona;Ore Diurne;0;0;0;3;12,55792;41,89023;-1;1;Autovettura privata;In marcia / fermata / arresto;Toyota;Yaris Verso;Conducente;1954;M;Illeso;0;;;Inesploso
3614871;6;26/12/2017 11:35:00;Strada Urbana;VIA ANAGNI;all'intersezione con;VIALE AGOSTA;VIALE AGOSTA;;;Scontro laterale fra veicoli in marcia;Incrocio;Una carreggiata a doppio senso;Asciutto;Asfaltata;Verticale ed orizzontale;Nuvoloso;Normale;Buona;Ore Diurne;0;0;0;3;12,55792;41,89023;-1;1;Autovettura privata;In marcia / fermata / arresto;Toyota;Yaris Verso;Passeggero;1958;F;Illeso;0;;;
3614871;6;26/12/2017 11:35:00;Strada Urbana;VIA ANAGNI;all'intersezione con;VIALE AGOSTA;VIALE AGOSTA;;;Scontro laterale fra veicoli in marcia;Incrocio;Una carreggiata a doppio senso;Asciutto;Asfaltata;Verticale ed orizzontale;Nuvoloso;Normale;Buona;Ore Diurne;0;0;0;3;12,55792;41,89023;-1;2;Autovettura privata;In marcia / fermata / arresto;Toyota;Yaris;Conducente;1974;M;Illeso;0;;;
3614882;7;23/12/2017 13:10:00;;VIA DEI PLATANI;all'intersezione con;VIA TOR DE' SCHIAVI;VIA TOR DE' SCHIAVI;;;Scontro frontale/laterale SX fra veicoli in marcia;;;;;;;;;;2;0;0;1;;;0;1;Autovettura privata;In marcia / fermata / arresto;Citroen;C4;Conducente;1990;F;Rimandato;0;NON DECEDUTO;Non accertato;Inesploso
3614882;7;23/12/2017 13:10:00;;VIA DEI PLATANI;all'intersezione con;VIA TOR DE' SCHIAVI;VIA TOR DE' SCHIAVI;;;Scontro frontale/laterale SX fra veicoli in marcia;;;;;;;;;;2;0;0;1;;;0;1;Autovettura privata;In marcia / fermata / arresto;Citroen;C4;Passeggero;1990;F;Illeso;0;;Non accertato;Inesploso
3614882;7;23/12/2017 13:10:00;;VIA DEI PLATANI;all'intersezione con;VIA TOR DE' SCHIAVI;VIA TOR DE' SCHIAVI;;;Scontro frontale/laterale SX fra veicoli in marcia;;;;;;;;;;2;0;0;1;;;0;2;Motociclo a solo;In marcia / fermata / arresto;(non accertato);(ignoto);Conducente;1997;M;Rimandato;0;NON DECEDUTO;Non accertato;
3614962;10;23/12/2017 14:50:00;;VIA ANAGNINA;in prossimità;;del civico n.;312;;Tamponamento;;;;;;;;;;0;0;0;6;;;0;1;Autovettura privata;In marcia / fermata / arresto;Nissan;Micra;Conducente;1988;F;Illeso;0;;;
3614962;10;23/12/2017 14:50:00;;VIA ANAGNINA;in prossimità;;del civico n.;312;;Tamponamento;;;;;;;;;;0;0;0;6;;;0;1;Autovettura privata;In marcia / fermata / arresto;Nissan;Micra;Passeggero;1991;M;Illeso;0;;;
3614962;10;23/12/2017 14:50:00;;VIA ANAGNINA;in prossimità;;del civico n.;312;;Tamponamento;;;;;;;;;;0;0;0;6;;;0;1;Autovettura privata;In marcia / fermata / arresto;Nissan;Micra;Passeggero;1997;M;Illeso;0;;;
3614962;10;23/12/2017 14:50:00;;VIA ANAGNINA;in prossimità;;del civico n.;312;;Tamponamento;;;;;;;;;;0;0;0;6;;;0;2;Autovettura privata;In marcia / fermata / arresto;Renault;KADJAR;Conducente;1981;M;Illeso;0;;;
3614962;10;23/12/2017 14:50:00;;VIA ANAGNINA;in prossimità;;del civico n.;312;;Tamponamento;;;;;;;;;;0;0;0;6;;;0;2;Autovettura privata;In marcia / fermata / arresto;Renault;KADJAR;Passeggero;1949;M;Illeso;0;;;
3614972;10;24/12/2017 16:30:00;;VIA TUSCOLANA;all'intersezione semaforizzata con;VIA DEL QUADRARO;VIA DEL QUADRARO;;;Tamponamento Multiplo;;;;;;;;;;0;0;0;6;;;0;1;Autovettura privata;In marcia / fermata / arresto;Peugeot;206;Conducente;1978;;Illeso;0;;;
3614972;10;24/12/2017 16:30:00;;VIA TUSCOLANA;all'intersezione semaforizzata con;VIA DEL QUADRARO;VIA DEL QUADRARO;;;Tamponamento Multiplo;;;;;;;;;;0;0;0;6;;;0;1;Autovettura privata;In marcia / fermata / arresto;Peugeot;206;Passeggero;1975;F;Illeso;0;;;
3614972;10;24/12/2017 16:30:00;;VIA TUSCOLANA;all'intersezione semaforizzata con;VIA DEL QUADRARO;VIA DEL QUADRARO;;;Tamponamento Multiplo;;;;;;;;;;0;0;0;6;;;0;2;Autovettura privata;In marcia / fermata / arresto;Fiat;Punto;Conducente;1970;M;Illeso;0;;;
3614972;10;24/12/2017 16:30:00;;VIA TUSCOLANA;all'intersezione semaforizzata con;VIA DEL QUADRARO;VIA DEL QUADRARO;;;Tamponamento Multiplo;;;;;;;;;;0;0;0;6;;;0;2;Autovettura privata;In marcia / fermata / arresto;Fiat;Punto;Passeggero;1951;F;Illeso;0;;;
3614972;10;24/12/2017 16:30:00;;VIA TUSCOLANA;all'intersezione semaforizzata con;VIA DEL QUADRARO;VIA DEL QUADRARO;;;Tamponamento Multiplo;;;;;;;;;;0;0;0;6;;;0;2;Autovettura privata;In marcia / fermata / arresto;Fiat;Punto;Passeggero;1981;F;Illeso;0;;;
3614972;10;24/12/2017 16:30:00;;VIA TUSCOLANA;all'intersezione semaforizzata con;VIA DEL QUADRARO;VIA DEL QUADRARO;;;Tamponamento Multiplo;;;;;;;;;;0;0;0;6;;;0;3;Autovettura privata;In marcia / fermata / arresto;Volkswagen;Polo;Conducente;1997;M;Illeso;0;;;
3614991;20;25/12/2017 13:10:00;Strada Urbana;VIA DI BACCANELLO;in corrispondenza;;del civico n.;282;;Scontro laterale fra veicoli in marcia;Rettilineo;Una carreggiata a doppio senso;Asciutto;Asfaltata;Verticale ed orizzontale;Sereno;Normale;Buona;Ore Diurne;0;0;0;4;12,34186;42,06666;0;1;Autovettura privata;In marcia / fermata / arresto;Volkswagen;Passat;Conducente;1995;M;Illeso;0;;;
3614991;20;25/12/2017 13:10:00;Strada Urbana;VIA DI BACCANELLO;in corrispondenza;;del civico n.;282;;Scontro laterale fra veicoli in marcia;Rettilineo;Una carreggiata a doppio senso;Asciutto;Asfaltata;Verticale ed orizzontale;Sereno;Normale;Buona;Ore Diurne;0;0;0;4;12,34186;42,06666;0;1;Autovettura privata;In marcia / fermata / arresto;Volkswagen;Passat;Passeggero;1993;F;Illeso;0;;;
3614991;20;25/12/2017 13:10:00;Strada Urbana;VIA DI BACCANELLO;in corrispondenza;;del civico n.;282;;Scontro laterale fra veicoli in marcia;Rettilineo;Una carreggiata a doppio senso;Asciutto;Asfaltata;Verticale ed orizzontale;Sereno;Normale;Buona;Ore Diurne;0;0;0;4;12,34186;42,06666;0;1;Autovettura privata;In marcia / fermata / arresto;Volkswagen;Passat;Passeggero;2000;F;Illeso;0;;;
3614991;20;25/12/2017 13:10:00;Strada Urbana;VIA DI BACCANELLO;in corrispondenza;;del civico n.;282;;Scontro laterale fra veicoli in marcia;Rettilineo;Una carreggiata a doppio senso;Asciutto;Asfaltata;Verticale ed orizzontale;Sereno;Normale;Buona;Ore Diurne;0;0;0;4;12,34186;42,06666;0;2;Autovettura privata;In marcia / fermata / arresto;Toyota;Corolla;Conducente;1973;M;Illeso;0;;;
3615018;20;25/12/2017 16:50:00;Strada Urbana;VIA CASSIA;in prossimità;;del civico n.;1280;;Scontro laterale fra veicoli in marcia;Rettilineo;Una carreggiata a doppio senso;Asciutto;Asfaltata;Verticale ed orizzontale;Sereno;Normale;Buona;Ore Diurne;0;0;0;3;12,41025;41,98383;0;1;Autovettura privata;In marcia / fermata / arresto;Jeep;Gran Cherokee;Conducente;1970;M;Illeso;0;;;
3615018;20;25/12/2017 16:50:00;Strada Urbana;VIA CASSIA;in prossimità;;del civico n.;1280;;Scontro laterale fra veicoli in marcia;Rettilineo;Una carreggiata a doppio senso;Asciutto;Asfaltata;Verticale ed orizzontale;Sereno;Normale;Buona;Ore Diurne;0;0;0;3;12,41025;41,98383;0;1;Autovettura privata;In marcia / fermata / arresto;Jeep;Gran Cherokee;Passeggero;1976;F;Illeso;0;;;
3615018;20;25/12/2017 16:50:00;Strada Urbana;VIA CASSIA;in prossimità;;del civico n.;1280;;Scontro laterale fra veicoli in marcia;Rettilineo;Una carreggiata a doppio senso;Asciutto;Asfaltata;Verticale ed orizzontale;Sereno;Normale;Buona;Ore Diurne;0;0;0;3;12,41025;41,98383;0;2;Autovettura privata;In marcia / fermata / arresto;Peugeot;206;Conducente;1930;M;Illeso;0;;;
3615039;20;25/12/2017 20:15:00;Regionale entro l'abitato;VIA CASSIA;in prossimità;;del civico n.;1711;;Scontro frontale/laterale DX fra veicoli in marcia;Curva a visuale libera;Una carreggiata a doppio senso;Asciutto;Asfaltata;Orizzontale;Sereno;Scarso;Buona;Sufficiente;0;0;0;2;;;0;1;Autovettura privata;In marcia / fermata / arresto;Mercedes;A 180;Conducente;1977;M;Illeso;0;;;
3615039;20;25/12/2017 20:15:00;Regionale entro l'abitato;VIA CASSIA;in prossimità;;del civico n.;1711;;Scontro frontale/laterale DX fra veicoli in marcia;Curva a visuale libera;Una carreggiata a doppio senso;Asciutto;Asfaltata;Orizzontale;Sereno;Scarso;Buona;Sufficiente;0;0;0;2;;;0;2;Autovettura privata;In marcia / fermata / arresto;Volkswagen;Polo;Conducente;1993;M;Illeso;0;;;
3615176;10;24/12/2017 17:00:00;;VIA APPIA PIGNATELLI;all'intersezione semaforizzata con;VIA ERODE ATTICO;VIA ERODE ATTICO;;;Scontro frontale/laterale SX fra veicoli in marcia;;;;;;;;;;1;0;0;1;;;0;1;Autovettura privata;In marcia / fermata / arresto;Lancia;Musa;Conducente;1952;;Illeso;0;;;
3615176;10;24/12/2017 17:00:00;;VIA APPIA PIGNATELLI;all'intersezione semaforizzata con;VIA ERODE ATTICO;VIA ERODE ATTICO;;;Scontro frontale/laterale SX fra veicoli in marcia;;;;;;;;;;1;0;0;1;;;0;2;Motociclo con passeggero;In marcia / fermata / arresto;Honda;SH150;Conducente;1984;M;Rimandato;0;NON DECEDUTO;;
3615193;10;24/12/2017 17:00:00;;VIALE PALMIRO TOGLIATTI;all'intersezione semaforizzata con;VIA QUINTO PUBLICIO;VIA QUINTO PUBLICIO;;;Scontro laterale fra veicoli in marcia;;;;;;;;;;0;0;0;2;;;0;1;Autovettura privata;In marcia / fermata / arresto;Toyota;Aygo;Conducente;1967;M;Illeso;0;;;
3615193;10;24/12/2017 17:00:00;;VIALE PALMIRO TOGLIATTI;all'intersezione semaforizzata con;VIA QUINTO PUBLICIO;VIA QUINTO PUBLICIO;;;Scontro laterale fra veicoli in marcia;;;;;;;;;;0;0;0;2;;;0;2;Autovettura privata;In marcia / fermata / arresto;Opel;ADAM;Conducente;1994;F;Illeso;0;;;
3615235;20;26/12/2017 11:40:00;Strada Urbana;VIA DELLA STAZIONE DI CESANO;in corrispondenza;;del civico n.;490;;Scontro frontale/laterale DX fra veicoli in marcia;Rettilineo;Una carreggiata a doppio senso;Asciutto;Asfaltata;Verticale ed orizzontale;Nuvoloso;Normale;Buona;Ore Diurne;0;0;0;3;12,33577;42,07162;-1;1;Autovettura privata;In marcia / fermata / arresto;Mercedes;B 200;Conducente;1975;M;Illeso;0;;;
3615235;20;26/12/2017 11:40:00;Strada Urbana;VIA DELLA STAZIONE DI CESANO;in corrispondenza;;del civico n.;490;;Scontro frontale/laterale DX fra veicoli in marcia;Rettilineo;Una carreggiata a doppio senso;Asciutto;Asfaltata;Verticale ed orizzontale;Nuvoloso;Normale;Buona;Ore Diurne;0;0;0;3;12,33577;42,07162;-1;1;Autovettura privata;In marcia / fermata / arresto;Mercedes;B 200;Passeggero;1983;F;Illeso;0;;;
3615235;20;26/12/2017 11:40:00;Strada Urbana;VIA DELLA STAZIONE DI CESANO;in corrispondenza;;del civico n.;490;;Scontro frontale/laterale DX fra veicoli in marcia;Rettilineo;Una carreggiata a doppio senso;Asciutto;Asfaltata;Verticale ed orizzontale;Nuvoloso;Normale;Buona;Ore Diurne;0;0;0;3;12,33577;42,07162;-1;2;Autovettura privata;In marcia / fermata / arresto;Fiat;Panda;Conducente;1964;F;Illeso;0;;;
3615567;6;26/12/2017 20:10:00;Strada Urbana;VIA SABAUDIA;in corrispondenza;;del civico n.;67;;Scontro frontale fra veicoli in marcia;Rettilineo;Una carreggiata a senso unico di marcia;Bagnato (pioggia);Asfaltata;Verticale ed orizzontale;Pioggia in atto;Scarso;Sufficiente;Sufficiente;1;0;0;1;;;0;1;Autovettura privata;In marcia / fermata / arresto;Volkswagen;Passat;Conducente;1975;F;Illeso;0;;;
3615567;6;26/12/2017 20:10:00;Strada Urbana;VIA SABAUDIA;in corrispondenza;;del civico n.;67;;Scontro frontale fra veicoli in marcia;Rettilineo;Una carreggiata a senso unico di marcia;Bagnato (pioggia);Asfaltata;Verticale ed orizzontale;Pioggia in atto;Scarso;Sufficiente;Sufficiente;1;0;0;1;;;0;2;Motociclo a solo;In marcia / fermata / arresto;Piaggio;(ignoto);Conducente;1988;M;Rimandato;0;NON DECEDUTO;;
3615571;15;23/12/2017 16:30:00;;VIALE GIUSEPPE SIRTORI;all'intersezione con;PIAZZA AUGUSTO LORENZINI;PIAZZA AUGUSTO LORENZINI;;;Scontro frontale/laterale SX fra veicoli in marcia;;;;;;;;;;0;0;0;8;;;0;1;Autovettura privata;In marcia / fermata / arresto;Alfa Romeo;147;Conducente;0;M;Illeso;0;;;
3615571;15;23/12/2017 16:30:00;;VIALE GIUSEPPE SIRTORI;all'intersezione con;PIAZZA AUGUSTO LORENZINI;PIAZZA AUGUSTO LORENZINI;;;Scontro frontale/laterale SX fra veicoli in marcia;;;;;;;;;;0;0;0;8;;;0;1;Autovettura privata;In marcia / fermata / arresto;Alfa Romeo;147;Passeggero;0;M;Illeso;0;;;
3615571;15;23/12/2017 16:30:00;;VIALE GIUSEPPE SIRTORI;all'intersezione con;PIAZZA AUGUSTO LORENZINI;PIAZZA AUGUSTO LORENZINI;;;Scontro frontale/laterale SX fra veicoli in marcia;;;;;;;;;;0;0;0;8;;;0;2;Autovettura privata;In marcia / fermata / arresto;Lancia;Musa;Conducente;0;F;Illeso;0;;;
3615571;15;23/12/2017 16:30:00;;VIALE GIUSEPPE SIRTORI;all'intersezione con;PIAZZA AUGUSTO LORENZINI;PIAZZA AUGUSTO LORENZINI;;;Scontro frontale/laterale SX fra veicoli in marcia;;;;;;;;;;0;0;0;8;;;0;2;Autovettura privata;In marcia / fermata / arresto;Lancia;Musa;Passeggero;0;F;Illeso;0;;;
3615571;15;23/12/2017 16:30:00;;VIALE GIUSEPPE SIRTORI;all'intersezione con;PIAZZA AUGUSTO LORENZINI;PIAZZA AUGUSTO LORENZINI;;;Scontro frontale/laterale SX fra veicoli in marcia;;;;;;;;;;0;0;0;8;;;0;2;Autovettura privata;In marcia / fermata / arresto;Lancia;Musa;Passeggero;0;M;Illeso;0;;;
3615572;11;23/12/2017 15:40:00;Strada Urbana;VIA SALVATORE DI GIACOMO;all'intersezione con;VIA AUGUSTO VERA;VIA AUGUSTO VERA;;;Scontro frontale/laterale DX fra veicoli in marcia;Rotatoria;Due carreggiate;Asciutto;Asfaltata;Verticale ed orizzontale;Sereno;Scarso;Buona;Ore Diurne;0;0;0;2;12,48693;41,84546;0;1;Autovettura privata;In marcia / fermata / arresto;Fiat;Punto;Conducente;1995;F;Illeso;0;;Non accertato;
3615572;11;23/12/2017 15:40:00;Strada Urbana;VIA SALVATORE DI GIACOMO;all'intersezione con;VIA AUGUSTO VERA;VIA AUGUSTO VERA;;;Scontro frontale/laterale DX fra veicoli in marcia;Rotatoria;Due carreggiate;Asciutto;Asfaltata;Verticale ed orizzontale;Sereno;Scarso;Buona;Ore Diurne;0;0;0;2;12,48693;41,84546;0;2;Autovettura privata;In marcia / fermata / arresto;Peugeot;307;Conducente;1952;M;Illeso;0;;Non accertato;
3615574;8;23/12/2017 10:15:00;;VIA POLENSE;all'intersezione con;VIA CAVUCCIO;VIA CAVUCCIO;;;Scontro laterale fra veicoli in marcia;;;;;;;;;;0;0;0;4;12,71239;41,90579;0;1;Autovettura privata;In marcia / fermata / arresto;Toyota;Urban Cruiser;Conducente;1933;M;Illeso;0;;;
3615574;8;23/12/2017 10:15:00;;VIA POLENSE;all'intersezione con;VIA CAVUCCIO;VIA CAVUCCIO;;;Scontro laterale fra veicoli in marcia;;;;;;;;;;0;0;0;4;12,71239;41,90579;0;1;Autovettura privata;In marcia / fermata / arresto;Toyota;Urban Cruiser;Passeggero;1966;F;Illeso;0;;Non accertato;Inesploso
3615574;8;23/12/2017 10:15:00;;VIA POLENSE;all'intersezione con;VIA CAVUCCIO;VIA CAVUCCIO;;;Scontro laterale fra veicoli in marcia;;;;;;;;;;0;0;0;4;12,71239;41,90579;0;2;Autovettura privata;In marcia / fermata / arresto;Audi;(ignoto);Conducente;1982;M;Illeso;0;;Non accertato;Inesploso
3615574;8;23/12/2017 10:15:00;;VIA POLENSE;all'intersezione con;VIA CAVUCCIO;VIA CAVUCCIO;;;Scontro laterale fra veicoli in marcia;;;;;;;;;;0;0;0;4;12,71239;41,90579;0;2;Autovettura privata;In marcia / fermata / arresto;Audi;(ignoto);Passeggero;1959;F;Illeso;0;;Non accertato;Inesploso
3615576;8;24/12/2017 09:10:00;;VIA GIORGIO FOSSATI;all'intersezione con;VIA GIUSEPPE MARIA MORETTI;VIA GIUSEPPE MARIA MORETTI;;;Scontro frontale/laterale DX fra veicoli in marcia;;;;;;;;;;0;0;0;3;;;0;1;Autovettura privata;In marcia / fermata / arresto;Fiat;Punto;Conducente;1949;;Illeso;0;;;
3615576;8;24/12/2017 09:10:00;;VIA GIORGIO FOSSATI;all'intersezione con;VIA GIUSEPPE MARIA MORETTI;VIA GIUSEPPE MARIA MORETTI;;;Scontro frontale/laterale DX fra veicoli in marcia;;;;;;;;;;0;0;0;3;;;0;1;Autovettura privata;In marcia / fermata / arresto;Fiat;Punto;Passeggero;1936;M;Illeso;0;;Non accertato;Esploso
3615576;8;24/12/2017 09:10:00;;VIA GIORGIO FOSSATI;all'intersezione con;VIA GIUSEPPE MARIA MORETTI;VIA GIUSEPPE MARIA MORETTI;;;Scontro frontale/laterale DX fra veicoli in marcia;;;;;;;;;;0;0;0;3;;;0;2;Autovettura privata;In marcia / fermata / arresto;Renault;Clio;Conducente;1984;;Illeso;0;;;
3615581;9;26/12/2017 19:30:00;;PIAZZA FABIO SABATINI;da specificare;;;;ALT. VIA A. MONETA;Tamponamento;;;;;;;;;;3;0;0;1;;;0;1;Autovettura privata;In marcia / fermata / arresto;Fiat;Punto;Conducente;1980;F;Rimandato;0;NON DECEDUTO;;
3615581;9;26/12/2017 19:30:00;;PIAZZA FABIO SABATINI;da specificare;;;;ALT. VIA A. MONETA;Tamponamento;;;;;;;;;;3;0;0;1;;;0;1;Autovettura privata;In marcia / fermata / arresto;Fiat;Punto;Passeggero;0;M;Rimandato;0;NON DECEDUTO;;
3615581;9;26/12/2017 19:30:00;;PIAZZA FABIO SABATINI;da specificare;;;;ALT. VIA A. MONETA;Tamponamento;;;;;;;;;;3;0;0;1;;;0;2;Autovettura privata;In marcia / fermata / arresto;Honda;HRV;Conducente;1980;M;Illeso;0;;;
3615582;11;23/12/2017 09:10:00;Strada Urbana;VIALE DEL TINTORETTO;all'intersezione semaforizzata con;VIA MARIO BIANCHINI;VIA MARIO BIANCHINI;;;Scontro laterale fra veicoli in marcia;Intersezione semaforizzata;Due carreggiate;Asciutto;Asfaltata;Verticale ed orizzontale;Sereno;Normale;Buona;Ore Diurne;0;0;0;2;;;0;1;Autobus urbano;In marcia / fermata / arresto;(non accertato);(ignoto);Conducente;1975;M;Illeso;0;;Non accertato;
3615582;11;23/12/2017 09:10:00;Strada Urbana;VIALE DEL TINTORETTO;all'intersezione semaforizzata con;VIA MARIO BIANCHINI;VIA MARIO BIANCHINI;;;Scontro laterale fra veicoli in marcia;Intersezione semaforizzata;Due carreggiate;Asciutto;Asfaltata;Verticale ed orizzontale;Sereno;Normale;Buona;Ore Diurne;0;0;0;2;;;0;2;Autovettura privata;In marcia / fermata / arresto;Opel;AGILA;Conducente;1960;F;Illeso;0;;Non accertato;
3615583;8;24/12/2017 09:10:00;Altra strada;VIA DI SALONE;all'intersezione con;VIA COLLATINA;VIA COLLATINA;;;Tamponamento;Rotatoria;Una carreggiata a doppio senso;Asciutto;Asfaltata;Verticale ed orizzontale;Sereno;Normale;Buona;Ore Diurne;0;0;0;1;12,6265;41,9316;0;1;Autovettura privata;In marcia / fermata / arresto;Dacia;Sandero;Conducente;1978;M;Illeso;0;;Non accertato;Inesploso
3615586;8;24/12/2017 10:10:00;;VIA BORGHESIANA;all'intersezione con;VIA PETRALIA SOTTANA;VIA PETRALIA SOTTANA;;;Scontro frontale/laterale DX fra veicoli in marcia;;;;;;;;;;0;0;0;2;;;0;1;Autovettura privata;In marcia / fermata / arresto;Fiat;Punto;Conducente;1946;M;Illeso;0;;Non accertato;Inesploso