Protocollo;Gruppo;DataOraIncidente;Localizzazione1;STRADA1;Localizzazione2;STRADA2;Strada02;Chilometrica;DaSpecificare;NaturaIncidente;particolaritastrade;TipoStrada;FondoStradale;Pavimentazione;Segnaletica;CondizioneAtmosferica;Traffico;Visibilita;Illuminazione;NUM_FERITI;NUM_RISERVATA;NUM_MORTI;NUM_ILLESI;Longitudine;Latitudine;Confermato;Progressivo;TipoVeicolo;StatoVeicolo;Marca;Modello;TipoPersona;AnnoNascita;Sesso;Tipolesione;Deceduto;DecedutoDopo;CinturaCascoUtilizzato;Airbag;
3615760;1;23/12/2017 13:00:00;Strada Urbana;VIALE DELLA PIRAMIDE CESTIA;in prossimità;;del civico n.;61;;Scontro laterale fra veicoli in marcia;Rettilineo;Più di due carreggiate;Asciutto;In cubetti di porfido;Verticale ed orizzontale;Sereno;Normale;Sufficiente;Ore Diurne;1;0;0;1;;;0;1;Autovettura privata;In marcia / fermata / arresto;Mini;(non accertato);Conducente;1943;M;Illeso;0;;;
3615760;1;23/12/2017 13:00:00;Strada Urbana;VIALE DELLA PIRAMIDE CESTIA;in prossimità;;del civico n.;61;;Scontro laterale fra veicoli in marcia;Rettilineo;Più di due carreggiate;Asciutto;In cubetti di porfido;Verticale ed orizzontale;Sereno;Normale;Sufficiente;Ore Diurne;1;0;0;1;;;0;2;Motociclo a solo;In marcia / fermata / arresto;Honda;SH 300;Conducente;1991;M;Rimandato;0;NON DECEDUTO;;
3615768;18;23/12/2017 21:10:00;Strada Urbana;VIA DI BOCCEA;all'intersezione con;VIA GREGORIO XI;VIA GREGORIO XI;;;Scontro frontale/laterale SX fra veicoli in marcia;Intersezione stradale segnalata;Una carreggiata a doppio senso;Asciutto;Asfaltata;Verticale ed orizzontale;Sereno;Scarso;Sufficiente;Ore Diurne;1;0;0;1;12,37296;41,92203;0;1;Autovettura privata;In marcia / fermata / arresto;Fiat;Brava;Conducente;1964;M;Illeso;0;;Non accertato;
3615768;18;23/12/2017 21:10:00;Strada Urbana;VIA DI BOCCEA;all'intersezione con;VIA GREGORIO XI;VIA GREGORIO XI;;;Scontro frontale/laterale SX fra veicoli in marcia;Intersezione stradale segnalata;Una carreggiata a doppio senso;Asciutto;Asfaltata;Verticale ed orizzontale;Sereno;Scarso;Sufficiente;Ore Diurne;1;0;0;1;12,37296;41,92203;0;2;Motociclo a solo;In marcia / fermata / arresto;Honda;SH 125;Conducente;1977;M;Rimandato;0;NON DECEDUTO;Non accertato;
3615772;4;22/12/2017 08:40:00;;VIA NOMENTANA;in corrispondenza;;del civico n.;316;;Infortunio per sola frenata improvvisa;;;;;;;;;;1;0;0;0;;;0;1;Motociclo a solo;In marcia / fermata / arresto;Honda;CBR 900;Conducente;1986;M;Rifiuta cure immediate;0;NON DECEDUTO;;
3615776;18;24/12/2017 20:00:00;;VIALE DI VALLE AURELIA;da specificare;;;;prox capolinea 906;Veicolo in marcia contro veicoli in sosta;;;;;;;;;;0;0;0;1;12,43326;41,91713;0;1;Autovettura privata;In marcia / fermata / arresto;Fiat;600;Conducente;1971;M;Illeso;0;;;
3615779;1;24/12/2017 12:30:00;Strada Urbana;VIA DEL CIRCO MASSIMO;all'intersezione con;PIAZZALE UGO LA MALFA;PIAZZALE UGO LA MALFA;;;Scontro laterale fra veicoli in marcia;Incrocio;Due carreggiate;Asciutto;Asfaltata;Verticale ed orizzontale;Sereno;Scarso;Buona;Ore Diurne;0;0;0;2;;;0;1;Autovettura pubblica;In marcia / fermata / arresto;Opel;Vivaro;Conducente;1960;M;Illeso;0;;Non accertato;Inesploso
3615779;1;24/12/2017 12:30:00;Strada Urbana;VIA DEL CIRCO MASSIMO;all'intersezione con;PIAZZALE UGO LA MALFA;PIAZZALE UGO LA MALFA;;;Scontro laterale fra veicoli in marcia;Incrocio;Due carreggiate;Asciutto;Asfaltata;Verticale ed orizzontale;Sereno;Scarso;Buona;Ore Diurne;0;0;0;2;;;0;2;Autovettura privata;In marcia / fermata / arresto;Opel;ADAM;Conducente;1989;M;Illeso;0;;Non accertato;Inesploso
3615783;19;24/12/2017 16:30:00;Strada Urbana;VIA DI TRAGLIATELLA;in prossimità;;del civico n.;190;;Scontro frontale/laterale DX fra veicoli in marcia;Curva a visuale libera;Una carreggiata a doppio senso;Asciutto;Asfaltata;Verticale ed orizzontale;Sereno;Scarso;Buona;Ore Diurne;1;0;0;0;12,27008;42,02183;0;1;Autovettura privata;In marcia / fermata / arresto;Nissan;Micra;Conducente;1972;F;Rimandato;0;NON DECEDUTO;Non accertato;Esploso
3615784;19;24/12/2017 12:45:00;;VIA DELLA VALLE DEI FONTANILI;all'intersezione con;VIA ANDERSEN;VIA ANDERSEN;;;Scontro frontale fra veicoli in marcia;;;;;;;;;;1;0;0;1;;;0;1;Autovettura privata;In marcia / fermata / arresto;Peugeot;207;Conducente;1954;F;Illeso;0;;;
3615784;19;24/12/2017 12:45:00;;VIA DELLA VALLE DEI FONTANILI;all'intersezione con;VIA ANDERSEN;VIA ANDERSEN;;;Scontro frontale fra veicoli in marcia;;;;;;;;;;1;0;0;1;;;0;2;Motociclo a solo;In marcia / fermata / arresto;Piaggio;Vespa 125;Conducente;1970;M;Rimandato;0;NON DECEDUTO;;
3615786;18;26/12/2017 17:50:00;Strada Urbana;VIA DOMENICO TARDINI;in corrispondenza;;del civico n.;16;;Investimento di pedone;Rettilineo;Una carreggiata a senso unico di marcia;Bagnato (pioggia);Asfaltata;Verticale ed orizzontale;Pioggia in atto;Normale;Buona;Sufficiente;1;0;0;3;12,42677;41,90213;0;;;;;;Pedone;1955;F;Rimandato;0;NON DECEDUTO;;
3615786;18;26/12/2017 17:50:00;Strada Urbana;VIA DOMENICO TARDINI;in corrispondenza;;del civico n.;16;;Investimento di pedone;Rettilineo;Una carreggiata a senso unico di marcia;Bagnato (pioggia);Asfaltata;Verticale ed orizzontale;Pioggia in atto;Normale;Buona;Sufficiente;1;0;0;3;12,42677;41,90213;0;1;Autovettura privata;In marcia / fermata / arresto;Fiat;Panda;Conducente;1998;F;Illeso;0;;Non accertato;Inesploso
3615786;18;26/12/2017 17:50:00;Strada Urbana;VIA DOMENICO TARDINI;in corrispondenza;;del civico n.;16;;Investimento di pedone;Rettilineo;Una carreggiata a senso unico di marcia;Bagnato (pioggia);Asfaltata;Verticale ed orizzontale;Pioggia in atto;Normale;Buona;Sufficiente;1;0;0;3;12,42677;41,90213;0;1;Autovettura privata;In marcia / fermata / arresto;Fiat;Panda;Passeggero;1973;F;Illeso;0;;Non accertato;Inesploso
3615786;18;26/12/2017 17:50:00;Strada Urbana;VIA DOMENICO TARDINI;in corrispondenza;;del civico n.;16;;Investimento di pedone;Rettilineo;Una carreggiata a senso unico di marcia;Bagnato (pioggia);Asfaltata;Verticale ed orizzontale;Pioggia in atto;Normale;Buona;Sufficiente;1;0;0;3;12,42677;41,90213;0;1;Autovettura privata;In marcia / fermata / arresto;Fiat;Panda;Passeggero;2001;M;Illeso;0;;Non accertato;Inesploso
3615788;13;26/12/2017 19:20:00;Strada Urbana;VIA FRANCESCO CILEA;in corrispondenza;;del civico n.;325;;Veicolo in marcia contro ostacolo accidentale;Rettilineo;Una carreggiata a senso unico di marcia;Bagnato (pioggia);Asfaltata;Assente;Nuvoloso;Normale;Buona;Insufficiente;0;0;0;1;12,37449;41,75124;-1;1;Autovettura privata;In marcia / fermata / arresto;Fiat;500;Conducente;1994;F;Illeso;0;;Non accertato;Inesploso
3615792;19;24/12/2017 02:20:00;Strada Urbana;VIA S. GIUSEPPE DA COPERTINO;da specificare;;;;ipogeo degli ottavi;Ribaltamento senza urto contro ostacolo fisso;Curva senza visuale libera;Una carreggiata a senso unico di marcia;Asciutto;Asfaltata;Verticale ed orizzontale;Sereno;Scarso;Sufficiente;Inesistente;0;0;0;1;12,48445;41,8171;0;1;Autovettura privata;In marcia / fermata / arresto;Opel;AGILA;Conducente;1998;M;Illeso;0;;Non accertato;Inesploso
3615795;15;27/12/2017 08:40:00;Strada Urbana;VIA GIOVANNI CASELLI;all'intersezione con;VIA IACOPO BELGRADO;VIA IACOPO BELGRADO;;;Scontro frontale/laterale DX fra veicoli in marcia;Incrocio;Due carreggiate;Bagnato (pioggia);Asfaltata;Orizzontale;Pioggia in atto;Scarso;Sufficiente;Ore Diurne;0;0;0;4;12,46298;41,86922;0;1;Autovettura privata;In marcia / fermata / arresto;Fiat;600;Conducente;1972;M;Illeso;0;;Non accertato;Inesploso
3615795;15;27/12/2017 08:40:00;Strada Urbana;VIA GIOVANNI CASELLI;all'intersezione con;VIA IACOPO BELGRADO;VIA IACOPO BELGRADO;;;Scontro frontale/laterale DX fra veicoli in marcia;Incrocio;Due carreggiate;Bagnato (pioggia);Asfaltata;Orizzontale;Pioggia in atto;Scarso;Sufficiente;Ore Diurne;0;0;0;4;12,46298;41,86922;0;1;Autovettura privata;In marcia / fermata / arresto;Fiat;600;Passeggero;2004;F;Illeso;0;;Non accertato;Inesploso
3615795;15;27/12/2017 08:40:00;Strada Urbana;VIA GIOVANNI CASELLI;all'intersezione con;VIA IACOPO BELGRADO;VIA IACOPO BELGRADO;;;Scontro frontale/laterale DX fra veicoli in marcia;Incrocio;Due carreggiate;Bagnato (pioggia);Asfaltata;Orizzontale;Pioggia in atto;Scarso;Sufficiente;Ore Diurne;0;0;0;4;12,46298;41,86922;0;2;Autovettura privata;In marcia / fermata / arresto;Mercedes;Classe A;Conducente;1979;M;Illeso;0;;Non accertato;Inesploso
3615795;15;27/12/2017 08:40:00;Strada Urbana;VIA GIOVANNI CASELLI;all'intersezione con;VIA IACOPO BELGRADO;VIA IACOPO BELGRADO;;;Scontro frontale/laterale DX fra veicoli in marcia;Incrocio;Due carreggiate;Bagnato (pioggia);Asfaltata;Orizzontale;Pioggia in atto;Scarso;Sufficiente;Ore Diurne;0;0;0;4;12,46298;41,86922;0;2;Autovettura privata;In marcia / fermata / arresto;Mercedes;Classe A;Passeggero;1981;F;Illeso;0;;Non accertato;Inesploso
3615801;4;22/12/2017 17:45:00;;VIA SALARIA;da specificare;;;;prossimità civico 746 (direz. Settebagni);Scontro laterale fra veicoli in marcia;;;;;;;;;;0;0;0;2;12,51783;41,98705;0;1;Autovettura privata;In marcia / fermata / arresto;Toyota;Aygo;Conducente;1994;M;Illeso;0;;;
3615801;4;22/12/2017 17:45:00;;VIA SALARIA;da specificare;;;;prossimità civico 746 (direz. Settebagni);Scontro laterale fra veicoli in marcia;;;;;;;;;;0;0;0;2;12,51783;41,98705;0;2;Autovettura privata;In marcia / fermata / arresto;Audi;A 4;Conducente;1949;M;Illeso;0;;;
3615802;19;24/12/2017 12:00:00;Strada Urbana;VIA PIETRO GASPARRI;in prossimità;;del civico n.;71;;Scontro laterale fra veicoli in marcia;Rettilineo;Una carreggiata a doppio senso;Asciutto;Asfaltata;Verticale ed orizzontale;Sereno;Normale;Buona;Ore Diurne;0;0;0;5;12,41413;41,92328;0;1;Autovettura privata;In marcia / fermata / arresto;Fiat-Lancia;Y;Conducente;1986;F;Illeso;0;;Non accertato;Inesploso
3615802;19;24/12/2017 12:00:00;Strada Urbana;VIA PIETRO GASPARRI;in prossimità;;del civico n.;71;;Scontro laterale fra veicoli in marcia;Rettilineo;Una carreggiata a doppio senso;Asciutto;Asfaltata;Verticale ed orizzontale;Sereno;Normale;Buona;Ore Diurne;0;0;0;5;12,41413;41,92328;0;1;Autovettura privata;In marcia / fermata / arresto;Fiat-Lancia;Y;Passeggero;1956;F;Illeso;0;;Non accertato;Inesploso
3615802;19;24/12/2017 12:00:00;Strada Urbana;VIA PIETRO GASPARRI;in prossimità;;del civico n.;71;;Scontro laterale fra veicoli in marcia;Rettilineo;Una carreggiata a doppio senso;Asciutto;Asfaltata;Verticale ed orizzontale;Sereno;Normale;Buona;Ore Diurne;0;0;0;5;12,41413;41,92328;0;1;Autovettura privata;In marcia / fermata / arresto;Fiat-Lancia;Y;Passeggero;1960;F;Illeso;0;;Non accertato;Inesploso
3615802;19;24/12/2017 12:00:00;Strada Urbana;VIA PIETRO GASPARRI;in prossimità;;del civico n.;71;;Scontro laterale fra veicoli in marcia;Rettilineo;Una carreggiata a doppio senso;Asciutto;Asfaltata;Verticale ed orizzontale;Sereno;Normale;Buona;Ore Diurne;0;0;0;5;12,41413;41,92328;0;2;Autovettura privata;In marcia / fermata / arresto;BMW;120;Conducente;1973;M;Illeso;0;;Non accertato;Inesploso
3615802;19;24/12/2017 12:00:00;Strada Urbana;VIA PIETRO GASPARRI;in prossimità;;del civico n.;71;;Scontro laterale fra veicoli in marcia;Rettilineo;Una carreggiata a doppio senso;Asciutto;Asfaltata;Verticale ed orizzontale;Sereno;Normale;Buona;Ore Diurne;0;0;0;5;12,41413;41,92328;0;2;Autovettura privata;In marcia / fermata / arresto;BMW;120;Passeggero;2013;M;Illeso;0;;Non accertato;Inesploso
3615803;4;22/12/2017 09:30:00;;VIA EUGENIO CHIESA;all'intersezione con;VIA GIORGIO LA PIRA;VIA GIORGIO LA PIRA;;;Scontro frontale/laterale DX fra veicoli in marcia;;;;;;;;;;0;0;0;1;;;0;1;Autovettura privata;In marcia / fermata / arresto;Fiat;Panda;Conducente;1973;M;Illeso;0;;;Inesploso
3615805;17;25/12/2017 19:25:00;Strada Urbana;VIA LEONE IV;in prossimità;;del civico n.;38;;Scontro frontale/laterale SX fra veicoli in marcia;Rettilineo;Una carreggiata a doppio senso;Asciutto;Asfaltata;Verticale ed orizzontale;Sereno;Normale;Buona;Sufficiente;0;0;0;2;12,45499;41,90913;0;1;Autovettura privata;In marcia / fermata / arresto;Fiat;500;Conducente;1984;F;Illeso;0;;;
3615805;17;25/12/2017 19:25:00;Strada Urbana;VIA LEONE IV;in prossimità;;del civico n.;38;;Scontro frontale/laterale SX fra veicoli in marcia;Rettilineo;Una carreggiata a doppio senso;Asciutto;Asfaltata;Verticale ed orizzontale;Sereno;Normale;Buona;Sufficiente;0;0;0;2;12,45499;41,90913;0;2;Motociclo a solo;In marcia / fermata / arresto;Honda;SH;Conducente;1969;M;Illeso;0;;;
3615818;1;25/12/2017 09:45:00;Strada Urbana;VIA DEL TEATRO DI MARCELLO;in prossimità;;del civico n.;10;;Veicolo in marcia contro veicolo fermo;Curva a visuale libera;Una carreggiata a doppio senso;Asciutto;Acciotolata;Verticale ed orizzontale;Sereno;Scarso;Buona;Ore Diurne;0;0;0;2;;;0;1;Autobus turistico;In marcia / fermata / arresto;Setra;(ignoto);Conducente;1960;M;Illeso;0;;Non accertato;Inesploso
3615818;1;25/12/2017 09:45:00;Strada Urbana;VIA DEL TEATRO DI MARCELLO;in prossimità;;del civico n.;10;;Veicolo in marcia contro veicolo fermo;Curva a visuale libera;Una carreggiata a doppio senso;Asciutto;Acciotolata;Verticale ed orizzontale;Sereno;Scarso;Buona;Ore Diurne;0;0;0;2;;;0;2;Autobus turistico;In marcia / fermata / arresto;Volvo;(ignoto);Conducente;1971;M;Illeso;0;;Non accertato;
3615823;5;23/12/2017 16:00:00;;VIA DI SALONE;da specificare;;;;in prossimità cavalcavia A24;Scontro frontale fra veicoli in marcia;;;;;;;;;;2;0;0;0;12,62985;41,92349;0;1;Autovettura privata;In marcia / fermata / arresto;Fiat;Panda;Conducente;0;M;Rimandato;0;NON DECEDUTO;;
3615823;5;23/12/2017 16:00:00;;VIA DI SALONE;da specificare;;;;in prossimità cavalcavia A24;Scontro frontale fra veicoli in marcia;;;;;;;;;;2;0;0;0;12,62985;41,92349;0;2;Autovettura privata;In marcia / fermata / arresto;Lancia;Y;Conducente;0;F;Rimandato;0;NON DECEDUTO;;
3615825;12;22/12/2017 17:35:00;Strada Urbana;VIA DEL FOSSO DEL TORRINO;in corrispondenza;;del civico n.;10;;Investimento di pedone;Rettilineo;Una carreggiata a doppio senso;Asciutto;Asfaltata;Orizzontale;Sereno;Normale;Buona;Sufficiente;1;0;0;1;12,43372;41,816;0;;;;;;Pedone;1994;M;Rimandato;0;NON DECEDUTO;;
3615825;12;22/12/2017 17:35:00;Strada Urbana;VIA DEL FOSSO DEL TORRINO;in corrispondenza;;del civico n.;10;;Investimento di pedone;Rettilineo;Una carreggiata a doppio senso;Asciutto;Asfaltata;Orizzontale;Sereno;Normale;Buona;Sufficiente;1;0;0;1;12,43372;41,816;0;1;Autovettura privata;In marcia / fermata / arresto;Renault;Megane;Conducente;1975;F;Illeso;0;;Utilizzato;Inesploso
3615830;4;23/12/2017 08:50:00;;VIA CONCA D'ORO;in prossimità;;del civico n.;190;;Veicoli in marcia contro veicolo fermo;;;;;;;;;;1;0;0;1;;;0;1;Autovettura privata;In marcia / fermata / arresto;Fiat-Lancia;Y;Conducente;1987;F;Illeso;0;;;
3615830;4;23/12/2017 08:50:00;;VIA CONCA D'ORO;in prossimità;;del civico n.;190;;Veicoli in marcia contro veicolo fermo;;;;;;;;;;1;0;0;1;;;0;2;Motociclo con passeggero;In marcia / fermata / arresto;Piaggio;Beverly;Conducente;1969;M;Rifiuta cure immediate;0;NON DECEDUTO;;
3615833;5;23/12/2017 16:30:00;;VIA DI CASAL BIANCO;all'intersezione con;VIA DI MARCO SIMONE;VIA DI MARCO SIMONE;;;Scontro frontale/laterale DX fra veicoli in marcia;;;;;;;;;;2;0;0;0;12,64525;41,9469;0;2;Autovettura privata;In marcia / fermata / arresto;Smart ;-;Conducente;0;F;Rimandato;0;NON DECEDUTO;;
3615833;5;23/12/2017 16:30:00;;VIA DI CASAL BIANCO;all'intersezione con;VIA DI MARCO SIMONE;VIA DI MARCO SIMONE;;;Scontro frontale/laterale DX fra veicoli in marcia;;;;;;;;;;2;0;0;0;12,64525;41,9469;0;2;Autovettura privata;In marcia / fermata / arresto;Smart ;-;Passeggero;0;F;Rimandato;0;NON DECEDUTO;;
3615839;1;23/12/2017 18:45:00;Strada Urbana;VIA ANGELO POLIZIANO;all'intersezione con;VIA MERULANA;VIA MERULANA;;;Scontro frontale/laterale DX fra veicoli in marcia;Incrocio;Una carreggiata a senso unico di marcia;Asciutto;Asfaltata;Verticale ed orizzontale;Sereno;Normale;Sufficiente;Sufficiente;0;0;0;2;;;0;1;Autovettura privata;In marcia / fermata / arresto;Fiat;500;Conducente;1976;M;Illeso;0;;;
3615839;1;23/12/2017 18:45:00;Strada Urbana;VIA ANGELO POLIZIANO;all'intersezione con;VIA MERULANA;VIA MERULANA;;;Scontro frontale/laterale DX fra veicoli in marcia;Incrocio;Una carreggiata a senso unico di marcia;Asciutto;Asfaltata;Verticale ed orizzontale;Sereno;Normale;Sufficiente;Sufficiente;0;0;0;2;;;0;3;Autovettura pubblica;In marcia / fermata / arresto;Fiat;500 L;Conducente;1957;M;Illeso;0;;;
3615850;1;25/12/2017 18:45:00;Strada Urbana;PIAZZA ALBANIA;in prossimità;;del palo luce n.;5;;Veicolo in marcia contro ostacolo accidentale;Rettilineo;Più di due carreggiate;Asciutto;In cubetti di porfido;Verticale ed orizzontale;Sereno;Scarso;Buona;Sufficiente;0;0;0;1;12,48314;41,88018;-1;1;Autovettura privata;In marcia / fermata / arresto;Lancia;Ypsilon;Conducente;1953;M;Illeso;0;;Non accertato;Inesploso
3615859;6;27/12/2017 08:10:00;Strada Urbana;VIA PRENESTINA;all'intersezione semaforizzata con;LARGO PRENESTE;LARGO PRENESTE;;;Scontro frontale/laterale DX fra veicoli in marcia;Incrocio;Più di due carreggiate;Bagnato (pioggia);Asfaltata;Verticale ed orizzontale;Nuvoloso;Normale;Buona;Ore Diurne;1;0;0;1;12,54192;41,89264;0;1;Autovettura pubblica;In marcia / fermata / arresto;Citroen;C 3 Picasso;Conducente;1988;M;Illeso;0;;Non accertato;Inesploso
3615859;6;27/12/2017 08:10:00;Strada Urbana;VIA PRENESTINA;all'intersezione semaforizzata con;LARGO PRENESTE;LARGO PRENESTE;;;Scontro frontale/laterale DX fra veicoli in marcia;Incrocio;Più di due carreggiate;Bagnato (pioggia);Asfaltata;Verticale ed orizzontale;Nuvoloso;Normale;Buona;Ore Diurne;1;0;0;1;12,54192;41,89264;0;2;Motociclo a solo;In marcia / fermata / arresto;Yamaha;X - MAX;Conducente;1974;M;Rimandato;0;NON DECEDUTO;Non accertato;
3615862;4;23/12/2017 00:10:00;;VIA ROBERT MUSIL;in prossimità;;del civico n.;12;;Veicolo in marcia contro veicoli in sosta;;;;;;;;;;0;0;0;1;;;0;1;Autovettura privata;In marcia / fermata / arresto;Peugeot;207;Conducente;1977;M;Illeso;0;;;
3615874;17;26/12/2017 05:40:00;Strada Urbana;VIA VIRGINIO ORSINI;all'intersezione con;VIA DEGLI SCIPIONI;VIA DEGLI SCIPIONI;;;Scontro frontale/laterale DX fra veicoli in marcia;Intersezione stradale segnalata;Una carreggiata a senso unico di marcia;Asciutto;Asfaltata;Verticale ed orizzontale;Sereno;Scarso;Buona;Sufficiente;1;0;0;4;12,46924;41,91093;0;1;Autovettura privata;In marcia / fermata / arresto;Volkswagen;Polo;Conducente;1991;M;Illeso;0;;;
3615874;17;26/12/2017 05:40:00;Strada Urbana;VIA VIRGINIO ORSINI;all'intersezione con;VIA DEGLI SCIPIONI;VIA DEGLI SCIPIONI;;;Scontro frontale/laterale DX fra veicoli in marcia;Intersezione stradale segnalata;Una carreggiata a senso unico di marcia;Asciutto;Asfaltata;Verticale ed orizzontale;Sereno;Scarso;Buona;Sufficiente;1;0;0;4;12,46924;41,91093;0;1;Autovettura privata;In marcia / fermata / arresto;Volkswagen;Polo;Passeggero;1995;F;Illeso;0;;;
3615874;17;26/12/2017 05:40:00;Strada Urbana;VIA VIRGINIO ORSINI;all'intersezione con;VIA DEGLI SCIPIONI;VIA DEGLI SCIPIONI;;;Scontro frontale/laterale DX fra veicoli in marcia;Intersezione stradale segnalata;Una carreggiata a senso unico di marcia;Asciutto;Asfaltata;Verticale ed orizzontale;Sereno;Scarso;Buona;Sufficiente;1;0;0;4;12,46924;41,91093;0;1;Autovettura privata;In marcia / fermata / arresto;Volkswagen;Polo;Passeggero;1996;M;Illeso;0;;;
3615874;17;26/12/2017 05:40:00;Strada Urbana;VIA VIRGINIO ORSINI;all'intersezione con;VIA DEGLI SCIPIONI;VIA DEGLI SCIPIONI;;;Scontro frontale/laterale DX fra veicoli in marcia;Intersezione stradale segnalata;Una carreggiata a senso unico di marcia;Asciutto;Asfaltata;Verticale ed orizzontale;Sereno;Scarso;Buona;Sufficiente;1;0;0;4;12,46924;41,91093;0;2;Autovettura pubblica;In marcia / fermata / arresto;Fiat;500 L;Conducente;1947;M;Rifiuta cure immediate;0;NON DECEDUTO;;
3615890;19;25/12/2017 13:00:00;Strada Urbana;VIA LIDIA BIANCHI;all'intersezione con;VIA IRMA BANDIERA;VIA IRMA BANDIERA;;;Scontro frontale/laterale SX fra veicoli in marcia;Incrocio;Una carreggiata a doppio senso;Asciutto;Asfaltata;Verticale ed orizzontale;Sereno;Scarso;Buona;Ore Diurne;0;0;0;4;12,36452;41,94089;0;1;Autovettura privata;In marcia / fermata / arresto;BMW;123D;Conducente;1972;F;Illeso;0;;Non accertato;Inesploso
3615890;19;25/12/2017 13:00:00;Strada Urbana;VIA LIDIA BIANCHI;all'intersezione con;VIA IRMA BANDIERA;VIA IRMA BANDIERA;;;Scontro frontale/laterale SX fra veicoli in marcia;Incrocio;Una carreggiata a doppio senso;Asciutto;Asfaltata;Verticale ed orizzontale;Sereno;Scarso;Buona;Ore Diurne;0;0;0;4;12,36452;41,94089;0;1;Autovettura privata;In marcia / fermata / arresto;BMW;123D;Passeggero;2000;F;Illeso;0;;Non accertato;Inesploso
3615890;19;25/12/2017 13:00:00;Strada Urbana;VIA LIDIA BIANCHI;all'intersezione con;VIA IRMA BANDIERA;VIA IRMA BANDIERA;;;Scontro frontale/laterale SX fra veicoli in marcia;Incrocio;Una carreggiata a doppio senso;Asciutto;Asfaltata;Verticale ed orizzontale;Sereno;Scarso;Buona;Ore Diurne;0;0;0;4;12,36452;41,94089;0;2;Autovettura privata;In marcia / fermata / arresto;Fiat;Panda;Conducente;1954;M;Illeso;0;;Non accertato;Inesploso
3615890;19;25/12/2017 13:00:00;Strada Urbana;VIA LIDIA BIANCHI;all'intersezione con;VIA IRMA BANDIERA;VIA IRMA BANDIERA;;;Scontro frontale/laterale SX fra veicoli in marcia;Incrocio;Una carreggiata a doppio senso;Asciutto;Asfaltata;Verticale ed orizzontale;Sereno;Scarso;Buona;Ore Diurne;0;0;0;4;12,36452;41,94089;0;2;Autovettura privata;In marcia / fermata / arresto;Fiat;Panda;Passeggero;1956;F;Illeso;0;;Non accertato;Inesploso
3615897;4;23/12/2017 20:00:00;;VIA SALARIA;all'intersezione semaforizzata con;VIA DEL CASALE DI SETTEBAGNI;VIA DEL CASALE DI SETTEBAGNI;;;Tamponamento;;;;;;;;;;0;0;0;2;;;0;1;Autovettura privata;In marcia / fermata / arresto;BMW;535D;Conducente;1956;M;Illeso;0;;Non accertato;Inesploso
3615897;4;23/12/2017 20:00:00;;VIA SALARIA;all'intersezione semaforizzata con;VIA DEL CASALE DI SETTEBAGNI;VIA DEL CASALE DI SETTEBAGNI;;;Tamponamento;;;;;;;;;;0;0;0;2;;;0;2;Autovettura privata;In marcia / fermata / arresto;Citroen;C1;Conducente;1996;M;Illeso;0;;Non accertato;Esploso
3615900;19;25/12/2017 20:10:00;;VIA TAGGIA;all'intersezione con;VIA COGOLETO;VIA COGOLETO;;;Scontro frontale/laterale DX fra veicoli in marcia;;;;;;;;;;1;0;0;1;;;0;1;Autovettura privata;In marcia / fermata / arresto;Opel;Mokka;Conducente;0;M;Illeso;0;;;
3615900;19;25/12/2017 20:10:00;;VIA TAGGIA;all'intersezione con;VIA COGOLETO;VIA COGOLETO;;;Scontro frontale/laterale DX fra veicoli in marcia;;;;;;;;;;1;0;0;1;;;0;2;Autovettura privata;In marcia / fermata / arresto;Alfa Lancia;Y;Conducente;1980;F;Rimandato;0;NON DECEDUTO;Non accertato;Inesploso
3615914;19;26/12/2017 20:35:00;;VIA DI TORREVECCHIA;all'intersezione con;VIA FINALE LIGURE;VIA FINALE LIGURE;;;Scontro frontale/laterale DX fra veicoli in marcia;;;;;;;;;;1;0;0;1;;;0;1;Autovettura privata;In marcia / fermata / arresto;Fiat;500;Conducente;1998;M;Illeso;0;;;
3615914;19;26/12/2017 20:35:00;;VIA DI TORREVECCHIA;all'intersezione con;VIA FINALE LIGURE;VIA FINALE LIGURE;;;Scontro frontale/laterale DX fra veicoli in marcia;;;;;;;;;;1;0;0;1;;;0;2;Velocipede;In marcia / fermata / arresto;(non accertato);da corsa;Conducente;1935;M;Rimandato;0;NON DECEDUTO;Esente;
3615916;17;26/12/2017 18:50:00;Strada Urbana;VIA CANDIA;all'intersezione semaforizzata con;VIA RUGGERO DI LAURIA;VIA RUGGERO DI LAURIA;;;Investimento di pedone;Intersezione semaforizzata;Una carreggiata a senso unico di marcia;Bagnato (pioggia);Asfaltata;Verticale ed orizzontale;Pioggia in atto;Normale;Sufficiente;Sufficiente;1;0;0;1;12,45079;41,90767;0;;;;;;Pedone;1960;F;Rimandato;0;NON DECEDUTO;;
3615916;17;26/12/2017 18:50:00;Strada Urbana;VIA CANDIA;all'intersezione semaforizzata con;VIA RUGGERO DI LAURIA;VIA RUGGERO DI LAURIA;;;Investimento di pedone;Intersezione semaforizzata;Una carreggiata a senso unico di marcia;Bagnato (pioggia);Asfaltata;Verticale ed orizzontale;Pioggia in atto;Normale;Sufficiente;Sufficiente;1;0;0;1;12,45079;41,90767;0;1;Autovettura privata;In marcia / fermata / arresto;Fiat;Nuova Panda;Conducente;1942;M;Illeso;0;;;