Protocollo;Gruppo;DataOraIncidente;Localizzazione1;STRADA1;Localizzazione2;STRADA2;Strada02;Chilometrica;DaSpecificare;NaturaIncidente;particolaritastrade;TipoStrada;FondoStradale;Pavimentazione;Segnaletica;CondizioneAtmosferica;Traffico;Visibilita;Illuminazione;NUM_FERITI;NUM_RISERVATA;NUM_MORTI;NUM_ILLESI;Longitudine;Latitudine;Confermato;Progressivo;TipoVeicolo;StatoVeicolo;Marca;Modello;TipoPersona;AnnoNascita;Sesso;Tipolesione;Deceduto;DecedutoDopo;CinturaCascoUtilizzato;Airbag;
3616315;13;27/12/2017 14:15:00;Strada Urbana;VIA DEL LIDO DI CASTELPORZIANO;da specificare;;;;altezza di Via di Castel Castelporziano;Veicolo in marcia contro ostacolo accidentale;Rettilineo;Una carreggiata a doppio senso;Bagnato (pioggia);Asfaltata;Assente;Pioggia in atto;Scarso;Buona;Ore Diurne;0;0;0;1;12,35069;41,71813;0;1;Autovettura privata;In marcia / fermata / arresto;Toyota;Aygo;Conducente;1993;M;Illeso;0;;Non accertato;Inesploso
3616336;4;26/12/2017 10:45:00;Strada Urbana;VIA INCISA IN VAL D'ARNO;all'intersezione con;VIA RADICOFANI;VIA RADICOFANI;;;Scontro frontale/laterale DX fra veicoli in marcia;Incrocio;Una carreggiata a doppio senso;Asciutto;Asfaltata;Verticale ed orizzontale;Nuvoloso;Normale;Buona;Ore Diurne;0;0;0;3;12,50901;41,97907;0;1;Autovettura privata;In marcia / fermata / arresto;Alfa Romeo;MITO;Conducente;1941;M;Illeso;0;;;
3616336;4;26/12/2017 10:45:00;Strada Urbana;VIA INCISA IN VAL D'ARNO;all'intersezione con;VIA RADICOFANI;VIA RADICOFANI;;;Scontro frontale/laterale DX fra veicoli in marcia;Incrocio;Una carreggiata a doppio senso;Asciutto;Asfaltata;Verticale ed orizzontale;Nuvoloso;Normale;Buona;Ore Diurne;0;0;0;3;12,50901;41,97907;0;1;Autovettura privata;In marcia / fermata / arresto;Alfa Romeo;MITO;Passeggero;1934;F;Illeso;0;;;
3616336;4;26/12/2017 10:45:00;Strada Urbana;VIA INCISA IN VAL D'ARNO;all'intersezione con;VIA RADICOFANI;VIA RADICOFANI;;;Scontro frontale/laterale DX fra veicoli in marcia;Incrocio;Una carreggiata a doppio senso;Asciutto;Asfaltata;Verticale ed orizzontale;Nuvoloso;Normale;Buona;Ore Diurne;0;0;0;3;12,50901;41,97907;0;2;Autovettura privata;In marcia / fermata / arresto;Fiat;Panda;Conducente;1994;M;Illeso;0;;;
3616337;17;27/12/2017 11:30:00;Strada Urbana;VIA DELLA CONCILIAZIONE;all'intersezione con;VIA RUSTICUCCI;VIA RUSTICUCCI;;;Investimento di pedone;Incrocio;Più di due carreggiate;Bagnato (pioggia);In cubetti di porfido;Assente;Pioggia in atto;Scarso;Buona;Ore Diurne;0;0;0;2;12,46168;41,90219;0;;;;;;Pedone;1972;M;Illeso;0;;;
3616337;17;27/12/2017 11:30:00;Strada Urbana;VIA DELLA CONCILIAZIONE;all'intersezione con;VIA RUSTICUCCI;VIA RUSTICUCCI;;;Investimento di pedone;Incrocio;Più di due carreggiate;Bagnato (pioggia);In cubetti di porfido;Assente;Pioggia in atto;Scarso;Buona;Ore Diurne;0;0;0;2;12,46168;41,90219;0;1;Autovettura privata;In marcia / fermata / arresto;Lancia;Ypsilon;Conducente;1960;M;Illeso;0;;;
3616339;20;27/12/2017 13:40:00;Regionale entro l'abitato;VIA FLAMINIA;da specificare;;;;pross. via dei Due Ponti;Veicolo in marcia contro veicolo fermo;Curva a visuale libera;Due carreggiate;Bagnato (pioggia);Asfaltata;Verticale ed orizzontale;Pioggia in atto;Normale;Buona;Ore Diurne;0;0;0;2;12,47183;41,94192;-1;1;Autovettura privata;In marcia / fermata / arresto;Ford;Focus;Conducente;1969;F;Illeso;0;;Non accertato;Inesploso
3616339;20;27/12/2017 13:40:00;Regionale entro l'abitato;VIA FLAMINIA;da specificare;;;;pross. via dei Due Ponti;Veicolo in marcia contro veicolo fermo;Curva a visuale libera;Due carreggiate;Bagnato (pioggia);Asfaltata;Verticale ed orizzontale;Pioggia in atto;Normale;Buona;Ore Diurne;0;0;0;2;12,47183;41,94192;-1;2;Autovettura privata;In marcia / fermata / arresto;Fiat;Punto;Conducente;1977;F;Illeso;0;;Non accertato;Inesploso
3616349;7;24/12/2017 12:50:00;;VIALE DELLE ORCHIDEE;all'intersezione con;VIA DEI GELSI;VIA DEI GELSI;;;Scontro frontale/laterale DX fra veicoli in marcia;;;;;;;;;;0;0;0;3;;;0;1;Autovettura privata;In marcia / fermata / arresto;Ford;Focus SW;Conducente;1961;M;Illeso;0;;Non accertato;Inesploso
3616349;7;24/12/2017 12:50:00;;VIALE DELLE ORCHIDEE;all'intersezione con;VIA DEI GELSI;VIA DEI GELSI;;;Scontro frontale/laterale DX fra veicoli in marcia;;;;;;;;;;0;0;0;3;;;0;2;Autovettura privata;In marcia / fermata / arresto;Fiat;Panda;Conducente;1976;M;Illeso;0;;Non accertato;Inesploso
3616349;7;24/12/2017 12:50:00;;VIALE DELLE ORCHIDEE;all'intersezione con;VIA DEI GELSI;VIA DEI GELSI;;;Scontro frontale/laterale DX fra veicoli in marcia;;;;;;;;;;0;0;0;3;;;0;2;Autovettura privata;In marcia / fermata / arresto;Fiat;Panda;Passeggero;1978;M;Illeso;0;;Non accertato;Inesploso
3616350;7;25/12/2017 20:45:00;Strada Urbana;VIA TOR DE' SCHIAVI;all'intersezione con;VIA DEI GELSI;VIA DEI GELSI;;;Scontro frontale/laterale DX fra veicoli in marcia;Incrocio;Una carreggiata a doppio senso;Asciutto;Asfaltata;Verticale ed orizzontale;Sereno;Scarso;Buona;Sufficiente;0;0;0;7;12,56278;41,88494;0;1;Autovettura privata;In marcia / fermata / arresto;Lancia;Y;Conducente;1992;F;Illeso;0;;Non accertato;Inesploso
3616350;7;25/12/2017 20:45:00;Strada Urbana;VIA TOR DE' SCHIAVI;all'intersezione con;VIA DEI GELSI;VIA DEI GELSI;;;Scontro frontale/laterale DX fra veicoli in marcia;Incrocio;Una carreggiata a doppio senso;Asciutto;Asfaltata;Verticale ed orizzontale;Sereno;Scarso;Buona;Sufficiente;0;0;0;7;12,56278;41,88494;0;2;Autovettura privata;In marcia / fermata / arresto;Opel;Zafira;Conducente;1980;M;Illeso;0;;Non accertato;Inesploso
3616350;7;25/12/2017 20:45:00;Strada Urbana;VIA TOR DE' SCHIAVI;all'intersezione con;VIA DEI GELSI;VIA DEI GELSI;;;Scontro frontale/laterale DX fra veicoli in marcia;Incrocio;Una carreggiata a doppio senso;Asciutto;Asfaltata;Verticale ed orizzontale;Sereno;Scarso;Buona;Sufficiente;0;0;0;7;12,56278;41,88494;0;2;Autovettura privata;In marcia / fermata / arresto;Opel;Zafira;Passeggero;0;M;Illeso;0;;;
3616358;7;23/12/2017 13:00:00;;VIA PAPIRIA;all'intersezione con;VIALE MARCO FULVIO NOBILIORE;VIALE MARCO FULVIO NOBILIORE;;;Scontro frontale/laterale DX fra veicoli in marcia;;;;;;;;;;0;0;0;5;12,56233;41,86322;0;1;Autovettura privata;In marcia / fermata / arresto;Audi;A4;Conducente;1956;M;Illeso;0;;;
3616358;7;23/12/2017 13:00:00;;VIA PAPIRIA;all'intersezione con;VIALE MARCO FULVIO NOBILIORE;VIALE MARCO FULVIO NOBILIORE;;;Scontro frontale/laterale DX fra veicoli in marcia;;;;;;;;;;0;0;0;5;12,56233;41,86322;0;1;Autovettura privata;In marcia / fermata / arresto;Audi;A4;Passeggero;1988;M;Illeso;0;;;
3616358;7;23/12/2017 13:00:00;;VIA PAPIRIA;all'intersezione con;VIALE MARCO FULVIO NOBILIORE;VIALE MARCO FULVIO NOBILIORE;;;Scontro frontale/laterale DX fra veicoli in marcia;;;;;;;;;;0;0;0;5;12,56233;41,86322;0;2;Autovettura privata;In marcia / fermata / arresto;Renault;Clio;Conducente;1964;M;Illeso;0;;;
3616358;7;23/12/2017 13:00:00;;VIA PAPIRIA;all'intersezione con;VIALE MARCO FULVIO NOBILIORE;VIALE MARCO FULVIO NOBILIORE;;;Scontro frontale/laterale DX fra veicoli in marcia;;;;;;;;;;0;0;0;5;12,56233;41,86322;0;2;Autovettura privata;In marcia / fermata / arresto;Renault;Clio;Passeggero;1933;M;Illeso;0;;;
3616358;7;23/12/2017 13:00:00;;VIA PAPIRIA;all'intersezione con;VIALE MARCO FULVIO NOBILIORE;VIALE MARCO FULVIO NOBILIORE;;;Scontro frontale/laterale DX fra veicoli in marcia;;;;;;;;;;0;0;0;5;12,56233;41,86322;0;2;Autovettura privata;In marcia / fermata / arresto;Renault;Clio;Passeggero;1992;M;Illeso;0;;;
3616362;16;16/12/2017 11:55:00;;VIA DEL FONTANILE ARENATO;in corrispondenza;;del civico n.;128;;Veicolo in marcia contro veicolo in sosta;;;;;;;;;;0;0;0;1;12,4178;41,88498;0;1;Autovettura privata;In marcia / fermata / arresto;Peugeot;Bipper;Conducente;0;M;Illeso;0;;;
3616365;4;26/12/2017 13:40:00;;VIA VAL D'AOSTA;da specificare;;;;FRONTE CIVICO 94;Veicolo in marcia contro veicoli fermi;;;;;;;;;;0;0;0;1;;;0;1;Autovettura privata;In marcia / fermata / arresto;Mercedes;Smart;Conducente;1965;M;Illeso;0;;;
3616372;17;27/12/2017 10:30:00;Strada Urbana;VIALE ANGELICO;all'intersezione semaforizzata con;VIA SABOTINO;VIA SABOTINO;;;Scontro frontale/laterale DX fra veicoli in marcia;Intersezione semaforizzata;Più di due carreggiate;Bagnato (pioggia);Asfaltata;Verticale ed orizzontale;Pioggia in atto;Normale;Buona;Ore Diurne;2;0;0;1;12,45864;41,91737;0;1;Autovettura privata;In marcia / fermata / arresto;Chevrolet;spark;Conducente;1979;F;Rimandato;0;NON DECEDUTO;;
3616372;17;27/12/2017 10:30:00;Strada Urbana;VIALE ANGELICO;all'intersezione semaforizzata con;VIA SABOTINO;VIA SABOTINO;;;Scontro frontale/laterale DX fra veicoli in marcia;Intersezione semaforizzata;Più di due carreggiate;Bagnato (pioggia);Asfaltata;Verticale ed orizzontale;Pioggia in atto;Normale;Buona;Ore Diurne;2;0;0;1;12,45864;41,91737;0;1;Autovettura privata;In marcia / fermata / arresto;Chevrolet;spark;Passeggero;1946;F;Rimandato;0;NON DECEDUTO;;
3616372;17;27/12/2017 10:30:00;Strada Urbana;VIALE ANGELICO;all'intersezione semaforizzata con;VIA SABOTINO;VIA SABOTINO;;;Scontro frontale/laterale DX fra veicoli in marcia;Intersezione semaforizzata;Più di due carreggiate;Bagnato (pioggia);Asfaltata;Verticale ed orizzontale;Pioggia in atto;Normale;Buona;Ore Diurne;2;0;0;1;12,45864;41,91737;0;2;Autovettura privata;In marcia / fermata / arresto;Volkswagen;Golf;Conducente;1963;M;Illeso;0;;;
3616378;4;27/12/2017 02:40:00;;VIA VALLE SCRIVIA;all'intersezione con;VIA VAL DI LANZO;VIA VAL DI LANZO;;;Scontro frontale/laterale SX fra veicoli in marcia;;;;;;;;;;2;0;0;1;;;0;1;Autovettura privata;In marcia / fermata / arresto;Opel;ADAM;Conducente;1995;M;Rifiuta cure immediate;0;NON DECEDUTO;Non accertato;
3616378;4;27/12/2017 02:40:00;;VIA VALLE SCRIVIA;all'intersezione con;VIA VAL DI LANZO;VIA VAL DI LANZO;;;Scontro frontale/laterale SX fra veicoli in marcia;;;;;;;;;;2;0;0;1;;;0;2;Autovettura privata;In marcia / fermata / arresto;Citroen;C 2;Conducente;1971;M;Rifiuta cure immediate;0;NON DECEDUTO;Non accertato;Inesploso
3616378;4;27/12/2017 02:40:00;;VIA VALLE SCRIVIA;all'intersezione con;VIA VAL DI LANZO;VIA VAL DI LANZO;;;Scontro frontale/laterale SX fra veicoli in marcia;;;;;;;;;;2;0;0;1;;;0;3;Autovettura privata;Sosta;Toyota;Aygo;Conducente;1978;M;Illeso;0;;;
3616380;13;27/12/2017 15:00:00;Strada Urbana;VIA DEL LIDO DI CASTELPORZIANO;da specificare;;;;altezza Via di Castel Porziano;Veicolo in marcia contro ostacolo accidentale;Rettilineo;Una carreggiata a doppio senso;Bagnato (pioggia);Asfaltata;Assente;Pioggia in atto;Normale;Buona;Ore Diurne;0;0;0;1;12,35069;41,71813;0;1;Autovettura privata;In marcia / fermata / arresto;Toyota;Yaris;Conducente;1991;F;Illeso;0;;Non accertato;Inesploso
3616389;7;23/12/2017 14:40:00;;VIA DEI CASTANI;in corrispondenza;;del civico n.;135;;Veicolo in marcia contro veicolo fermo;;;;;;;;;;0;0;0;2;12,56661;41,88298;0;1;Autovettura privata;In marcia / fermata / arresto;Ford;Transit;Conducente;1981;M;Illeso;0;;;
3616389;7;23/12/2017 14:40:00;;VIA DEI CASTANI;in corrispondenza;;del civico n.;135;;Veicolo in marcia contro veicolo fermo;;;;;;;;;;0;0;0;2;12,56661;41,88298;0;2;Autovettura privata;In marcia / fermata / arresto;Mercedes;Smart Micro Compact Car;Conducente;1993;M;Illeso;0;;;
3616392;13;27/12/2017 15:00:00;Strada Urbana;VIALE VASCO DE GAMA;in corrispondenza;;del civico n.;139;;Veicolo in marcia contro veicolo in sosta;Rettilineo;Due carreggiate;Bagnato (pioggia);Asfaltata;Assente;Pioggia in atto;Normale;Buona;Ore Diurne;0;0;0;1;;;0;1;Autocarro superiore 35 q.;In marcia / fermata / arresto;Renault;(ignoto);Conducente;1964;M;Illeso;0;;Non accertato;Inesploso
3616395;9;27/12/2017 08:55:00;;PIAZZA MONTECASTRILLI;da specificare;;;;fronte civico 12;Veicolo in marcia contro veicoli in sosta;;;;;;;;;;0;0;0;2;12,53236;41,87734;0;1;Autobus di linea;In marcia / fermata / arresto;Fiat;Iveco;Conducente;1960;M;Illeso;0;;Non accertato;
3616395;9;27/12/2017 08:55:00;;PIAZZA MONTECASTRILLI;da specificare;;;;fronte civico 12;Veicolo in marcia contro veicoli in sosta;;;;;;;;;;0;0;0;2;12,53236;41,87734;0;1;Autobus di linea;In marcia / fermata / arresto;Fiat;Iveco;Passeggero;0;F;Illeso;0;;;
3616482;16;22/12/2017 11:30:00;;VIA ROBERTO ALESSANDRI;in corrispondenza;;del civico n.;33;;Tamponamento;;;;;;;;;;0;0;0;4;;;0;1;Autocarro inferiore 35 q.;In marcia / fermata / arresto;Fiat;Doblo';Conducente;0;M;Illeso;0;;;
3616482;16;22/12/2017 11:30:00;;VIA ROBERTO ALESSANDRI;in corrispondenza;;del civico n.;33;;Tamponamento;;;;;;;;;;0;0;0;4;;;0;1;Autocarro inferiore 35 q.;In marcia / fermata / arresto;Fiat;Doblo';Passeggero;0;M;Illeso;0;;;
3616482;16;22/12/2017 11:30:00;;VIA ROBERTO ALESSANDRI;in corrispondenza;;del civico n.;33;;Tamponamento;;;;;;;;;;0;0;0;4;;;0;2;Autovettura privata;In marcia / fermata / arresto;Mercedes;Smart Forfour;Conducente;0;F;Illeso;0;;;
3616482;16;22/12/2017 11:30:00;;VIA ROBERTO ALESSANDRI;in corrispondenza;;del civico n.;33;;Tamponamento;;;;;;;;;;0;0;0;4;;;0;2;Autovettura privata;In marcia / fermata / arresto;Mercedes;Smart Forfour;Passeggero;0;M;Illeso;0;;;
3616484;4;27/12/2017 00:30:00;;VIA BELGIO;all'intersezione con;VIA DEGLI OLIMPIONICI;VIA DEGLI OLIMPIONICI;;;Veicolo in marcia contro veicolo in sosta;;;;;;;;;;0;0;0;2;;;0;1;Autovettura privata;Sosta;Fiat;600;Conducente;1966;F;Illeso;0;;;
3616484;4;27/12/2017 00:30:00;;VIA BELGIO;all'intersezione con;VIA DEGLI OLIMPIONICI;VIA DEGLI OLIMPIONICI;;;Veicolo in marcia contro veicolo in sosta;;;;;;;;;;0;0;0;2;;;0;2;Autovettura privata;In marcia / fermata / arresto;Fiat;Panda;Conducente;1974;F;Illeso;0;;;
3616487;16;22/12/2017 16:00:00;;VIALE DI TRASTEVERE;in corrispondenza;;del civico n.;307;;Scontro laterale fra veicoli in marcia;;;;;;;;;;0;0;0;3;;;0;1;Motociclo a solo;In marcia / fermata / arresto;Honda;Dylan 150;Conducente;0;M;Illeso;0;;;
3616487;16;22/12/2017 16:00:00;;VIALE DI TRASTEVERE;in corrispondenza;;del civico n.;307;;Scontro laterale fra veicoli in marcia;;;;;;;;;;0;0;0;3;;;0;2;Autovettura privata;In marcia / fermata / arresto;Ford;KA;Conducente;1986;M;Illeso;0;;;
3616487;16;22/12/2017 16:00:00;;VIALE DI TRASTEVERE;in corrispondenza;;del civico n.;307;;Scontro laterale fra veicoli in marcia;;;;;;;;;;0;0;0;3;;;0;2;Autovettura privata;In marcia / fermata / arresto;Ford;KA;Passeggero;0;M;Illeso;0;;;
3616496;7;23/12/2017 16:15:00;;VIA COLLATINA;all'intersezione con;VIA EMILIO LONGONI;VIA EMILIO LONGONI;;;Tamponamento;;;;;;;;;;1;0;0;4;12,66611;41,92234;0;1;Autovettura privata;In marcia / fermata / arresto;Citroen;C 2;Conducente;1967;M;Rimandato;0;NON DECEDUTO;Non accertato;Inesploso
3616496;7;23/12/2017 16:15:00;;VIA COLLATINA;all'intersezione con;VIA EMILIO LONGONI;VIA EMILIO LONGONI;;;Tamponamento;;;;;;;;;;1;0;0;4;12,66611;41,92234;0;2;Autovettura privata;In marcia / fermata / arresto;Fiat;Punto;Conducente;1995;M;Illeso;0;;;
3616496;7;23/12/2017 16:15:00;;VIA COLLATINA;all'intersezione con;VIA EMILIO LONGONI;VIA EMILIO LONGONI;;;Tamponamento;;;;;;;;;;1;0;0;4;12,66611;41,92234;0;2;Autovettura privata;In marcia / fermata / arresto;Fiat;Punto;Passeggero;0;M;Illeso;0;;;
3616500;16;23/12/2017 07:30:00;;VIA DI DONNA OLIMPIA;in corrispondenza;;del civico n.;33;;Scontro frontale/laterale DX fra veicoli in marcia;;;;;;;;;;0;0;0;4;;;0;1;Autovettura privata;In marcia / fermata / arresto;Fiat;Qubo;Conducente;0;F;Illeso;0;;;
3616500;16;23/12/2017 07:30:00;;VIA DI DONNA OLIMPIA;in corrispondenza;;del civico n.;33;;Scontro frontale/laterale DX fra veicoli in marcia;;;;;;;;;;0;0;0;4;;;0;1;Autovettura privata;In marcia / fermata / arresto;Fiat;Qubo;Passeggero;0;F;Illeso;0;;;
3616500;16;23/12/2017 07:30:00;;VIA DI DONNA OLIMPIA;in corrispondenza;;del civico n.;33;;Scontro frontale/laterale DX fra veicoli in marcia;;;;;;;;;;0;0;0;4;;;0;2;Autovettura privata;In marcia / fermata / arresto;Fiat-Lancia;YPSILON;Conducente;0;M;Illeso;0;;;
3616531;16;23/12/2017 15:30:00;;VIA VIRGINIA AGNELLI;all'intersezione con;VIA RAFFAELE BATTISTINI;VIA RAFFAELE BATTISTINI;;;Scontro laterale fra veicoli in marcia;;;;;;;;;;0;0;0;4;;;0;1;Autovettura privata;In marcia / fermata / arresto;Ford;Focus;Conducente;0;M;Illeso;0;;;
3616531;16;23/12/2017 15:30:00;;VIA VIRGINIA AGNELLI;all'intersezione con;VIA RAFFAELE BATTISTINI;VIA RAFFAELE BATTISTINI;;;Scontro laterale fra veicoli in marcia;;;;;;;;;;0;0;0;4;;;0;2;Autovettura privata;In marcia / fermata / arresto;Renault;Clio;Conducente;0;M;Illeso;0;;;
3616531;16;23/12/2017 15:30:00;;VIA VIRGINIA AGNELLI;all'intersezione con;VIA RAFFAELE BATTISTINI;VIA RAFFAELE BATTISTINI;;;Scontro laterale fra veicoli in marcia;;;;;;;;;;0;0;0;4;;;0;2;Autovettura privata;In marcia / fermata / arresto;Renault;Clio;Passeggero;0;F;Illeso;0;;;
3616545;7;24/12/2017 13:15:00;Strada Urbana;VIALE PALMIRO TOGLIATTI;in corrispondenza;;del civico n.;603;;Veicolo in marcia contro ostacolo fisso;Rettilineo;Due carreggiate;Asciutto;Asfaltata;Verticale ed orizzontale;Sereno;Normale;Buona;Ore Diurne;0;0;0;1;12,57191;41,87766;-1;1;Autovettura privata;In marcia / fermata / arresto;Alfa Lancia;Delta;Conducente;1963;M;Illeso;0;;;
3616583;19;27/12/2017 07:30:00;;GALLERIA GIOVANNI XXIII;da specificare;;;;rampa d'ingresso (Pestalozzi);Veicolo in marcia contro ostacolo fisso;;;;;;;;;;0;0;0;1;;;0;1;Autovettura privata;In marcia / fermata / arresto;Fiat;Punto;Conducente;1968;M;Illeso;0;;Non accertato;
3616593;16;23/12/2017 17:40:00;;VIA ADOLFO GANDIGLIO;all'intersezione con;VIA LORENZO ROCCI;VIA LORENZO ROCCI;;;Scontro frontale/laterale DX fra veicoli in marcia;;;;;;;;;;0;0;0;5;12,44077;41,86453;0;1;Autovettura privata;In marcia / fermata / arresto;Fiat;500;Conducente;0;F;Illeso;0;;;
3616593;16;23/12/2017 17:40:00;;VIA ADOLFO GANDIGLIO;all'intersezione con;VIA LORENZO ROCCI;VIA LORENZO ROCCI;;;Scontro frontale/laterale DX fra veicoli in marcia;;;;;;;;;;0;0;0;5;12,44077;41,86453;0;1;Autovettura privata;In marcia / fermata / arresto;Fiat;500;Passeggero;0;M;Illeso;0;;;
3616593;16;23/12/2017 17:40:00;;VIA ADOLFO GANDIGLIO;all'intersezione con;VIA LORENZO ROCCI;VIA LORENZO ROCCI;;;Scontro frontale/laterale DX fra veicoli in marcia;;;;;;;;;;0;0;0;5;12,44077;41,86453;0;2;Autovettura privata;In marcia / fermata / arresto;Daimler;Smart;Conducente;0;M;Illeso;0;;;
3616604;16;24/12/2017 15:40:00;;VIA FONTEIANA;in corrispondenza;;del civico n.;18;;Veicolo in marcia contro veicoli in sosta;;;;;;;;;;0;0;0;2;12,45492;41,88319;0;1;Autovettura privata;In marcia / fermata / arresto;Honda;CRV;Conducente;0;M;Illeso;0;;;
3616604;16;24/12/2017 15:40:00;;VIA FONTEIANA;in corrispondenza;;del civico n.;18;;Veicolo in marcia contro veicoli in sosta;;;;;;;;;;0;0;0;2;12,45492;41,88319;0;3;Autovettura privata;In marcia / fermata / arresto;Opel;Corsa;Conducente;0;M;Illeso;0;;;
3616612;10;27/12/2017 18:00:00;Strada Urbana;VIA TUSCOLANA;in prossimità;;del civico n.;1328;;Veicolo in marcia contro veicolo in sosta;Rettilineo;Una carreggiata a senso unico di marcia;Bagnato (pioggia);Asfaltata;Assente;Pioggia in atto;Normale;Buona;Ore Diurne;0;0;0;1;;;0;1;Autovettura privata;In marcia / fermata / arresto;Mercedes;E280;Conducente;1975;F;Illeso;0;;Non accertato;Esploso
3616618;5;25/12/2017 18:40:00;Strada Urbana;VIA DI PORTONACCIO;da specificare;;;;fronte civico 21/B;Veicolo in marcia contro ostacolo accidentale;Rettilineo;Una carreggiata a doppio senso;Asciutto;Asfaltata;Orizzontale;Sereno;Scarso;Buona;Sufficiente;0;0;0;3;12,53558;41,90541;0;1;Autovettura privata;In marcia / fermata / arresto;Lancia;Ypsilon;Conducente;1971;F;Illeso;0;;Non accertato;Inesploso
3616618;5;25/12/2017 18:40:00;Strada Urbana;VIA DI PORTONACCIO;da specificare;;;;fronte civico 21/B;Veicolo in marcia contro ostacolo accidentale;Rettilineo;Una carreggiata a doppio senso;Asciutto;Asfaltata;Orizzontale;Sereno;Scarso;Buona;Sufficiente;0;0;0;3;12,53558;41,90541;0;1;Autovettura privata;In marcia / fermata / arresto;Lancia;Ypsilon;Passeggero;1951;F;Illeso;0;;Non accertato;Inesploso
3616618;5;25/12/2017 18:40:00;Strada Urbana;VIA DI PORTONACCIO;da specificare;;;;fronte civico 21/B;Veicolo in marcia contro ostacolo accidentale;Rettilineo;Una carreggiata a doppio senso;Asciutto;Asfaltata;Orizzontale;Sereno;Scarso;Buona;Sufficiente;0;0;0;3;12,53558;41,90541;0;1;Autovettura privata;In marcia / fermata / arresto;Lancia;Ypsilon;Passeggero;2010;F;Illeso;0;;Non accertato;Inesploso
3616625;3;22/12/2017 16:45:00;Strada Urbana;VIALE DELLO SCALO S. LORENZO;da specificare;;;;direzione Porta Maggiore;Ribaltamento senza urto contro ostacolo fisso;Pendenza;Una carreggiata a senso unico di marcia;Asciutto;Asfaltata;Verticale;Sereno;Intenso;Buona;Ore Diurne;1;0;0;0;;;0;1;Motociclo a solo;In marcia / fermata / arresto;BMW;R850R;Conducente;1949;M;Rimandato;0;NON DECEDUTO;Non accertato;
3616639;16;24/12/2017 18:30:00;;VIA ANTONIO TOSCANI;in prossimità;;del civico n.;15;;Veicolo in marcia contro ostacolo fisso;;;;;;;;;;0;0;0;1;12,4539;41,875;0;1;Autovettura privata;In marcia / fermata / arresto;Mini;Cooper;Conducente;0;M;Illeso;0;;;
3616652;20;27/12/2017 18:15:00;Regionale entro l'abitato;VIA CASSIA;in corrispondenza;;del civico n.;1821/D;;Investimento di pedone;Rettilineo;Una carreggiata a doppio senso;Bagnato (pioggia);Asfaltata;Verticale ed orizzontale;Pioggia in atto;Normale;Sufficiente;Sufficiente;1;0;0;2;12,37646;42,01459;-1;;;;;;Pedone;1934;M;Ricoverato;0;NON DECEDUTO;;
3616652;20;27/12/2017 18:15:00;Regionale entro l'abitato;VIA CASSIA;in corrispondenza;;del civico n.;1821/D;;Investimento di pedone;Rettilineo;Una carreggiata a doppio senso;Bagnato (pioggia);Asfaltata;Verticale ed orizzontale;Pioggia in atto;Normale;Sufficiente;Sufficiente;1;0;0;2;12,37646;42,01459;-1;1;Autovettura privata;In marcia / fermata / arresto;Toyota;Yaris;Conducente;1941;M;Illeso;0;;Non accertato;Inesploso
3616652;20;27/12/2017 18:15:00;Regionale entro l'abitato;VIA CASSIA;in corrispondenza;;del civico n.;1821/D;;Investimento di pedone;Rettilineo;Una carreggiata a doppio senso;Bagnato (pioggia);Asfaltata;Verticale ed orizzontale;Pioggia in atto;Normale;Sufficiente;Sufficiente;1;0;0;2;12,37646;42,01459;-1;1;Autovettura privata;In marcia / fermata / arresto;Toyota;Yaris;Passeggero;1955;F;Illeso;0;;Non accertato;Inesploso
3616657;3;23/12/2017 21:15:00;Strada Urbana;VIALE DELL'UNIVERSITA';all'intersezione semaforizzata con;VIALE DELLE SCIENZE;VIALE DELLE SCIENZE;;;Veicolo in marcia contro ostacolo fisso;Intersezione semaforizzata;Una carreggiata a senso unico di marcia;Asciutto;Asfaltata;Verticale ed orizzontale;Sereno;Scarso;Sufficiente;Sufficiente;1;0;0;1;12,51095;41,90402;0;1;Autovettura privata;In marcia / fermata / arresto;Volkswagen;FOX;Conducente;1988;F;Rifiuta cure immediate;0;NON DECEDUTO;Non accertato;
3616657;3;23/12/2017 21:15:00;Strada Urbana;VIALE DELL'UNIVERSITA';all'intersezione semaforizzata con;VIALE DELLE SCIENZE;VIALE DELLE SCIENZE;;;Veicolo in marcia contro ostacolo fisso;Intersezione semaforizzata;Una carreggiata a senso unico di marcia;Asciutto;Asfaltata;Verticale ed orizzontale;Sereno;Scarso;Sufficiente;Sufficiente;1;0;0;1;12,51095;41,90402;0;1;Autovettura privata;In marcia / fermata / arresto;Volkswagen;FOX;Passeggero;1988;F;Illeso;0;;Non accertato;
3616660;16;25/12/2017 13:30:00;;VIA CAMILLO SERAFINI;all'intersezione con;VIA SILVESTRI;VIA SILVESTRI;;;Scontro laterale fra veicoli in marcia;;;;;;;;;;0;0;0;3;12,42772;41,87862;0;1;Autovettura privata;In marcia / fermata / arresto;Nissan;Juke;Conducente;0;F;Illeso;0;;;
3616660;16;25/12/2017 13:30:00;;VIA CAMILLO SERAFINI;all'intersezione con;VIA SILVESTRI;VIA SILVESTRI;;;Scontro laterale fra veicoli in marcia;;;;;;;;;;0;0;0;3;12,42772;41,87862;0;1;Autovettura privata;In marcia / fermata / arresto;Nissan;Juke;Passeggero;0;M;Illeso;0;;;
3616660;16;25/12/2017 13:30:00;;VIA CAMILLO SERAFINI;all'intersezione con;VIA SILVESTRI;VIA SILVESTRI;;;Scontro laterale fra veicoli in marcia;;;;;;;;;;0;0;0;3;12,42772;41,87862;0;2;Autovettura privata;In marcia / fermata / arresto;Opel;Corsa;Conducente;0;M;Illeso;0;;;