Protocollo;Gruppo;DataOraIncidente;Localizzazione1;STRADA1;Localizzazione2;STRADA2;Strada02;Chilometrica;DaSpecificare;NaturaIncidente;particolaritastrade;TipoStrada;FondoStradale;Pavimentazione;Segnaletica;CondizioneAtmosferica;Traffico;Visibilita;Illuminazione;NUM_FERITI;NUM_RISERVATA;NUM_MORTI;NUM_ILLESI;Longitudine;Latitudine;Confermato;Progressivo;TipoVeicolo;StatoVeicolo;Marca;Modello;TipoPersona;AnnoNascita;Sesso;Tipolesione;Deceduto;DecedutoDopo;CinturaCascoUtilizzato;Airbag;
3616668;9;27/12/2017 17:00:00;;VIA APPIA NUOVA;in corrispondenza;;del civico n.;212;;Investimento di pedone;;;;;;;;;;1;0;0;1;;;0;;;;;;Pedone;1943;M;Rimandato;0;NON DECEDUTO;;
3616668;9;27/12/2017 17:00:00;;VIA APPIA NUOVA;in corrispondenza;;del civico n.;212;;Investimento di pedone;;;;;;;;;;1;0;0;1;;;0;1;Motociclo a solo;In marcia / fermata / arresto;Yamaha;X MAX;Conducente;1975;M;Illeso;0;;;
3616669;16;25/12/2017 22:30:00;;VIA BERNARDINO RAMAZZINI;all'intersezione semaforizzata con;VIA DI VAL TELLINA;VIA DI VAL TELLINA;;;Scontro frontale/laterale DX fra veicoli in marcia;;;;;;;;;;1;0;0;2;12,45029;41,86651;0;1;Autovettura privata;In marcia / fermata / arresto;Volkswagen;Polo;Conducente;0;M;Illeso;0;;;
3616669;16;25/12/2017 22:30:00;;VIA BERNARDINO RAMAZZINI;all'intersezione semaforizzata con;VIA DI VAL TELLINA;VIA DI VAL TELLINA;;;Scontro frontale/laterale DX fra veicoli in marcia;;;;;;;;;;1;0;0;2;12,45029;41,86651;0;2;Motociclo a solo;In marcia / fermata / arresto;Piaggio;Liberty 125;Conducente;0;M;Illeso;0;;;
3616669;16;25/12/2017 22:30:00;;VIA BERNARDINO RAMAZZINI;all'intersezione semaforizzata con;VIA DI VAL TELLINA;VIA DI VAL TELLINA;;;Scontro frontale/laterale DX fra veicoli in marcia;;;;;;;;;;1;0;0;2;12,45029;41,86651;0;2;Motociclo a solo;In marcia / fermata / arresto;Piaggio;Liberty 125;Passeggero;1999;F;Ricoverato;0;NON DECEDUTO;;
3616686;16;26/12/2017 04:40:00;;PIAZZA S. GIOVANNI DI DIO;all'intersezione semaforizzata con;CIRCONVALLAZIONE GIANICOLENSE;CIRCONVALLAZIONE GIANICOLENSE;;;Scontro frontale/laterale SX fra veicoli in marcia;;;;;;;;;;0;0;0;4;12,44664;41,87448;0;1;Autovettura privata;In marcia / fermata / arresto;Fiat;Freemont;Conducente;0;M;Illeso;0;;;
3616686;16;26/12/2017 04:40:00;;PIAZZA S. GIOVANNI DI DIO;all'intersezione semaforizzata con;CIRCONVALLAZIONE GIANICOLENSE;CIRCONVALLAZIONE GIANICOLENSE;;;Scontro frontale/laterale SX fra veicoli in marcia;;;;;;;;;;0;0;0;4;12,44664;41,87448;0;2;Autovettura privata;In marcia / fermata / arresto;Fiat;Punto;Conducente;0;M;Illeso;0;;;
3616686;16;26/12/2017 04:40:00;;PIAZZA S. GIOVANNI DI DIO;all'intersezione semaforizzata con;CIRCONVALLAZIONE GIANICOLENSE;CIRCONVALLAZIONE GIANICOLENSE;;;Scontro frontale/laterale SX fra veicoli in marcia;;;;;;;;;;0;0;0;4;12,44664;41,87448;0;2;Autovettura privata;In marcia / fermata / arresto;Fiat;Punto;Passeggero;0;F;Illeso;0;;;
3616696;16;26/12/2017 13:50:00;;PIAZZALE ENRICO DUNANT;in prossimità;;del civico n.;23;;Investimento di pedone;;;;;;;;;;0;0;0;2;12,45803;41,87279;0;;;;;;Pedone;0;F;Illeso;0;;;
3616696;16;26/12/2017 13:50:00;;PIAZZALE ENRICO DUNANT;in prossimità;;del civico n.;23;;Investimento di pedone;;;;;;;;;;0;0;0;2;12,45803;41,87279;0;1;Motociclo a solo;In marcia / fermata / arresto;Honda;SH;Conducente;0;M;Illeso;0;;;
3616701;16;27/12/2017 13:40:00;Strada Urbana;VIA ADOLFO GANDIGLIO;all'intersezione con;VIA LORENZO ROCCI;VIA LORENZO ROCCI;;;Scontro frontale/laterale SX fra veicoli in marcia;Intersezione stradale segnalata;Una carreggiata a doppio senso;Bagnato (pioggia);Asfaltata;Verticale ed orizzontale;Pioggia in atto;Normale;Buona;Ore Diurne;0;0;0;2;12,44077;41,86453;0;1;Autovettura privata;In marcia / fermata / arresto;Volkswagen;UP;Conducente;1971;F;Illeso;0;;Non accertato;Inesploso
3616701;16;27/12/2017 13:40:00;Strada Urbana;VIA ADOLFO GANDIGLIO;all'intersezione con;VIA LORENZO ROCCI;VIA LORENZO ROCCI;;;Scontro frontale/laterale SX fra veicoli in marcia;Intersezione stradale segnalata;Una carreggiata a doppio senso;Bagnato (pioggia);Asfaltata;Verticale ed orizzontale;Pioggia in atto;Normale;Buona;Ore Diurne;0;0;0;2;12,44077;41,86453;0;2;Quadriciclo leggero;In marcia / fermata / arresto;Chatenet;CH2610;Conducente;2001;M;Illeso;0;;Non accertato;Inesploso
3616716;12;27/12/2017 13:00:00;Strada Urbana;VIALE BEATA VERGINE DEL CARMELO;da specificare;;;;prossimità via I. VIvanti;Veicolo in marcia contro ostacolo accidentale;Rettilineo;Una carreggiata a doppio senso;Bagnato (pioggia);Asfaltata;Orizzontale;Pioggia in atto;Normale;Buona;Ore Diurne;0;0;0;1;;;0;1;Autovettura privata;In marcia / fermata / arresto;Citroen;C3 Picasso;Conducente;1950;F;Illeso;0;;Utilizzato;Inesploso
3617098;19;27/12/2017 17:30:00;Strada Urbana;VIA PIETRO GASPARRI;in prossimità;;del civico n.;77;;Investimento di pedone;Rettilineo;Una carreggiata a doppio senso;Bagnato (pioggia);Asfaltata;Orizzontale;Pioggia in atto;Normale;Buona;Sufficiente;1;0;0;1;;;0;;;;;;Pedone;1952;M;Ricoverato;0;NON DECEDUTO;;
3617098;19;27/12/2017 17:30:00;Strada Urbana;VIA PIETRO GASPARRI;in prossimità;;del civico n.;77;;Investimento di pedone;Rettilineo;Una carreggiata a doppio senso;Bagnato (pioggia);Asfaltata;Orizzontale;Pioggia in atto;Normale;Buona;Sufficiente;1;0;0;1;;;0;1;Motociclo a solo;In marcia / fermata / arresto;Piaggio;Carnaby;Conducente;1967;M;Illeso;0;;;
3617106;15;27/12/2017 15:00:00;;VIA GIUSEPPE RAVIZZA;in corrispondenza;;del civico n.;16;;Veicolo in marcia contro veicolo in sosta;;;;;;;;;;0;0;0;1;;;0;2;Autovettura di polizia;In marcia / fermata / arresto;Peugeot;208;Conducente;0;M;Illeso;0;;;
3617111;15;28/12/2017 04:50:00;;VIA DELLA MAGLIANA;da specificare;;;;200 mt prima fronte civico 854 dir centro;Veicolo in marcia contro ostacolo accidentale;;;;;;;;;;0;0;0;1;;;0;1;Autovettura privata;In marcia / fermata / arresto;Ford;Focus;Conducente;0;M;Illeso;0;;;
3617113;11;27/12/2017 15:00:00;Strada Urbana;VIALE GIUSTINIANO IMPERATORE;da specificare;;;;sotto ponte metro direz.Ostiense;Veicolo in marcia contro veicolo in sosta;Sottopasso illuminato;Più di due carreggiate;Bagnato (pioggia);Asfaltata;Assente;Pioggia in atto;Normale;Buona;Ore Diurne;0;0;0;1;12,47812;41,85709;0;1;Autovettura privata;In marcia / fermata / arresto;Fiat;Seicento;Conducente;1995;F;Illeso;0;;Non accertato;
3617116;6;27/12/2017 22:30:00;Strada Urbana;VIA TOR DE' SCHIAVI;all'intersezione con;VIA DELLE ROBINIE;VIA DELLE ROBINIE;;;Scontro frontale/laterale DX fra veicoli in marcia;Incrocio;Una carreggiata a doppio senso;Asciutto;Asfaltata;Verticale ed orizzontale;Nuvoloso;Scarso;Buona;Sufficiente;1;0;0;3;12,56322;41,88279;-1;1;Autovettura privata;In marcia / fermata / arresto;Audi;A 3;Conducente;1993;M;Illeso;0;;;
3617116;6;27/12/2017 22:30:00;Strada Urbana;VIA TOR DE' SCHIAVI;all'intersezione con;VIA DELLE ROBINIE;VIA DELLE ROBINIE;;;Scontro frontale/laterale DX fra veicoli in marcia;Incrocio;Una carreggiata a doppio senso;Asciutto;Asfaltata;Verticale ed orizzontale;Nuvoloso;Scarso;Buona;Sufficiente;1;0;0;3;12,56322;41,88279;-1;1;Autovettura privata;In marcia / fermata / arresto;Audi;A 3;Passeggero;1990;M;Illeso;0;;;
3617116;6;27/12/2017 22:30:00;Strada Urbana;VIA TOR DE' SCHIAVI;all'intersezione con;VIA DELLE ROBINIE;VIA DELLE ROBINIE;;;Scontro frontale/laterale DX fra veicoli in marcia;Incrocio;Una carreggiata a doppio senso;Asciutto;Asfaltata;Verticale ed orizzontale;Nuvoloso;Scarso;Buona;Sufficiente;1;0;0;3;12,56322;41,88279;-1;2;Autovettura privata;In marcia / fermata / arresto;Peugeot;107;Conducente;1999;F;Illeso;0;;Non accertato;Inesploso
3617116;6;27/12/2017 22:30:00;Strada Urbana;VIA TOR DE' SCHIAVI;all'intersezione con;VIA DELLE ROBINIE;VIA DELLE ROBINIE;;;Scontro frontale/laterale DX fra veicoli in marcia;Incrocio;Una carreggiata a doppio senso;Asciutto;Asfaltata;Verticale ed orizzontale;Nuvoloso;Scarso;Buona;Sufficiente;1;0;0;3;12,56322;41,88279;-1;2;Autovettura privata;In marcia / fermata / arresto;Peugeot;107;Passeggero;2002;F;Rifiuta cure immediate;0;NON DECEDUTO;;
3617123;9;27/12/2017 19:30:00;;VIA ROCCA PRIORA;all'intersezione con;VIA DEI COLLI ALBANI;VIA DEI COLLI ALBANI;;;Investimento di pedone;;;;;;;;;;1;0;0;1;;;0;;;;;;Pedone;1974;M;Rimandato;0;NON DECEDUTO;;
3617123;9;27/12/2017 19:30:00;;VIA ROCCA PRIORA;all'intersezione con;VIA DEI COLLI ALBANI;VIA DEI COLLI ALBANI;;;Investimento di pedone;;;;;;;;;;1;0;0;1;;;0;1;Autovettura privata;In marcia / fermata / arresto;Ford;Fusion;Conducente;1965;M;Illeso;0;;;
3617129;7;27/12/2017 21:40:00;Strada Urbana;VIA PRENESTINA;in prossimità;;del civico n.;1068;;Veicolo in marcia contro ostacolo accidentale;Rettilineo;Una carreggiata a doppio senso;Bagnato (pioggia);Asfaltata;Orizzontale;Pioggia in atto;Normale;Sufficiente;Sufficiente;0;0;0;2;12,61123;41,89331;-1;1;Autovettura privata;In marcia / fermata / arresto;Alfa Romeo;147;Conducente;1961;M;Illeso;0;;Non accertato;Inesploso
3617129;7;27/12/2017 21:40:00;Strada Urbana;VIA PRENESTINA;in prossimità;;del civico n.;1068;;Veicolo in marcia contro ostacolo accidentale;Rettilineo;Una carreggiata a doppio senso;Bagnato (pioggia);Asfaltata;Orizzontale;Pioggia in atto;Normale;Sufficiente;Sufficiente;0;0;0;2;12,61123;41,89331;-1;1;Autovettura privata;In marcia / fermata / arresto;Alfa Romeo;147;Passeggero;1964;F;Illeso;0;;Non accertato;Inesploso
3617130;11;27/12/2017 13:50:00;Strada Urbana;VIALE DEL TINTORETTO;in corrispondenza;;del palo luce n.;54;;Ribaltamento senza urto contro ostacolo fisso;Rettilineo;Una carreggiata a doppio senso;Bagnato (pioggia);Asfaltata;Verticale ed orizzontale;Pioggia in atto;Normale;Buona;Ore Diurne;0;0;0;1;12,48849;41,83493;0;1;Autovettura privata;In marcia / fermata / arresto;Suzuki;Gran Vitara;Conducente;1985;M;Illeso;0;;Non accertato;
3617135;9;28/12/2017 03:00:00;;VIA DEL QUADRARO;in prossimità;;del civico n.;108;;Veicolo in marcia contro ostacolo accidentale;;;;;;;;;;0;0;0;1;;;0;1;Autovettura privata;In marcia / fermata / arresto;Renault;Clio;Conducente;1995;M;Illeso;0;;;
3617141;13;27/12/2017 15:15:00;;VIA CAPO PORO;in prossimità;;del civico n.;30;;Veicolo in marcia contro ostacolo accidentale;;;;;;;;;;0;0;0;4;12,29142;41,73159;0;1;Autovettura privata;In marcia / fermata / arresto;Toyota;VERSO;Conducente;1972;M;Illeso;0;;Non accertato;Inesploso
3617141;13;27/12/2017 15:15:00;;VIA CAPO PORO;in prossimità;;del civico n.;30;;Veicolo in marcia contro ostacolo accidentale;;;;;;;;;;0;0;0;4;12,29142;41,73159;0;1;Autovettura privata;In marcia / fermata / arresto;Toyota;VERSO;Passeggero;1977;F;Illeso;0;;Non accertato;Inesploso
3617141;13;27/12/2017 15:15:00;;VIA CAPO PORO;in prossimità;;del civico n.;30;;Veicolo in marcia contro ostacolo accidentale;;;;;;;;;;0;0;0;4;12,29142;41,73159;0;1;Autovettura privata;In marcia / fermata / arresto;Toyota;VERSO;Passeggero;2012;F;Illeso;0;;;Inesploso
3617141;13;27/12/2017 15:15:00;;VIA CAPO PORO;in prossimità;;del civico n.;30;;Veicolo in marcia contro ostacolo accidentale;;;;;;;;;;0;0;0;4;12,29142;41,73159;0;1;Autovettura privata;In marcia / fermata / arresto;Toyota;VERSO;Passeggero;2015;F;Illeso;0;;;Inesploso
3617143;8;27/12/2017 23:30:00;;VIA DI TOR BELLA MONACA;da specificare;;;;alt. Via Cambellotti;Veicolo in marcia contro ostacolo accidentale;;;;;;;;;;0;0;0;1;;;0;1;Autovettura privata;In marcia / fermata / arresto;Fiat-Lancia;Y;Conducente;1973;M;Illeso;0;;Non accertato;Inesploso
3617146;7;27/12/2017 05:15:00;;VIA DI PRATAPORCI;all'intersezione con;VIA DEL PADIGLIONE;VIA DEL PADIGLIONE;;;Scontro frontale/laterale SX fra veicoli in marcia;;;;;;;;;;2;0;0;0;12,68458;41,85455;0;1;Autovettura privata;In marcia / fermata / arresto;Volkswagen;Polo;Conducente;1998;F;Rimandato;0;NON DECEDUTO;Non accertato;Esploso
3617146;7;27/12/2017 05:15:00;;VIA DI PRATAPORCI;all'intersezione con;VIA DEL PADIGLIONE;VIA DEL PADIGLIONE;;;Scontro frontale/laterale SX fra veicoli in marcia;;;;;;;;;;2;0;0;0;12,68458;41,85455;0;2;Autovettura privata;In marcia / fermata / arresto;Citroen;C 3;Conducente;1953;F;Rimandato;0;NON DECEDUTO;Non accertato;Inesploso
3617151;8;27/12/2017 10:30:00;;VIA MONSIGNOR PIETRO ORSI;in prossimità;;del civico n.;37/A;;Veicolo in marcia contro ostacolo accidentale;;;;;;;;;;0;0;0;1;;;0;1;Autovettura privata;In marcia / fermata / arresto;Citroen;C 4 Picasso;Conducente;1982;M;Illeso;0;;;
3617154;8;27/12/2017 18:30:00;;VIA DON PRIMO MAZZOLARI;in prossimità;;del palo luce n.;16;;Investimento di pedone;;;;;;;;;;1;0;0;0;;;0;;;;;;Pedone;1958;M;Rimandato;0;NON DECEDUTO;;
3617155;1;27/12/2017 13:15:00;Strada Urbana;LUNGOTEVERE TOR DI NONA;in corrispondenza;;del civico n.;3;;Investimento di pedone;Rettilineo;Una carreggiata a senso unico di marcia;Bagnato (pioggia);Asfaltata;Verticale ed orizzontale;Pioggia in atto;Intenso;Buona;Ore Diurne;1;0;0;1;;;0;;;;;;Pedone;1959;F;Rimandato;0;NON DECEDUTO;;
3617155;1;27/12/2017 13:15:00;Strada Urbana;LUNGOTEVERE TOR DI NONA;in corrispondenza;;del civico n.;3;;Investimento di pedone;Rettilineo;Una carreggiata a senso unico di marcia;Bagnato (pioggia);Asfaltata;Verticale ed orizzontale;Pioggia in atto;Intenso;Buona;Ore Diurne;1;0;0;1;;;0;1;Motociclo a solo;In marcia / fermata / arresto;Honda;SH 300;Conducente;1975;M;Illeso;0;;;
3617157;8;27/12/2017 09:30:00;;VIA SALEMI;all'intersezione con;VIA PARTANNA;VIA PARTANNA;;;Scontro laterale fra veicoli in marcia;;;;;;;;;;0;0;0;2;;;0;1;Autovettura privata;In marcia / fermata / arresto;Fiat;Fiorino;Conducente;1941;M;Illeso;0;;;
3617157;8;27/12/2017 09:30:00;;VIA SALEMI;all'intersezione con;VIA PARTANNA;VIA PARTANNA;;;Scontro laterale fra veicoli in marcia;;;;;;;;;;0;0;0;2;;;0;2;Autovettura privata;In marcia / fermata / arresto;Opel;Corsa;Conducente;1988;M;Illeso;0;;;
3617158;8;27/12/2017 16:50:00;;VIA DI TORRENOVA;in corrispondenza;;del civico n.;263;;Investimento di pedone;;;;;;;;;;1;0;0;1;;;0;;;;;;Pedone;1976;F;Rimandato;0;NON DECEDUTO;;
3617158;8;27/12/2017 16:50:00;;VIA DI TORRENOVA;in corrispondenza;;del civico n.;263;;Investimento di pedone;;;;;;;;;;1;0;0;1;;;0;1;Autovettura privata;In marcia / fermata / arresto;Fiat;Panda;Conducente;1964;M;Illeso;0;;;
3617159;11;27/12/2017 17:00:00;Strada Urbana;VIA DELLE SETTE CHIESE;all'intersezione con;LARGO BENEDETTO BOMPIANI;LARGO BENEDETTO BOMPIANI;;;Tamponamento;Intersezione stradale segnalata;Una carreggiata a doppio senso;Bagnato (pioggia);Asfaltata;Verticale ed orizzontale;Pioggia in atto;Normale;Sufficiente;Sufficiente;1;0;0;1;;;0;1;Autovettura privata;In marcia / fermata / arresto;Volkswagen;New Beatle;Conducente;1977;M;Illeso;0;;Non accertato;
3617159;11;27/12/2017 17:00:00;Strada Urbana;VIA DELLE SETTE CHIESE;all'intersezione con;LARGO BENEDETTO BOMPIANI;LARGO BENEDETTO BOMPIANI;;;Tamponamento;Intersezione stradale segnalata;Una carreggiata a doppio senso;Bagnato (pioggia);Asfaltata;Verticale ed orizzontale;Pioggia in atto;Normale;Sufficiente;Sufficiente;1;0;0;1;;;0;2;Autovettura privata;In marcia / fermata / arresto;Fiat;Panda;Conducente;1989;F;Rimandato;0;NON DECEDUTO;Non accertato;
3617160;8;27/12/2017 10:00:00;;VIA DI TOR BELLA MONACA;da specificare;;;;pross. cavalcavia Via di Torrenova dir. GRA;Veicolo in marcia contro ostacolo fisso;;;;;;;;;;0;0;0;1;;;0;1;Autovettura privata;In marcia / fermata / arresto;Alfa Romeo;147;Conducente;1995;M;Illeso;0;;;
3617161;8;27/12/2017 10:30:00;;VIA DI TOR VERGATA;in prossimità;;del civico n.;165;;Investimento di pedone;;;;;;;;;;1;0;0;0;;;0;1;Autovettura privata;In marcia / fermata / arresto;Peugeot;307 C.C.;Conducente;1958;M;Rimandato;0;NON DECEDUTO;Non accertato;Inesploso
3617163;9;27/12/2017 23:50:00;;VIA DI TORRE SPACCATA;da specificare;;;;PROX L.GO CADUTI DI EL ALAMEIN;Veicolo in marcia contro ostacolo accidentale;;;;;;;;;;0;0;0;1;;;0;1;Autovettura privata;In marcia / fermata / arresto;Ford;KA;Conducente;1989;M;Illeso;0;;;
3617165;8;27/12/2017 08:00:00;;VIA CASILINA;da specificare;;;;alt. svincolo per Via Tor Bella Monaca dir. GRA;Tamponamento;;;;;;;;;;0;0;0;3;;;0;1;Autovettura privata;In marcia / fermata / arresto;Ford;Fiesta;Conducente;1991;M;Illeso;0;;;
3617165;8;27/12/2017 08:00:00;;VIA CASILINA;da specificare;;;;alt. svincolo per Via Tor Bella Monaca dir. GRA;Tamponamento;;;;;;;;;;0;0;0;3;;;0;2;Autovettura privata;In marcia / fermata / arresto;Daewoo;(ignoto);Conducente;1976;F;Illeso;0;;;
3617165;8;27/12/2017 08:00:00;;VIA CASILINA;da specificare;;;;alt. svincolo per Via Tor Bella Monaca dir. GRA;Tamponamento;;;;;;;;;;0;0;0;3;;;0;2;Autovettura privata;In marcia / fermata / arresto;Daewoo;(ignoto);Passeggero;0;M;Illeso;0;;;
3617167;20;27/12/2017 10:30:00;Strada Urbana;VIADOTTO GIUBILEO DEL 2000;da specificare;;;;direzione Terni Km 13,200;Infortunio per sola frenata improvvisa;Rettilineo;Una carreggiata a senso unico di marcia;Asciutto;Asfaltata;Verticale ed orizzontale;Sereno;Normale;Buona;Ore Diurne;0;0;0;1;;;0;1;Motociclo a solo;In marcia / fermata / arresto;Honda;SH 150;Conducente;1992;F;Illeso;0;;;
3617169;8;27/12/2017 06:40:00;;VIA CASILINA;da specificare;;;;pross. Via C. Foppa;Investimento di pedone;;;;;;;;;;1;0;0;2;;;0;;;;;;Pedone;1967;F;Rimandato;0;NON DECEDUTO;;
3617169;8;27/12/2017 06:40:00;;VIA CASILINA;da specificare;;;;pross. Via C. Foppa;Investimento di pedone;;;;;;;;;;1;0;0;2;;;0;1;Autovettura privata;In marcia / fermata / arresto;Renault;Clio;Conducente;1981;F;Illeso;0;;;
3617169;8;27/12/2017 06:40:00;;VIA CASILINA;da specificare;;;;pross. Via C. Foppa;Investimento di pedone;;;;;;;;;;1;0;0;2;;;0;1;Autovettura privata;In marcia / fermata / arresto;Renault;Clio;Passeggero;0;F;Illeso;0;;;
3617171;8;27/12/2017 17:30:00;;VIA CASILINA;in prossimità;;del civico n.;1428;;Investimento di pedone;;;;;;;;;;1;0;0;1;12,6196;41,8625;0;;;;;;Pedone;1979;M;Rimandato;0;NON DECEDUTO;;
3617171;8;27/12/2017 17:30:00;;VIA CASILINA;in prossimità;;del civico n.;1428;;Investimento di pedone;;;;;;;;;;1;0;0;1;12,6196;41,8625;0;1;Autovettura privata;In marcia / fermata / arresto;Ford;Fiesta;Conducente;1948;M;Illeso;0;;;
3617173;8;27/12/2017 17:50:00;;VIA ANTONIO CAPETTI;da specificare;;;;alt. Via Valentino Cerruti;Investimento di pedone;;;;;;;;;;1;0;0;0;12,66188;41,91145;0;;;;;;Pedone;1963;F;Rimandato;0;NON DECEDUTO;;
3617176;8;27/12/2017 14:00:00;Strada Urbana;VIA CAMPI SALENTINA;in prossimità;;del civico n.;105;;Scontro laterale fra veicoli in marcia;Rettilineo;Una carreggiata a doppio senso;Bagnato (pioggia);Asfaltata;Assente;Nuvoloso;Scarso;Buona;Ore Diurne;0;0;0;2;12,65235;41,85483;0;1;Autovettura privata;In marcia / fermata / arresto;BMW;118 D;Conducente;1992;M;Illeso;0;;Non accertato;Inesploso
3617176;8;27/12/2017 14:00:00;Strada Urbana;VIA CAMPI SALENTINA;in prossimità;;del civico n.;105;;Scontro laterale fra veicoli in marcia;Rettilineo;Una carreggiata a doppio senso;Bagnato (pioggia);Asfaltata;Assente;Nuvoloso;Scarso;Buona;Ore Diurne;0;0;0;2;12,65235;41,85483;0;1;Autovettura privata;In marcia / fermata / arresto;BMW;118 D;Passeggero;1958;M;Illeso;0;;Non accertato;Inesploso
3617177;9;28/12/2017 03:35:00;;VIA DEL QUADRARO;in prossimità;;del civico n.;108;;Veicolo in marcia contro ostacolo accidentale;;;;;;;;;;0;0;0;1;;;0;1;Autovettura privata;In marcia / fermata / arresto;Peugeot;108;Conducente;1990;M;Illeso;0;;;
3617178;11;27/12/2017 10:10:00;Strada Urbana;PIAZZALE DEL CARAVAGGIO;all'intersezione con;VIA ANDREA MANTEGNA;VIA ANDREA MANTEGNA;;;Investimento di pedone;Rotatoria;Due carreggiate;Bagnato (pioggia);Asfaltata;Verticale ed orizzontale;Pioggia in atto;Normale;Sufficiente;Ore Diurne;1;0;0;4;12,49318;41,85129;0;;;;;;Pedone;1935;F;Rimandato;0;NON DECEDUTO;;
3617178;11;27/12/2017 10:10:00;Strada Urbana;PIAZZALE DEL CARAVAGGIO;all'intersezione con;VIA ANDREA MANTEGNA;VIA ANDREA MANTEGNA;;;Investimento di pedone;Rotatoria;Due carreggiate;Bagnato (pioggia);Asfaltata;Verticale ed orizzontale;Pioggia in atto;Normale;Sufficiente;Ore Diurne;1;0;0;4;12,49318;41,85129;0;1;Autovettura privata;In marcia / fermata / arresto;Volkswagen;Polo;Conducente;1979;M;Illeso;0;;Non accertato;Inesploso
3617178;11;27/12/2017 10:10:00;Strada Urbana;PIAZZALE DEL CARAVAGGIO;all'intersezione con;VIA ANDREA MANTEGNA;VIA ANDREA MANTEGNA;;;Investimento di pedone;Rotatoria;Due carreggiate;Bagnato (pioggia);Asfaltata;Verticale ed orizzontale;Pioggia in atto;Normale;Sufficiente;Ore Diurne;1;0;0;4;12,49318;41,85129;0;1;Autovettura privata;In marcia / fermata / arresto;Volkswagen;Polo;Passeggero;1950;F;Illeso;0;;Non accertato;
3617178;11;27/12/2017 10:10:00;Strada Urbana;PIAZZALE DEL CARAVAGGIO;all'intersezione con;VIA ANDREA MANTEGNA;VIA ANDREA MANTEGNA;;;Investimento di pedone;Rotatoria;Due carreggiate;Bagnato (pioggia);Asfaltata;Verticale ed orizzontale;Pioggia in atto;Normale;Sufficiente;Ore Diurne;1;0;0;4;12,49318;41,85129;0;1;Autovettura privata;In marcia / fermata / arresto;Volkswagen;Polo;Passeggero;2005;F;Illeso;0;;Non accertato;
3617178;11;27/12/2017 10:10:00;Strada Urbana;PIAZZALE DEL CARAVAGGIO;all'intersezione con;VIA ANDREA MANTEGNA;VIA ANDREA MANTEGNA;;;Investimento di pedone;Rotatoria;Due carreggiate;Bagnato (pioggia);Asfaltata;Verticale ed orizzontale;Pioggia in atto;Normale;Sufficiente;Ore Diurne;1;0;0;4;12,49318;41,85129;0;1;Autovettura privata;In marcia / fermata / arresto;Volkswagen;Polo;Passeggero;2011;M;Illeso;0;;Non accertato;
3617180;8;27/12/2017 20:10:00;;VIA DI TOR BELLA MONACA;da specificare;;;;alt. Via Cambellotti;Veicolo in marcia contro ostacolo accidentale;;;;;;;;;;0;0;0;1;;;0;1;Autovettura privata;In marcia / fermata / arresto;Fiat-Lancia;YPSILON;Conducente;1990;M;Illeso;0;;Non accertato;Inesploso
3617182;1;27/12/2017 16:40:00;Strada Urbana;LARGO DELLE TERME DI CARACALLA;da specificare;;;;prossimità VIA G. BACCELLI;Tamponamento;Rettilineo;Una carreggiata a doppio senso;Bagnato (pioggia);Asfaltata;Verticale ed orizzontale;Pioggia in atto;Normale;Buona;Sufficiente;1;0;0;2;;;0;1;Autovettura privata;In marcia / fermata / arresto;Jeep;Renegade;Conducente;1994;M;Rimandato;0;NON DECEDUTO;;
3617182;1;27/12/2017 16:40:00;Strada Urbana;LARGO DELLE TERME DI CARACALLA;da specificare;;;;prossimità VIA G. BACCELLI;Tamponamento;Rettilineo;Una carreggiata a doppio senso;Bagnato (pioggia);Asfaltata;Verticale ed orizzontale;Pioggia in atto;Normale;Buona;Sufficiente;1;0;0;2;;;0;2;Autovettura privata;In marcia / fermata / arresto;Ford;Fiesta;Conducente;1999;M;Illeso;0;;;
3617182;1;27/12/2017 16:40:00;Strada Urbana;LARGO DELLE TERME DI CARACALLA;da specificare;;;;prossimità VIA G. BACCELLI;Tamponamento;Rettilineo;Una carreggiata a doppio senso;Bagnato (pioggia);Asfaltata;Verticale ed orizzontale;Pioggia in atto;Normale;Buona;Sufficiente;1;0;0;2;;;0;2;Autovettura privata;In marcia / fermata / arresto;Ford;Fiesta;Passeggero;1999;F;Illeso;0;;;
3617184;8;27/12/2017 20:00:00;;VIA DI TOR BELLA MONACA;da specificare;;;;alt. Via Cambellotti;Veicolo in marcia contro ostacolo accidentale;;;;;;;;;;0;0;0;1;;;0;1;Autovettura privata;In marcia / fermata / arresto;Alfa Romeo;147;Conducente;1960;M;Illeso;0;;;
3617188;7;27/12/2017 22:05:00;;VIA DELLE ACACIE;all'intersezione con;LARGO FRANCESCO ARDISSONE;LARGO FRANCESCO ARDISSONE;;;Scontro frontale/laterale SX fra veicoli in marcia;;;;;;;;;;0;0;0;2;12,56752;41,88801;0;1;Autovettura privata;In marcia / fermata / arresto;Toyota;Aygo;Conducente;1986;F;Illeso;0;;Non accertato;Inesploso
3617188;7;27/12/2017 22:05:00;;VIA DELLE ACACIE;all'intersezione con;LARGO FRANCESCO ARDISSONE;LARGO FRANCESCO ARDISSONE;;;Scontro frontale/laterale SX fra veicoli in marcia;;;;;;;;;;0;0;0;2;12,56752;41,88801;0;2;Autovettura privata;In marcia / fermata / arresto;Range Rover;Land;Conducente;1977;M;Illeso;0;;Non accertato;Inesploso
3617193;8;27/12/2017 23:30:00;;VIA DI TOR BELLA MONACA;da specificare;;;;alt. Via Cambellotti;Veicolo in marcia contro ostacolo accidentale;;;;;;;;;;0;0;0;1;;;0;1;Autovettura privata;In marcia / fermata / arresto;Dodge;Caliber;Conducente;1970;M;Illeso;0;;Non accertato;Inesploso