Protocollo;Gruppo;DataOraIncidente;Localizzazione1;STRADA1;Localizzazione2;STRADA2;Strada02;Chilometrica;DaSpecificare;NaturaIncidente;particolaritastrade;TipoStrada;FondoStradale;Pavimentazione;Segnaletica;CondizioneAtmosferica;Traffico;Visibilita;Illuminazione;NUM_FERITI;NUM_RISERVATA;NUM_MORTI;NUM_ILLESI;Longitudine;Latitudine;Confermato;Progressivo;TipoVeicolo;StatoVeicolo;Marca;Modello;TipoPersona;AnnoNascita;Sesso;Tipolesione;Deceduto;DecedutoDopo;CinturaCascoUtilizzato;Airbag;
3617202;8;27/12/2017 23:31:00;;VIA DI TOR BELLA MONACA;da specificare;;;;alt. Via Cambellotti;Veicolo in marcia contro ostacolo accidentale;;;;;;;;;;0;0;0;1;;;0;1;Autovettura privata;In marcia / fermata / arresto;Peugeot;206;Conducente;1978;M;Illeso;0;;Non accertato;Inesploso
3617207;8;27/12/2017 23:15:00;;VIA DI TOR BELLA MONACA;da specificare;;;;alt. Via Cambellotti;Veicolo in marcia contro ostacolo accidentale;;;;;;;;;;0;0;0;1;;;0;1;Autovettura privata;In marcia / fermata / arresto;Ford;Mondeo;Conducente;1988;M;Illeso;0;;Non accertato;Inesploso
3617208;13;27/12/2017 11:20:00;;CORSO DUCA DI GENOVA;all'intersezione con;VIALE DELLE REPUBBLICHE MARINARE;VIALE DELLE REPUBBLICHE MARINARE;;;Veicolo in marcia contro ostacolo accidentale;;;;;;;;;;0;0;0;1;12,27145;41,73394;0;1;Autovettura privata;In marcia / fermata / arresto;Ford;C - MAX;Conducente;1952;F;Illeso;0;;Non accertato;Inesploso
3617211;8;27/12/2017 23:40:00;;VIA DI TOR BELLA MONACA;da specificare;;;;alt. Via Cambellotti;Veicolo in marcia contro ostacolo accidentale;;;;;;;;;;0;0;0;1;;;0;1;Autovettura privata;In marcia / fermata / arresto;Renault;Clio;Conducente;1975;M;Illeso;0;;Non accertato;Inesploso
3617212;23;26/12/2017 23:20:00;Strada Urbana;LUNGOTEVERE DELLE ARMI;da specificare;;;;prossimità Piazza delle Cinque Giornate;Veicolo in marcia contro veicolo fermo;Rettilineo;Una carreggiata a senso unico di marcia;Bagnato (pioggia);Asfaltata;Orizzontale;Pioggia in atto;Intenso;Buona;Sufficiente;1;0;0;4;12,46966;41,91448;-1;1;Motociclo a solo;In marcia / fermata / arresto;Honda;-;Conducente;1960;M;Rifiuta cure immediate;0;NON DECEDUTO;Non accertato;
3617212;23;26/12/2017 23:20:00;Strada Urbana;LUNGOTEVERE DELLE ARMI;da specificare;;;;prossimità Piazza delle Cinque Giornate;Veicolo in marcia contro veicolo fermo;Rettilineo;Una carreggiata a senso unico di marcia;Bagnato (pioggia);Asfaltata;Orizzontale;Pioggia in atto;Intenso;Buona;Sufficiente;1;0;0;4;12,46966;41,91448;-1;2;Autovettura privata;In marcia / fermata / arresto;Fiat;500;Conducente;1962;M;Illeso;0;;Non accertato;Inesploso
3617212;23;26/12/2017 23:20:00;Strada Urbana;LUNGOTEVERE DELLE ARMI;da specificare;;;;prossimità Piazza delle Cinque Giornate;Veicolo in marcia contro veicolo fermo;Rettilineo;Una carreggiata a senso unico di marcia;Bagnato (pioggia);Asfaltata;Orizzontale;Pioggia in atto;Intenso;Buona;Sufficiente;1;0;0;4;12,46966;41,91448;-1;2;Autovettura privata;In marcia / fermata / arresto;Fiat;500;Passeggero;1971;F;Illeso;0;;Non accertato;Inesploso
3617212;23;26/12/2017 23:20:00;Strada Urbana;LUNGOTEVERE DELLE ARMI;da specificare;;;;prossimità Piazza delle Cinque Giornate;Veicolo in marcia contro veicolo fermo;Rettilineo;Una carreggiata a senso unico di marcia;Bagnato (pioggia);Asfaltata;Orizzontale;Pioggia in atto;Intenso;Buona;Sufficiente;1;0;0;4;12,46966;41,91448;-1;2;Autovettura privata;In marcia / fermata / arresto;Fiat;500;Passeggero;2003;M;Illeso;0;;Non accertato;Inesistente
3617212;23;26/12/2017 23:20:00;Strada Urbana;LUNGOTEVERE DELLE ARMI;da specificare;;;;prossimità Piazza delle Cinque Giornate;Veicolo in marcia contro veicolo fermo;Rettilineo;Una carreggiata a senso unico di marcia;Bagnato (pioggia);Asfaltata;Orizzontale;Pioggia in atto;Intenso;Buona;Sufficiente;1;0;0;4;12,46966;41,91448;-1;2;Autovettura privata;In marcia / fermata / arresto;Fiat;500;Passeggero;2009;M;Illeso;0;;Non accertato;Inesistente
3617213;8;27/12/2017 20:20:00;;VIA DI TOR BELLA MONACA;da specificare;;;;alt. Via Cambellotti;Veicolo in marcia contro ostacolo accidentale;;;;;;;;;;0;0;0;1;;;0;1;Autovettura privata;In marcia / fermata / arresto;Ford;Fiesta;Conducente;1968;M;Illeso;0;;;
3617215;8;27/12/2017 23:00:00;;VIA DI TOR BELLA MONACA;da specificare;;;;alt. Via Cambellotti;Veicolo in marcia contro ostacolo accidentale;;;;;;;;;;0;0;0;1;;;0;1;Autovettura privata;In marcia / fermata / arresto;Daewoo;Matiz;Conducente;1967;M;Illeso;0;;Non accertato;Inesploso
3617221;20;27/12/2017 07:04:00;Regionale entro l'abitato;VIA CASSIA;da specificare;;;;Altezza Cappelletta della Giustiniana;Tamponamento;Rettilineo;Una carreggiata a doppio senso;Bagnato (pioggia);Asfaltata;Verticale ed orizzontale;Pioggia in atto;Normale;Buona;Ore Diurne;0;0;0;4;12,41323;41,98292;-1;1;Autovettura privata;In marcia / fermata / arresto;Fiat;Panda;Conducente;1971;M;Illeso;0;;;
3617221;20;27/12/2017 07:04:00;Regionale entro l'abitato;VIA CASSIA;da specificare;;;;Altezza Cappelletta della Giustiniana;Tamponamento;Rettilineo;Una carreggiata a doppio senso;Bagnato (pioggia);Asfaltata;Verticale ed orizzontale;Pioggia in atto;Normale;Buona;Ore Diurne;0;0;0;4;12,41323;41,98292;-1;1;Autovettura privata;In marcia / fermata / arresto;Fiat;Panda;Passeggero;2007;M;Illeso;0;;;
3617221;20;27/12/2017 07:04:00;Regionale entro l'abitato;VIA CASSIA;da specificare;;;;Altezza Cappelletta della Giustiniana;Tamponamento;Rettilineo;Una carreggiata a doppio senso;Bagnato (pioggia);Asfaltata;Verticale ed orizzontale;Pioggia in atto;Normale;Buona;Ore Diurne;0;0;0;4;12,41323;41,98292;-1;1;Autovettura privata;In marcia / fermata / arresto;Fiat;Panda;Passeggero;2012;M;Illeso;0;;;
3617221;20;27/12/2017 07:04:00;Regionale entro l'abitato;VIA CASSIA;da specificare;;;;Altezza Cappelletta della Giustiniana;Tamponamento;Rettilineo;Una carreggiata a doppio senso;Bagnato (pioggia);Asfaltata;Verticale ed orizzontale;Pioggia in atto;Normale;Buona;Ore Diurne;0;0;0;4;12,41323;41,98292;-1;2;Autovettura privata;In marcia / fermata / arresto;Honda;Civic;Conducente;1967;M;Illeso;0;;;
3617223;7;27/12/2017 21:30:00;Strada Urbana;VIA COLLATINA;da specificare;;;;a 500 mt. da Via Vertunni;Veicolo in marcia contro ostacolo accidentale;Rettilineo;Una carreggiata a doppio senso;Bagnato (pioggia);Con buche;Assente;Pioggia in atto;Scarso;Sufficiente;Insufficiente;0;0;0;1;;;0;1;Autovettura privata;In marcia / fermata / arresto;Renault;Megane;Conducente;1955;M;Illeso;0;;Non accertato;Inesploso
3617229;1;27/12/2017 22:00:00;Strada Urbana;LARGO DELL'AMBA ARADAM;da specificare;;;;in prossimità VIA DELLA FERRATELLA IN LATERANO;Veicolo in marcia contro ostacolo accidentale;Rettilineo;Una carreggiata a senso unico di marcia;Bagnato (pioggia);Asfaltata;Verticale ed orizzontale;Nuvoloso;Normale;Sufficiente;Sufficiente;0;0;0;1;;;0;1;Autovettura privata;In marcia / fermata / arresto;Ford;Focus;Conducente;1972;M;Illeso;0;;;
3617233;13;27/12/2017 19:45:00;;VIA TANCREDI CHIARALUCE;da specificare;;;;200 mt prima di via di Tor Boacciana;Veicolo in marcia contro ostacolo accidentale;;;;;;;;;;0;0;0;3;12,27017;41,74707;0;1;Autovettura privata;In marcia / fermata / arresto;Lancia;Ypsilon;Conducente;1990;F;Illeso;0;;Non accertato;Inesploso
3617233;13;27/12/2017 19:45:00;;VIA TANCREDI CHIARALUCE;da specificare;;;;200 mt prima di via di Tor Boacciana;Veicolo in marcia contro ostacolo accidentale;;;;;;;;;;0;0;0;3;12,27017;41,74707;0;1;Autovettura privata;In marcia / fermata / arresto;Lancia;Ypsilon;Passeggero;1961;M;Illeso;0;;Non accertato;Inesploso
3617233;13;27/12/2017 19:45:00;;VIA TANCREDI CHIARALUCE;da specificare;;;;200 mt prima di via di Tor Boacciana;Veicolo in marcia contro ostacolo accidentale;;;;;;;;;;0;0;0;3;12,27017;41,74707;0;1;Autovettura privata;In marcia / fermata / arresto;Lancia;Ypsilon;Passeggero;2013;M;Illeso;0;;Non accertato;Inesploso
3617248;5;27/12/2017 12:30:00;;VIALE DEL TECNOPOLO;da specificare;;;;altezza svincolo C.A.R.;Veicolo in marcia contro ostacolo fisso;;;;;;;;;;1;0;0;0;12,65549;41,93631;0;1;Autovettura privata;In marcia / fermata / arresto;Peugeot;206;Conducente;0;M;Rimandato;0;NON DECEDUTO;;
3617250;5;27/12/2017 23:45:00;Strada Urbana;VIA RINALDO D'AQUINO;da specificare;;;;pross. Centrale del Latte;Veicolo in marcia contro ostacolo accidentale;Rettilineo;Due carreggiate;Bagnato (pioggia);Asfaltata;Verticale ed orizzontale;Nuvoloso;Scarso;Sufficiente;Sufficiente;0;0;0;1;12,60191;41,95376;0;1;Autovettura privata;In marcia / fermata / arresto;Volkswagen;Passat;Conducente;1975;M;Illeso;0;;Non accertato;Inesploso
3617259;7;27/12/2017 11:30:00;Strada Urbana;VIALE PALMIRO TOGLIATTI;all'intersezione semaforizzata con;VIA CASILINA;VIA CASILINA;;;Scontro laterale fra veicoli in marcia;Intersezione semaforizzata;Due carreggiate;Bagnato (pioggia);Asfaltata;Verticale ed orizzontale;Pioggia in atto;Normale;Sufficiente;Ore Diurne;0;0;0;5;12,57334;41,88718;0;1;Autovettura privata;In marcia / fermata / arresto;Fiat;Panda;Conducente;1969;F;Illeso;0;;Non accertato;Inesploso
3617259;7;27/12/2017 11:30:00;Strada Urbana;VIALE PALMIRO TOGLIATTI;all'intersezione semaforizzata con;VIA CASILINA;VIA CASILINA;;;Scontro laterale fra veicoli in marcia;Intersezione semaforizzata;Due carreggiate;Bagnato (pioggia);Asfaltata;Verticale ed orizzontale;Pioggia in atto;Normale;Sufficiente;Ore Diurne;0;0;0;5;12,57334;41,88718;0;1;Autovettura privata;In marcia / fermata / arresto;Fiat;Panda;Passeggero;2000;F;Illeso;0;;Non accertato;Inesploso
3617259;7;27/12/2017 11:30:00;Strada Urbana;VIALE PALMIRO TOGLIATTI;all'intersezione semaforizzata con;VIA CASILINA;VIA CASILINA;;;Scontro laterale fra veicoli in marcia;Intersezione semaforizzata;Due carreggiate;Bagnato (pioggia);Asfaltata;Verticale ed orizzontale;Pioggia in atto;Normale;Sufficiente;Ore Diurne;0;0;0;5;12,57334;41,88718;0;1;Autovettura privata;In marcia / fermata / arresto;Fiat;Panda;Passeggero;2004;M;Illeso;0;;Non accertato;Inesploso
3617259;7;27/12/2017 11:30:00;Strada Urbana;VIALE PALMIRO TOGLIATTI;all'intersezione semaforizzata con;VIA CASILINA;VIA CASILINA;;;Scontro laterale fra veicoli in marcia;Intersezione semaforizzata;Due carreggiate;Bagnato (pioggia);Asfaltata;Verticale ed orizzontale;Pioggia in atto;Normale;Sufficiente;Ore Diurne;0;0;0;5;12,57334;41,88718;0;2;Autovettura privata;In marcia / fermata / arresto;Nissan;Micra;Conducente;1995;F;Illeso;0;;Non accertato;Inesploso
3617259;7;27/12/2017 11:30:00;Strada Urbana;VIALE PALMIRO TOGLIATTI;all'intersezione semaforizzata con;VIA CASILINA;VIA CASILINA;;;Scontro laterale fra veicoli in marcia;Intersezione semaforizzata;Due carreggiate;Bagnato (pioggia);Asfaltata;Verticale ed orizzontale;Pioggia in atto;Normale;Sufficiente;Ore Diurne;0;0;0;5;12,57334;41,88718;0;2;Autovettura privata;In marcia / fermata / arresto;Nissan;Micra;Passeggero;1995;F;Illeso;0;;Non accertato;Inesploso
3617264;20;27/12/2017 21:15:00;Provinciale;VIA BRACCIANENSE;da specificare;;;;corrispondenza Km 5,700;Veicolo in marcia contro ostacolo accidentale;Rettilineo;Una carreggiata a doppio senso;Bagnato (pioggia);Asfaltata;Verticale ed orizzontale;Pioggia in atto;Scarso;Insufficiente;Inesistente;0;0;0;1;12,37287;42,01022;-1;1;Autovettura privata;In marcia / fermata / arresto;Fiat;Cinquecento;Conducente;1965;M;Illeso;0;;;
3617269;1;28/12/2017 01:40:00;Strada Urbana;VIALE MARCO POLO;all'intersezione con;VIA LUIGI RONCINOTTO;VIA LUIGI RONCINOTTO;;;Veicolo in marcia contro ostacolo accidentale;Incrocio;Due carreggiate;Bagnato (pioggia);Asfaltata;Verticale ed orizzontale;Pioggia in atto;Normale;Buona;Sufficiente;0;0;0;1;;;0;1;Autovettura privata;In marcia / fermata / arresto;Smart ;ForTwo Coupé;Conducente;1992;M;Illeso;0;;;
3617285;20;27/12/2017 10:30:00;Strada Urbana;VIADOTTO GIUBILEO DEL 2000;da specificare;;;;dir. Terni Km. 13.300;Veicolo in marcia contro ostacolo fisso;Rettilineo;Due carreggiate;Bagnato (pioggia);Asfaltata;Orizzontale;Pioggia in atto;Normale;Buona;Ore Diurne;0;0;0;1;;;0;1;Autocarro inferiore 35 q.;In marcia / fermata / arresto;Fiat;Ducato;Conducente;1985;M;Illeso;0;;;
3617299;20;26/12/2017 19:30:00;Strada Urbana;VIA DEL LABARO;in prossimità;;del civico n.;16;;Veicolo in marcia contro ostacolo accidentale;Rettilineo;Una carreggiata a senso unico di marcia;Bagnato (pioggia);Con buche;Verticale ed orizzontale;Pioggia in atto;Scarso;Sufficiente;Sufficiente;0;0;0;1;;;0;1;Autovettura privata;In marcia / fermata / arresto;Mercedes;Smart Forfour;Conducente;1968;F;Illeso;0;;;
3617303;20;27/12/2017 23:00:00;Provinciale;VIA BRACCIANENSE;da specificare;;;;altezza Km 5,700;Veicolo in marcia contro ostacolo accidentale;Rettilineo;Una carreggiata a doppio senso;Bagnato (pioggia);Asfaltata;Verticale ed orizzontale;Pioggia in atto;Scarso;Insufficiente;Inesistente;0;0;0;1;12,37287;42,01022;-1;1;Autovettura privata;In marcia / fermata / arresto;Volkswagen;Golf;Conducente;1981;M;Illeso;0;;;
3617321;20;27/12/2017 23:10:00;Provinciale;VIA BRACCIANENSE;da specificare;;;;altezza Km.  5,700;Veicolo in marcia contro ostacolo accidentale;Rettilineo;Una carreggiata a doppio senso;Bagnato (pioggia);Asfaltata;Verticale ed orizzontale;Pioggia in atto;Scarso;Insufficiente;Inesistente;0;0;0;1;12,37287;42,01022;-1;1;Autovettura privata;In marcia / fermata / arresto;Alfa Romeo;Giulietta;Conducente;1975;M;Illeso;0;;;
3617332;19;28/12/2017 07:25:00;Strada Urbana;VIA TRIONFALE;all'intersezione semaforizzata con;VIA ARISTIDE GABELLI;VIA ARISTIDE GABELLI;;;Scontro frontale/laterale SX fra veicoli in marcia;Incrocio;Una carreggiata a doppio senso;Bagnato (pioggia);Asfaltata;Verticale ed orizzontale;Nuvoloso;Normale;Buona;Ore Diurne;0;0;0;3;;;0;1;Autovettura privata;In marcia / fermata / arresto;Mercedes;Classe B 180;Conducente;1953;M;Illeso;0;;;
3617332;19;28/12/2017 07:25:00;Strada Urbana;VIA TRIONFALE;all'intersezione semaforizzata con;VIA ARISTIDE GABELLI;VIA ARISTIDE GABELLI;;;Scontro frontale/laterale SX fra veicoli in marcia;Incrocio;Una carreggiata a doppio senso;Bagnato (pioggia);Asfaltata;Verticale ed orizzontale;Nuvoloso;Normale;Buona;Ore Diurne;0;0;0;3;;;0;1;Autovettura privata;In marcia / fermata / arresto;Mercedes;Classe B 180;Passeggero;1980;F;Illeso;0;;;
3617332;19;28/12/2017 07:25:00;Strada Urbana;VIA TRIONFALE;all'intersezione semaforizzata con;VIA ARISTIDE GABELLI;VIA ARISTIDE GABELLI;;;Scontro frontale/laterale SX fra veicoli in marcia;Incrocio;Una carreggiata a doppio senso;Bagnato (pioggia);Asfaltata;Verticale ed orizzontale;Nuvoloso;Normale;Buona;Ore Diurne;0;0;0;3;;;0;2;Autovettura privata;In marcia / fermata / arresto;Fiat;Stilo;Conducente;1966;F;Illeso;0;;;
3617342;20;27/12/2017 23:15:00;Statale;VIA BRACCIANENSE;da specificare;;;;altezza km, 5,700;Veicolo in marcia contro ostacolo accidentale;Rettilineo;Una carreggiata a doppio senso;Bagnato (pioggia);Asfaltata;Verticale ed orizzontale;Pioggia in atto;Scarso;Insufficiente;Inesistente;0;0;0;1;12,37287;42,01022;-1;1;Autovettura privata;In marcia / fermata / arresto;Mercedes;Classe B;Conducente;1964;M;Illeso;0;;;
3617343;23;27/12/2017 22:52:00;Strada Urbana;VIA LAURENTINA;all'intersezione con;VIA LUIGI PERNA;VIA LUIGI PERNA;;;Scontro laterale fra veicoli in marcia;Incrocio;Due carreggiate;Bagnato (pioggia);Asfaltata;Verticale ed orizzontale;Pioggia in atto;Scarso;Buona;Sufficiente;1;0;0;3;12,47991;41,84497;-1;1;Autovettura privata;In marcia / fermata / arresto;Mercedes;Smart For Two;Conducente;1987;F;Rimandato;0;NON DECEDUTO;Non accertato;Inesploso
3617343;23;27/12/2017 22:52:00;Strada Urbana;VIA LAURENTINA;all'intersezione con;VIA LUIGI PERNA;VIA LUIGI PERNA;;;Scontro laterale fra veicoli in marcia;Incrocio;Due carreggiate;Bagnato (pioggia);Asfaltata;Verticale ed orizzontale;Pioggia in atto;Scarso;Buona;Sufficiente;1;0;0;3;12,47991;41,84497;-1;2;Autovettura privata;In marcia / fermata / arresto;Audi;Q 3;Conducente;1985;M;Illeso;0;;Non accertato;Inesploso
3617343;23;27/12/2017 22:52:00;Strada Urbana;VIA LAURENTINA;all'intersezione con;VIA LUIGI PERNA;VIA LUIGI PERNA;;;Scontro laterale fra veicoli in marcia;Incrocio;Due carreggiate;Bagnato (pioggia);Asfaltata;Verticale ed orizzontale;Pioggia in atto;Scarso;Buona;Sufficiente;1;0;0;3;12,47991;41,84497;-1;2;Autovettura privata;In marcia / fermata / arresto;Audi;Q 3;Passeggero;1960;F;Illeso;0;;Non accertato;Inesploso
3617343;23;27/12/2017 22:52:00;Strada Urbana;VIA LAURENTINA;all'intersezione con;VIA LUIGI PERNA;VIA LUIGI PERNA;;;Scontro laterale fra veicoli in marcia;Incrocio;Due carreggiate;Bagnato (pioggia);Asfaltata;Verticale ed orizzontale;Pioggia in atto;Scarso;Buona;Sufficiente;1;0;0;3;12,47991;41,84497;-1;2;Autovettura privata;In marcia / fermata / arresto;Audi;Q 3;Passeggero;1991;F;Illeso;0;;Non accertato;Inesploso
3617347;10;28/12/2017 08:30:00;Strada Urbana;CIRCONVALLAZIONE ORIENTALE;in prossimità;;del civico n.;4715;;Veicolo in marcia contro ostacolo accidentale;Rettilineo;Una carreggiata a senso unico di marcia;Bagnato (pioggia);Con buche;Orizzontale;Pioggia in atto;Normale;Buona;Ore Diurne;0;0;0;1;;;0;1;Autovettura privata;In marcia / fermata / arresto;Fiat;500;Conducente;1986;M;Illeso;0;;Non accertato;Inesploso
3617364;20;27/12/2017 23:30:00;Provinciale;VIA BRACCIANENSE;da specificare;;;;altezza Km 5,700;Veicolo in marcia contro ostacolo accidentale;Rettilineo;Una carreggiata a doppio senso;Bagnato (pioggia);Asfaltata;Verticale ed orizzontale;Pioggia in atto;Scarso;Insufficiente;Inesistente;0;0;0;1;12,37287;42,01022;-1;1;Autovettura privata;In marcia / fermata / arresto;Alfa Romeo;MITO;Conducente;1987;M;Illeso;0;;;
3617367;12;27/12/2017 19:20:00;Strada Urbana;VIA CINA;in corrispondenza;;del civico n.;352;;Veicolo in marcia contro veicoli in sosta;Rettilineo;Una carreggiata a doppio senso;Bagnato (pioggia);Asfaltata;Verticale ed orizzontale;Pioggia in atto;Scarso;Sufficiente;Sufficiente;0;0;0;1;12,43165;41,81051;-1;1;Autovettura privata;In marcia / fermata / arresto;Opel;Meriva;Conducente;1959;M;Illeso;0;;Non accertato;Inesploso
3617372;13;28/12/2017 05:05:00;Strada Urbana;PIAZZA FONTE DEGLI ACILII;all'intersezione con;VIA PINDARO;VIA PINDARO;;;Scontro frontale/laterale DX fra veicoli in marcia;Rotatoria;Una carreggiata a doppio senso;Bagnato (umidità in atto);Asfaltata;Verticale ed orizzontale;Nuvoloso;Scarso;Buona;Sufficiente;0;0;0;2;;;0;1;Autovettura privata;In marcia / fermata / arresto;Fiat;Punto;Conducente;1970;F;Illeso;0;;Non accertato;Inesploso
3617372;13;28/12/2017 05:05:00;Strada Urbana;PIAZZA FONTE DEGLI ACILII;all'intersezione con;VIA PINDARO;VIA PINDARO;;;Scontro frontale/laterale DX fra veicoli in marcia;Rotatoria;Una carreggiata a doppio senso;Bagnato (umidità in atto);Asfaltata;Verticale ed orizzontale;Nuvoloso;Scarso;Buona;Sufficiente;0;0;0;2;;;0;2;Autovettura privata;In marcia / fermata / arresto;Volkswagen;Polo;Conducente;1962;F;Illeso;0;;Non accertato;Inesploso
3617375;2;28/12/2017 00:40:00;;VIA DEL FORO ITALICO;da specificare;;;;altezza Via della Moschea;Scontro laterale fra veicoli in marcia;;;;;;;;;;0;0;0;2;;;0;1;Autovettura privata;In marcia / fermata / arresto;Fiat;500;Conducente;1997;;Illeso;0;;;
3617375;2;28/12/2017 00:40:00;;VIA DEL FORO ITALICO;da specificare;;;;altezza Via della Moschea;Scontro laterale fra veicoli in marcia;;;;;;;;;;0;0;0;2;;;0;2;Quadriciclo;In marcia / fermata / arresto;AIXAM;Quadriciclo MEGA;Conducente;2000;M;Illeso;0;;;
3617377;20;27/12/2017 23:40:00;Provinciale;VIA BRACCIANENSE;da specificare;;;;altezza Km 5,700;Veicolo in marcia contro ostacolo accidentale;Rettilineo;Una carreggiata a doppio senso;Bagnato (pioggia);Asfaltata;Verticale ed orizzontale;Pioggia in atto;Scarso;Insufficiente;Inesistente;0;0;0;1;12,37287;42,01022;-1;1;Autovettura privata;In marcia / fermata / arresto;Toyota;Aygo;Conducente;1987;M;Illeso;0;;;
3617382;12;27/12/2017 06:30:00;;VIADOTTO DELLA MAGLIANA;da specificare;;;;ALT CAPPELLACCIO DIR FIUMICINO;Veicolo in marcia contro ostacolo fisso;;;;;;;;;;0;0;0;2;;;0;1;Autocarro inferiore 35 q.;In marcia / fermata / arresto;Renault;Kangoo;Conducente;1959;M;Illeso;0;;;
3617382;12;27/12/2017 06:30:00;;VIADOTTO DELLA MAGLIANA;da specificare;;;;ALT CAPPELLACCIO DIR FIUMICINO;Veicolo in marcia contro ostacolo fisso;;;;;;;;;;0;0;0;2;;;0;1;Autocarro inferiore 35 q.;In marcia / fermata / arresto;Renault;Kangoo;Passeggero;1963;M;Illeso;0;;;
3617404;12;26/12/2017 19:00:00;;VIA DELLA MAGLIANA;in prossimità;;del civico n.;375;;Investimento di pedone;;;;;;;;;;1;0;0;2;12,45164;41,83702;0;;;;;;Pedone;1956;M;Rimandato;0;NON DECEDUTO;;
3617404;12;26/12/2017 19:00:00;;VIA DELLA MAGLIANA;in prossimità;;del civico n.;375;;Investimento di pedone;;;;;;;;;;1;0;0;2;12,45164;41,83702;0;1;Autovettura privata;In marcia / fermata / arresto;Daewoo;Matiz;Conducente;1974;M;Illeso;0;;Non accertato;Inesploso
3617404;12;26/12/2017 19:00:00;;VIA DELLA MAGLIANA;in prossimità;;del civico n.;375;;Investimento di pedone;;;;;;;;;;1;0;0;2;12,45164;41,83702;0;1;Autovettura privata;In marcia / fermata / arresto;Daewoo;Matiz;Passeggero;1976;M;Illeso;0;;Non accertato;Inesploso
3617412;1;27/12/2017 20:15:00;Strada Urbana;VIA DELLE TERME DECIANE;da specificare;;;;civico 5a;Veicolo in marcia contro ostacolo accidentale;Curva a visuale libera;Una carreggiata a doppio senso;Bagnato (pioggia);Con buche;Assente;Pioggia in atto;Scarso;Buona;Sufficiente;0;0;0;1;;;0;1;Autovettura privata;In marcia / fermata / arresto;Mercedes;Smart Fortwo Coupè;Conducente;1985;M;Illeso;0;;;
3617417;2;28/12/2017 02:00:00;;VIA GIACINTA PEZZANA;in corrispondenza;;del civico n.;23;;Veicolo in marcia contro veicolo in sosta;;;;;;;;;;0;0;0;1;;;0;2;Autovettura privata;In marcia / fermata / arresto;BMW;330D;Conducente;1980;M;Illeso;0;;;
3617419;2;27/12/2017 17:30:00;;CIRCONVALLAZIONE SALARIA;da specificare;;;;dir. Nomentana prox uscita Viale Etiopia;Tamponamento;;;;;;;;;;0;0;0;6;;;0;1;Autovettura privata;In marcia / fermata / arresto;Nissan;QASHQAI;Conducente;0;M;Illeso;0;;;
3617419;2;27/12/2017 17:30:00;;CIRCONVALLAZIONE SALARIA;da specificare;;;;dir. Nomentana prox uscita Viale Etiopia;Tamponamento;;;;;;;;;;0;0;0;6;;;0;2;Autovettura privata;In marcia / fermata / arresto;Opel;Corsa;Conducente;0;M;Illeso;0;;;
3617419;2;27/12/2017 17:30:00;;CIRCONVALLAZIONE SALARIA;da specificare;;;;dir. Nomentana prox uscita Viale Etiopia;Tamponamento;;;;;;;;;;0;0;0;6;;;0;2;Autovettura privata;In marcia / fermata / arresto;Opel;Corsa;Passeggero;0;F;Illeso;0;;;
3617419;2;27/12/2017 17:30:00;;CIRCONVALLAZIONE SALARIA;da specificare;;;;dir. Nomentana prox uscita Viale Etiopia;Tamponamento;;;;;;;;;;0;0;0;6;;;0;2;Autovettura privata;In marcia / fermata / arresto;Opel;Corsa;Passeggero;0;M;Illeso;0;;;
3617426;13;28/12/2017 02:00:00;Strada Urbana;VIA ANTONIO SCONTRINO;da specificare;;;;prossimità civico 12;Veicolo in marcia contro ostacolo accidentale;Rettilineo;Una carreggiata a doppio senso;Asciutto;Asfaltata;Assente;Nuvoloso;Scarso;Sufficiente;Sufficiente;0;0;0;3;;;0;1;Autovettura privata;In marcia / fermata / arresto;Ford;Fusion;Conducente;1998;M;Illeso;0;;;
3617426;13;28/12/2017 02:00:00;Strada Urbana;VIA ANTONIO SCONTRINO;da specificare;;;;prossimità civico 12;Veicolo in marcia contro ostacolo accidentale;Rettilineo;Una carreggiata a doppio senso;Asciutto;Asfaltata;Assente;Nuvoloso;Scarso;Sufficiente;Sufficiente;0;0;0;3;;;0;1;Autovettura privata;In marcia / fermata / arresto;Ford;Fusion;Passeggero;1997;M;Illeso;0;;;Inesploso
3617426;13;28/12/2017 02:00:00;Strada Urbana;VIA ANTONIO SCONTRINO;da specificare;;;;prossimità civico 12;Veicolo in marcia contro ostacolo accidentale;Rettilineo;Una carreggiata a doppio senso;Asciutto;Asfaltata;Assente;Nuvoloso;Scarso;Sufficiente;Sufficiente;0;0;0;3;;;0;1;Autovettura privata;In marcia / fermata / arresto;Ford;Fusion;Passeggero;1999;M;Illeso;0;;;
3617444;10;28/12/2017 10:15:00;Strada Urbana;VIA CALPURNIO PISONE;all'intersezione con;VIA TARQUINIO COLLATINO;VIA TARQUINIO COLLATINO;;;Scontro frontale/laterale DX fra veicoli in marcia;Incrocio;Due carreggiate;Bagnato (pioggia);Asfaltata;Verticale ed orizzontale;Pioggia in atto;Normale;Buona;Ore Diurne;0;0;0;3;;;0;1;Autovettura privata;In marcia / fermata / arresto;Opel;Meriva;Conducente;1946;M;Illeso;0;;Non accertato;Inesploso