Protocollo;Gruppo;DataOraIncidente;Localizzazione1;STRADA1;Localizzazione2;STRADA2;Strada02;Chilometrica;DaSpecificare;NaturaIncidente;particolaritastrade;TipoStrada;FondoStradale;Pavimentazione;Segnaletica;CondizioneAtmosferica;Traffico;Visibilita;Illuminazione;NUM_FERITI;NUM_RISERVATA;NUM_MORTI;NUM_ILLESI;Longitudine;Latitudine;Confermato;Progressivo;TipoVeicolo;StatoVeicolo;Marca;Modello;TipoPersona;AnnoNascita;Sesso;Tipolesione;Deceduto;DecedutoDopo;CinturaCascoUtilizzato;Airbag;
3619853;11;29/12/2017 23:20:00;Strada Urbana;VIA MARIO MUSCO;in corrispondenza;;del civico n.;36;;Veicolo in marcia contro veicolo fermo;Rettilineo;Una carreggiata a senso unico di marcia;Asciutto;Asfaltata;Verticale ed orizzontale;Sereno;Normale;Buona;Sufficiente;0;0;0;3;;;0;1;Autovettura privata;In marcia / fermata / arresto;Opel;Corsa;Passeggero;1994;F;Illeso;0;;Non accertato;
3619853;11;29/12/2017 23:20:00;Strada Urbana;VIA MARIO MUSCO;in corrispondenza;;del civico n.;36;;Veicolo in marcia contro veicolo fermo;Rettilineo;Una carreggiata a senso unico di marcia;Asciutto;Asfaltata;Verticale ed orizzontale;Sereno;Normale;Buona;Sufficiente;0;0;0;3;;;0;2;Autovettura privata;In marcia / fermata / arresto;Fiat;500;Conducente;1974;M;Illeso;0;;;
3619872;17;30/12/2017 02:10:00;Strada Urbana;VIA GIORDANO BRUNO;all'intersezione con;VIA BERNARDINO TELESIO;VIA BERNARDINO TELESIO;;;Scontro laterale fra veicoli in marcia;Incrocio;Una carreggiata a senso unico di marcia;Asciutto;Asfaltata;Verticale ed orizzontale;Sereno;Scarso;Sufficiente;Sufficiente;0;0;0;3;12,45235;41,91162;0;1;Autovettura privata;In marcia / fermata / arresto;Volkswagen;Golf;Conducente;1991;M;Illeso;0;;;
3619872;17;30/12/2017 02:10:00;Strada Urbana;VIA GIORDANO BRUNO;all'intersezione con;VIA BERNARDINO TELESIO;VIA BERNARDINO TELESIO;;;Scontro laterale fra veicoli in marcia;Incrocio;Una carreggiata a senso unico di marcia;Asciutto;Asfaltata;Verticale ed orizzontale;Sereno;Scarso;Sufficiente;Sufficiente;0;0;0;3;12,45235;41,91162;0;1;Autovettura privata;In marcia / fermata / arresto;Volkswagen;Golf;Passeggero;1991;M;Illeso;0;;;
3619872;17;30/12/2017 02:10:00;Strada Urbana;VIA GIORDANO BRUNO;all'intersezione con;VIA BERNARDINO TELESIO;VIA BERNARDINO TELESIO;;;Scontro laterale fra veicoli in marcia;Incrocio;Una carreggiata a senso unico di marcia;Asciutto;Asfaltata;Verticale ed orizzontale;Sereno;Scarso;Sufficiente;Sufficiente;0;0;0;3;12,45235;41,91162;0;2;Autovettura privata;In marcia / fermata / arresto;Peugeot;306 S.W.;Conducente;1986;M;Illeso;0;;;
3619889;17;30/12/2017 04:00:00;Strada Urbana;LUNGOTEVERE PRATI;da specificare;;;;SOTTOPASSO S.N.C;Veicolo in marcia contro ostacolo fisso;Sottopasso illuminato;Una carreggiata a senso unico di marcia;Asciutto;Asfaltata;Verticale ed orizzontale;Sereno;Normale;Sufficiente;Sufficiente;0;0;0;1;12,47341;41,90494;0;1;Autovettura privata;In marcia / fermata / arresto;Smart ;FORTWO;Conducente;1995;M;Illeso;0;;Non accertato;Inesploso
3619939;20;29/12/2017 16:30:00;Strada Urbana;CORSO DI FRANCIA;all'intersezione semaforizzata con;VIA BARTOLOMEO GOSIO;VIA BARTOLOMEO GOSIO;;;Tamponamento;Intersezione semaforizzata;Una carreggiata a senso unico di marcia;Asciutto;Asfaltata;Verticale ed orizzontale;Sereno;Normale;Buona;Sufficiente;0;0;0;2;12,47105;41,94055;0;1;Autovettura privata;In marcia / fermata / arresto;Mercedes;Classe A;Conducente;1976;M;Illeso;0;;Non accertato;Inesploso
3619939;20;29/12/2017 16:30:00;Strada Urbana;CORSO DI FRANCIA;all'intersezione semaforizzata con;VIA BARTOLOMEO GOSIO;VIA BARTOLOMEO GOSIO;;;Tamponamento;Intersezione semaforizzata;Una carreggiata a senso unico di marcia;Asciutto;Asfaltata;Verticale ed orizzontale;Sereno;Normale;Buona;Sufficiente;0;0;0;2;12,47105;41,94055;0;2;Autovettura privata;In marcia / fermata / arresto;Audi;(ignoto);Conducente;1952;M;Illeso;0;;Non accertato;Inesploso
3619947;20;29/12/2017 19:20:00;Statale entro l'abitato;PIAZZA DELLA VISIONE;in prossimità;;del civico n.;16;;Investimento di pedone;Rettilineo;Una carreggiata a doppio senso;Asciutto;Asfaltata;Verticale ed orizzontale;Sereno;Normale;Sufficiente;Sufficiente;0;0;0;2;12,38256;42,00288;-1;;;;;;Pedone;1979;M;Illeso;0;;;
3619947;20;29/12/2017 19:20:00;Statale entro l'abitato;PIAZZA DELLA VISIONE;in prossimità;;del civico n.;16;;Investimento di pedone;Rettilineo;Una carreggiata a doppio senso;Asciutto;Asfaltata;Verticale ed orizzontale;Sereno;Normale;Sufficiente;Sufficiente;0;0;0;2;12,38256;42,00288;-1;1;Autovettura privata;In marcia / fermata / arresto;Opel;Astra;Conducente;1989;M;Illeso;0;;Non accertato;Inesploso
3619959;23;29/12/2017 11:40:00;;VIA DEI PONTEFICI;in corrispondenza;;del civico n.;7;;Veicolo in marcia contro veicolo in sosta;;;;;;;;;;0;0;0;1;;;0;1;Autovettura privata;In marcia / fermata / arresto;Toyota;Yaris;Conducente;1949;F;Illeso;0;;;
3619961;20;29/12/2017 15:00:00;Strada Urbana;VIA CASSIA;in corrispondenza;;del civico n.;1450;;Scontro laterale fra veicoli in marcia;Rettilineo;Una carreggiata a doppio senso;Asciutto;Asfaltata;Verticale ed orizzontale;Sereno;Normale;Buona;Ore Diurne;0;0;0;2;12,37974;42,00717;0;1;Autovettura privata;In marcia / fermata / arresto;Toyota;Aygo;Conducente;1962;M;Illeso;0;;Non accertato;Inesploso
3619961;20;29/12/2017 15:00:00;Strada Urbana;VIA CASSIA;in corrispondenza;;del civico n.;1450;;Scontro laterale fra veicoli in marcia;Rettilineo;Una carreggiata a doppio senso;Asciutto;Asfaltata;Verticale ed orizzontale;Sereno;Normale;Buona;Ore Diurne;0;0;0;2;12,37974;42,00717;0;2;Motociclo a solo;In marcia / fermata / arresto;Suzuki;AN 250;Conducente;1996;M;Illeso;0;;Non accertato;
3619977;17;30/12/2017 10:00:00;Strada Urbana;VIA COLA DI RIENZO;in corrispondenza;;del civico n.;195;;Veicolo in marcia contro ostacolo accidentale;Rettilineo;Una carreggiata a doppio senso;Asciutto;In cubetti di porfido;Verticale ed orizzontale;Nuvoloso;Normale;Buona;Ore Diurne;0;0;0;1;;;0;1;Motociclo a solo;In marcia / fermata / arresto;Honda;SH 150;Conducente;1985;F;Illeso;0;;Non accertato;
3620230;6;30/12/2017 12:35:00;;VIA DEGLI ANGELI;all'intersezione con;VIA DEI CICERI;VIA DEI CICERI;;;Veicolo in marcia contro veicolo arresto;;;;;;;;;;0;0;0;2;;;0;1;Autovettura privata;In marcia / fermata / arresto;Fiat;Panda;Conducente;1976;M;Illeso;0;;;
3620230;6;30/12/2017 12:35:00;;VIA DEGLI ANGELI;all'intersezione con;VIA DEI CICERI;VIA DEI CICERI;;;Veicolo in marcia contro veicolo arresto;;;;;;;;;;0;0;0;2;;;0;2;Autovettura privata;In marcia / fermata / arresto;Renault;Megane;Conducente;1981;M;Illeso;0;;;
3620282;13;30/12/2017 12:40:00;Strada Urbana;VIALE DEI PROMONTORI;da specificare;;;;altezza via Capo Rizzuto;Veicolo in marcia contro ostacolo accidentale;Rettilineo;Due carreggiate;Asciutto;Con buche;Assente;Nuvoloso;Normale;Buona;Ore Diurne;0;0;0;1;;;0;1;Autovettura privata;In marcia / fermata / arresto;Nissan;Micra;Conducente;1981;M;Illeso;0;;Non accertato;Inesploso
3620379;3;25/12/2017 03:05:00;;VIA FEDERICO DE ROBERTO;in prossimità;;del civico n.;37;;Veicolo in marcia contro veicoli in sosta;;;;;;;;;;0;0;0;1;;;0;1;Autovettura privata;In marcia / fermata / arresto;Mercedes;Smart Fortwo;Conducente;0;M;Illeso;0;;;
3620423;13;30/12/2017 15:45:00;Strada Urbana;VIA DELLE EBRIDI;in prossimità;;del civico n.;42;;Tamponamento;Rettilineo;Due carreggiate;Asciutto;Asfaltata;Assente;Nuvoloso;Normale;Buona;Ore Diurne;0;0;0;3;;;0;1;Autovettura privata;In marcia / fermata / arresto;Nissan;Micra;Conducente;1992;M;Illeso;0;;Non accertato;Inesploso
3620423;13;30/12/2017 15:45:00;Strada Urbana;VIA DELLE EBRIDI;in prossimità;;del civico n.;42;;Tamponamento;Rettilineo;Due carreggiate;Asciutto;Asfaltata;Assente;Nuvoloso;Normale;Buona;Ore Diurne;0;0;0;3;;;0;2;Autovettura privata;In marcia / fermata / arresto;BMW;318;Conducente;1992;F;Illeso;0;;Non accertato;Inesploso
3620423;13;30/12/2017 15:45:00;Strada Urbana;VIA DELLE EBRIDI;in prossimità;;del civico n.;42;;Tamponamento;Rettilineo;Due carreggiate;Asciutto;Asfaltata;Assente;Nuvoloso;Normale;Buona;Ore Diurne;0;0;0;3;;;0;2;Autovettura privata;In marcia / fermata / arresto;BMW;318;Passeggero;1999;F;Illeso;0;;Non accertato;Inesploso
3620432;15;30/12/2017 10:10:00;;AUTOSTRADA ROMA AEROPORTO DI FIUMICINO;da specificare;;;;PROSSIMITA' ROMA - FIUMICINO KM. 0.30;Veicolo in marcia contro ostacolo accidentale;;;;;;;;;;0;0;0;1;;;0;1;Autovettura privata;In marcia / fermata / arresto;Volkswagen;Passat;Conducente;0;M;Illeso;0;;;
3620450;15;30/12/2017 11:05:00;;VICOLO DI PAPA LEONE;da specificare;;;;.;Scontro laterale fra veicoli in marcia;;;;;;;;;;0;0;0;2;;;0;1;Autovettura privata;In marcia / fermata / arresto;Fiat;Punto;Conducente;0;M;Illeso;0;;;
3620450;15;30/12/2017 11:05:00;;VICOLO DI PAPA LEONE;da specificare;;;;.;Scontro laterale fra veicoli in marcia;;;;;;;;;;0;0;0;2;;;0;1;Autovettura privata;In marcia / fermata / arresto;Fiat;Punto;Passeggero;0;F;Illeso;0;;;
3620470;2;30/12/2017 17:10:00;Strada Urbana;VIA GIAMBATTISTA VICO;all'intersezione con;VIA CESARE BECCARIA;VIA CESARE BECCARIA;;;Scontro frontale/laterale DX fra veicoli in marcia;Incrocio;Una carreggiata a doppio senso;Asciutto;Asfaltata;Verticale ed orizzontale;Nuvoloso;Normale;Buona;Sufficiente;0;0;0;3;;;0;1;Autovettura privata;In marcia / fermata / arresto;Nissan;Micra;Conducente;1980;M;Illeso;0;;;
3620470;2;30/12/2017 17:10:00;Strada Urbana;VIA GIAMBATTISTA VICO;all'intersezione con;VIA CESARE BECCARIA;VIA CESARE BECCARIA;;;Scontro frontale/laterale DX fra veicoli in marcia;Incrocio;Una carreggiata a doppio senso;Asciutto;Asfaltata;Verticale ed orizzontale;Nuvoloso;Normale;Buona;Sufficiente;0;0;0;3;;;0;2;Autovettura privata;In marcia / fermata / arresto;Renault;KADJAR;Conducente;1997;M;Illeso;0;;;
3620470;2;30/12/2017 17:10:00;Strada Urbana;VIA GIAMBATTISTA VICO;all'intersezione con;VIA CESARE BECCARIA;VIA CESARE BECCARIA;;;Scontro frontale/laterale DX fra veicoli in marcia;Incrocio;Una carreggiata a doppio senso;Asciutto;Asfaltata;Verticale ed orizzontale;Nuvoloso;Normale;Buona;Sufficiente;0;0;0;3;;;0;2;Autovettura privata;In marcia / fermata / arresto;Renault;KADJAR;Passeggero;1997;F;Illeso;0;;;
3620476;3;27/12/2017 07:50:00;Strada Urbana;VIA COMO;all'intersezione con;VIA PAVIA;VIA PAVIA;;;Scontro frontale/laterale SX fra veicoli in marcia;Incrocio;Una carreggiata a doppio senso;Bagnato (pioggia);Asfaltata;Verticale ed orizzontale;Pioggia in atto;Scarso;Sufficiente;Ore Diurne;0;0;0;2;;;0;1;Autovettura privata;In marcia / fermata / arresto;Fiat;Punto;Conducente;1990;M;Illeso;0;;Non accertato;Inesploso
3620476;3;27/12/2017 07:50:00;Strada Urbana;VIA COMO;all'intersezione con;VIA PAVIA;VIA PAVIA;;;Scontro frontale/laterale SX fra veicoli in marcia;Incrocio;Una carreggiata a doppio senso;Bagnato (pioggia);Asfaltata;Verticale ed orizzontale;Pioggia in atto;Scarso;Sufficiente;Ore Diurne;0;0;0;2;;;0;2;Motociclo a solo;In marcia / fermata / arresto;BMW;F800;Conducente;1987;M;Illeso;0;;Non accertato;
3620627;15;30/12/2017 16:50:00;;VIA ANTONIO PACINOTTI;in corrispondenza;;del civico n.;27;;Scontro frontale/laterale SX fra veicoli in marcia;;;;;;;;;;1;0;0;1;;;0;1;Autovettura privata;In marcia / fermata / arresto;Toyota;VERSO;Conducente;1962;M;Illeso;0;;;
3620627;15;30/12/2017 16:50:00;;VIA ANTONIO PACINOTTI;in corrispondenza;;del civico n.;27;;Scontro frontale/laterale SX fra veicoli in marcia;;;;;;;;;;1;0;0;1;;;0;2;Motociclo a solo;In marcia / fermata / arresto;Piaggio;Beverly;Conducente;0;M;Rifiuta cure immediate;0;NON DECEDUTO;;
3620715;10;29/12/2017 09:15:00;;VIA DI TORRE SPACCATA;da specificare;;;;ROTATORIA / VIALE B. RIZZIERI;Scontro laterale fra veicoli in marcia;;;;;;;;;;0;0;0;2;;;0;1;Autovettura privata;In marcia / fermata / arresto;Mercedes;Smart Fortwo;Conducente;1997;M;Illeso;0;;;
3620715;10;29/12/2017 09:15:00;;VIA DI TORRE SPACCATA;da specificare;;;;ROTATORIA / VIALE B. RIZZIERI;Scontro laterale fra veicoli in marcia;;;;;;;;;;0;0;0;2;;;0;2;Autovettura privata;In marcia / fermata / arresto;Mercedes;Smart Fortwo;Conducente;1997;M;Illeso;0;;;
3620751;10;29/12/2017 10:00:00;;VIA TUSCOLANA;da specificare;;;;DIREZIONE ROMA CENTRO 50MT PRIMA DI VIA G. DELITA;Veicolo in marcia contro ostacolo accidentale;;;;;;;;;;0;0;0;1;;;0;1;Autovettura privata;In marcia / fermata / arresto;Ford;Focus;Conducente;1975;M;Illeso;0;;;
3620850;11;30/12/2017 11:30:00;Strada Urbana;VIA CRISTOFORO COLOMBO;da specificare;;;;pross. largo FOCHETTI;Tamponamento;Rettilineo;Più di due carreggiate;Asciutto;Asfaltata;Verticale ed orizzontale;Nuvoloso;Normale;Sufficiente;Ore Diurne;0;0;0;2;12,49649;41,86721;0;1;Autovettura privata;In marcia / fermata / arresto;Mercedes;Smart Fortwo;Conducente;1987;F;Illeso;0;;Non accertato;
3620850;11;30/12/2017 11:30:00;Strada Urbana;VIA CRISTOFORO COLOMBO;da specificare;;;;pross. largo FOCHETTI;Tamponamento;Rettilineo;Più di due carreggiate;Asciutto;Asfaltata;Verticale ed orizzontale;Nuvoloso;Normale;Sufficiente;Ore Diurne;0;0;0;2;12,49649;41,86721;0;2;Autovettura privata;In marcia / fermata / arresto;Fiat;500;Conducente;1993;F;Illeso;0;;Non accertato;Inesploso
3620871;11;30/12/2017 13:50:00;Strada Urbana;VIA ADELAIDE BONO CAIROLI;all'intersezione con;VIA ALESSANDRA MACINGHI STROZZI;VIA ALESSANDRA MACINGHI STROZZI;;;Investimento di pedone;Intersezione non regolata/non segnalata;Una carreggiata a senso unico di marcia;Asciutto;Asfaltata;Verticale ed orizzontale;Nuvoloso;Scarso;Buona;Ore Diurne;0;0;0;2;;;0;;;;;;Pedone;1990;M;Illeso;0;;;
3620871;11;30/12/2017 13:50:00;Strada Urbana;VIA ADELAIDE BONO CAIROLI;all'intersezione con;VIA ALESSANDRA MACINGHI STROZZI;VIA ALESSANDRA MACINGHI STROZZI;;;Investimento di pedone;Intersezione non regolata/non segnalata;Una carreggiata a senso unico di marcia;Asciutto;Asfaltata;Verticale ed orizzontale;Nuvoloso;Scarso;Buona;Ore Diurne;0;0;0;2;;;0;1;Autovettura privata;In marcia / fermata / arresto;Ford;Fiesta;Conducente;1975;M;Illeso;0;;Non accertato;
3620920;10;29/12/2017 17:10:00;;VIA ANAGNINA;da specificare;;;;prossimità VIA SOVERIA MANNELLI;Scontro laterale fra veicoli in marcia;;;;;;;;;;1;0;0;0;;;0;1;Motociclo a solo;In marcia / fermata / arresto;Kymco;AGILITY;Conducente;1964;M;Rimandato;0;NON DECEDUTO;;
3620924;10;29/12/2017 20:20:00;;VIA TUSCOLANA;in corrispondenza;;del civico n.;471;;Tamponamento;;;;;;;;;;0;0;0;3;;;0;1;Autovettura privata;In marcia / fermata / arresto;Volkswagen;Maggiolino;Conducente;1978;M;Illeso;0;;;
3620924;10;29/12/2017 20:20:00;;VIA TUSCOLANA;in corrispondenza;;del civico n.;471;;Tamponamento;;;;;;;;;;0;0;0;3;;;0;2;Autovettura privata;In marcia / fermata / arresto;Fiat;Panda;Conducente;1995;M;Illeso;0;;;
3620924;10;29/12/2017 20:20:00;;VIA TUSCOLANA;in corrispondenza;;del civico n.;471;;Tamponamento;;;;;;;;;;0;0;0;3;;;0;2;Autovettura privata;In marcia / fermata / arresto;Fiat;Panda;Passeggero;1997;M;Illeso;0;;;
3620940;10;30/12/2017 09:50:00;;VIALE BRUNO PELIZZI;all'intersezione con;VIA DI TORRE SPACCATA;VIA DI TORRE SPACCATA;;;Veicolo in marcia contro ostacolo accidentale;;;;;;;;;;0;0;0;1;;;0;1;Autovettura privata;In marcia / fermata / arresto;Volkswagen;Golf;Conducente;1971;M;Illeso;0;;;
3620945;10;30/12/2017 13:30:00;;VIA QUINTO PUBLICIO;in corrispondenza;;del civico n.;19;;Veicolo in marcia contro veicolo fermo;;;;;;;;;;0;0;0;3;;;0;1;Autovettura privata;In marcia / fermata / arresto;Fiat;Panda;Conducente;1974;M;Illeso;0;;;
3620945;10;30/12/2017 13:30:00;;VIA QUINTO PUBLICIO;in corrispondenza;;del civico n.;19;;Veicolo in marcia contro veicolo fermo;;;;;;;;;;0;0;0;3;;;0;2;Autocarro inferiore 35 q.;In marcia / fermata / arresto;Fiat;Iveco;Conducente;1971;M;Illeso;0;;;
3620945;10;30/12/2017 13:30:00;;VIA QUINTO PUBLICIO;in corrispondenza;;del civico n.;19;;Veicolo in marcia contro veicolo fermo;;;;;;;;;;0;0;0;3;;;0;2;Autocarro inferiore 35 q.;In marcia / fermata / arresto;Fiat;Iveco;Passeggero;1992;M;Illeso;0;;;
3620974;20;31/12/2017 06:40:00;Strada Urbana;VIA CASSIA;da specificare;;;;altezza Via Cappelletta della Giustiniana;Investimento di pedone;Rettilineo;Una carreggiata a doppio senso;Asciutto;Asfaltata;Orizzontale;Sereno;Scarso;Sufficiente;Insufficiente;0;1;0;1;;;0;;;;;;Pedone;1979;F;Prognosi riservata;0;NON DECEDUTO;;
3620974;20;31/12/2017 06:40:00;Strada Urbana;VIA CASSIA;da specificare;;;;altezza Via Cappelletta della Giustiniana;Investimento di pedone;Rettilineo;Una carreggiata a doppio senso;Asciutto;Asfaltata;Orizzontale;Sereno;Scarso;Sufficiente;Insufficiente;0;1;0;1;;;0;1;Autovettura privata;In marcia / fermata / arresto;Ford;Fiesta;Conducente;1954;M;Illeso;0;;;
3621055;20;30/12/2017 13:30:00;Regionale;VIA FLAMINIA;in corrispondenza;;della chilometrica;16;;Scontro frontale/laterale SX fra veicoli in marcia;Rettilineo;Una carreggiata a doppio senso;Asciutto;Asfaltata;Verticale ed orizzontale;Sereno;Scarso;Buona;Ore Diurne;1;0;0;3;;;0;1;Autovettura privata;In marcia / fermata / arresto;Renault;Captur;Conducente;1948;M;Illeso;0;;Non accertato;Inesploso
3621055;20;30/12/2017 13:30:00;Regionale;VIA FLAMINIA;in corrispondenza;;della chilometrica;16;;Scontro frontale/laterale SX fra veicoli in marcia;Rettilineo;Una carreggiata a doppio senso;Asciutto;Asfaltata;Verticale ed orizzontale;Sereno;Scarso;Buona;Ore Diurne;1;0;0;3;;;0;1;Autovettura privata;In marcia / fermata / arresto;Renault;Captur;Passeggero;1954;F;Rimandato;0;NON DECEDUTO;Non accertato;Inesploso
3621055;20;30/12/2017 13:30:00;Regionale;VIA FLAMINIA;in corrispondenza;;della chilometrica;16;;Scontro frontale/laterale SX fra veicoli in marcia;Rettilineo;Una carreggiata a doppio senso;Asciutto;Asfaltata;Verticale ed orizzontale;Sereno;Scarso;Buona;Ore Diurne;1;0;0;3;;;0;1;Autovettura privata;In marcia / fermata / arresto;Renault;Captur;Passeggero;1981;M;Illeso;0;;Non accertato;Inesploso
3621055;20;30/12/2017 13:30:00;Regionale;VIA FLAMINIA;in corrispondenza;;della chilometrica;16;;Scontro frontale/laterale SX fra veicoli in marcia;Rettilineo;Una carreggiata a doppio senso;Asciutto;Asfaltata;Verticale ed orizzontale;Sereno;Scarso;Buona;Ore Diurne;1;0;0;3;;;0;2;Autovettura privata;In marcia / fermata / arresto;Dacia;Sandero;Conducente;1960;M;Illeso;0;;Non accertato;Inesploso
3621065;20;30/12/2017 17:30:00;Strada Urbana;VIA TIBERINA;da specificare;;;;50 MT. dopo Via Bascotti direzione fuori città;Veicolo in marcia contro ostacolo accidentale;Rettilineo;Una carreggiata a doppio senso;Asciutto;Asfaltata;Verticale ed orizzontale;Sereno;Normale;Sufficiente;Insufficiente;0;0;0;2;;;0;1;Motociclo con passeggero;In marcia / fermata / arresto;Honda;SH 300;Conducente;1972;M;Illeso;0;;Non accertato;
3621065;20;30/12/2017 17:30:00;Strada Urbana;VIA TIBERINA;da specificare;;;;50 MT. dopo Via Bascotti direzione fuori città;Veicolo in marcia contro ostacolo accidentale;Rettilineo;Una carreggiata a doppio senso;Asciutto;Asfaltata;Verticale ed orizzontale;Sereno;Normale;Sufficiente;Insufficiente;0;0;0;2;;;0;1;Motociclo con passeggero;In marcia / fermata / arresto;Honda;SH 300;Passeggero;1971;M;Illeso;0;;Non accertato;
3621068;20;30/12/2017 19:00:00;Strada Urbana;VIALE DEL FORO ITALICO;da specificare;;;;prossimità Galleria Giovanni XXIII dir. Trionfale;Scontro laterale fra veicoli in marcia;Rettilineo;Più di due carreggiate;Asciutto;Asfaltata;Verticale ed orizzontale;Nuvoloso;Normale;Sufficiente;Sufficiente;1;0;0;2;;;0;1;Autovettura privata;In marcia / fermata / arresto;Daimler;Smart;Conducente;1969;M;Rimandato;0;NON DECEDUTO;Non accertato;Esploso
3621068;20;30/12/2017 19:00:00;Strada Urbana;VIALE DEL FORO ITALICO;da specificare;;;;prossimità Galleria Giovanni XXIII dir. Trionfale;Scontro laterale fra veicoli in marcia;Rettilineo;Più di due carreggiate;Asciutto;Asfaltata;Verticale ed orizzontale;Nuvoloso;Normale;Sufficiente;Sufficiente;1;0;0;2;;;0;2;Autovettura privata;In marcia / fermata / arresto;Mini;Cooper;Conducente;1968;M;Illeso;0;;Non accertato;Inesploso
3621068;20;30/12/2017 19:00:00;Strada Urbana;VIALE DEL FORO ITALICO;da specificare;;;;prossimità Galleria Giovanni XXIII dir. Trionfale;Scontro laterale fra veicoli in marcia;Rettilineo;Più di due carreggiate;Asciutto;Asfaltata;Verticale ed orizzontale;Nuvoloso;Normale;Sufficiente;Sufficiente;1;0;0;2;;;0;2;Autovettura privata;In marcia / fermata / arresto;Mini;Cooper;Passeggero;2003;F;Illeso;0;;Non accertato;Inesploso
3621085;6;30/12/2017 17:45:00;;VIA AUGUSTO DULCERI;all'intersezione con;VIA FRONTINO;VIA FRONTINO;;;Scontro frontale/laterale SX fra veicoli in marcia;;;;;;;;;;1;0;0;2;;;0;1;Motociclo con passeggero;In marcia / fermata / arresto;Peugeot;Tweet;Conducente;1988;M;Illeso;0;;;
3621085;6;30/12/2017 17:45:00;;VIA AUGUSTO DULCERI;all'intersezione con;VIA FRONTINO;VIA FRONTINO;;;Scontro frontale/laterale SX fra veicoli in marcia;;;;;;;;;;1;0;0;2;;;0;1;Motociclo con passeggero;In marcia / fermata / arresto;Peugeot;Tweet;Passeggero;1988;F;Rifiuta cure immediate;0;NON DECEDUTO;;
3621085;6;30/12/2017 17:45:00;;VIA AUGUSTO DULCERI;all'intersezione con;VIA FRONTINO;VIA FRONTINO;;;Scontro frontale/laterale SX fra veicoli in marcia;;;;;;;;;;1;0;0;2;;;0;2;Autovettura privata;In marcia / fermata / arresto;Renault;Scenic;Conducente;1933;M;Illeso;0;;;
3621090;6;30/12/2017 15:30:00;Strada Urbana;VIA CASILINA;in prossimità;;del civico n.;323;;Veicolo in marcia contro ostacolo accidentale;Rettilineo;Una carreggiata a senso unico di marcia;Asciutto;Con buche;Assente;Nuvoloso;Normale;Buona;Ore Diurne;0;0;0;1;12,53545;41,88261;0;1;Autovettura privata;In marcia / fermata / arresto;Fiat;500;Conducente;1974;M;Illeso;0;;;
3621098;6;31/12/2017 06:40:00;;VIA PRENESTINA;all'intersezione semaforizzata con;VIALE DELLA STAZIONE PRENESTINA;VIALE DELLA STAZIONE PRENESTINA;;;Scontro frontale/laterale SX fra veicoli in marcia;;;;;;;;;;1;0;0;1;;;0;1;Autovettura di polizia;In marcia / fermata / arresto;Alfa Romeo;159;Conducente;1981;M;Illeso;0;;;
3621098;6;31/12/2017 06:40:00;;VIA PRENESTINA;all'intersezione semaforizzata con;VIALE DELLA STAZIONE PRENESTINA;VIALE DELLA STAZIONE PRENESTINA;;;Scontro frontale/laterale SX fra veicoli in marcia;;;;;;;;;;1;0;0;1;;;0;2;Autovettura privata;In marcia / fermata / arresto;Fiat;Punto;Conducente;1991;M;Rimandato;0;NON DECEDUTO;;
3621100;6;31/12/2017 11:00:00;Strada Urbana;VIALE DELLA PRIMAVERA;in corrispondenza;;del civico n.;133;;Tamponamento Multiplo;Rettilineo;Più di due carreggiate;Asciutto;Asfaltata;Verticale ed orizzontale;Nuvoloso;Normale;Buona;Ore Diurne;0;0;0;4;12,56096;41,88298;0;1;Motociclo a solo;In marcia / fermata / arresto;Honda;SH 150;Conducente;1967;M;Illeso;0;;;
3621100;6;31/12/2017 11:00:00;Strada Urbana;VIALE DELLA PRIMAVERA;in corrispondenza;;del civico n.;133;;Tamponamento Multiplo;Rettilineo;Più di due carreggiate;Asciutto;Asfaltata;Verticale ed orizzontale;Nuvoloso;Normale;Buona;Ore Diurne;0;0;0;4;12,56096;41,88298;0;2;Autovettura privata;In marcia / fermata / arresto;Renault;Laguna;Conducente;1965;M;Illeso;0;;;
3621100;6;31/12/2017 11:00:00;Strada Urbana;VIALE DELLA PRIMAVERA;in corrispondenza;;del civico n.;133;;Tamponamento Multiplo;Rettilineo;Più di due carreggiate;Asciutto;Asfaltata;Verticale ed orizzontale;Nuvoloso;Normale;Buona;Ore Diurne;0;0;0;4;12,56096;41,88298;0;2;Autovettura privata;In marcia / fermata / arresto;Renault;Laguna;Passeggero;1965;F;Illeso;0;;;
3621100;6;31/12/2017 11:00:00;Strada Urbana;VIALE DELLA PRIMAVERA;in corrispondenza;;del civico n.;133;;Tamponamento Multiplo;Rettilineo;Più di due carreggiate;Asciutto;Asfaltata;Verticale ed orizzontale;Nuvoloso;Normale;Buona;Ore Diurne;0;0;0;4;12,56096;41,88298;0;3;Autovettura privata;In marcia / fermata / arresto;Fiat;600;Conducente;1997;M;Illeso;0;;;
3621145;15;31/12/2017 14:50:00;;VIA DELL'IMPRUNETA;all'intersezione con;PIAZZA FABRIZIO DE ANDRE';PIAZZA FABRIZIO DE ANDRE';;;Scontro frontale/laterale SX fra veicoli in marcia;;;;;;;;;;1;0;0;3;;;0;1;Autovettura privata;In marcia / fermata / arresto;Ford;Fiesta;Conducente;0;M;Illeso;0;;;