Protocollo;Gruppo;DataOraIncidente;Localizzazione1;STRADA1;Localizzazione2;STRADA2;Strada02;Chilometrica;DaSpecificare;NaturaIncidente;particolaritastrade;TipoStrada;FondoStradale;Pavimentazione;Segnaletica;CondizioneAtmosferica;Traffico;Visibilita;Illuminazione;NUM_FERITI;NUM_RISERVATA;NUM_MORTI;NUM_ILLESI;Longitudine;Latitudine;Confermato;Progressivo;TipoVeicolo;StatoVeicolo;Marca;Modello;TipoPersona;AnnoNascita;Sesso;Tipolesione;Deceduto;DecedutoDopo;CinturaCascoUtilizzato;Airbag;
3621675;7;30/12/2017 16:40:00;Strada Urbana;VIA PRENESTINA;in prossimità;;del civico n.;890;;Scontro frontale/laterale DX fra veicoli in marcia;Rettilineo;Una carreggiata a doppio senso;Asciutto;Asfaltata;Orizzontale;Sereno;Normale;Buona;Sufficiente;0;0;0;3;;;0;1;Autovettura privata;In marcia / fermata / arresto;Lancia;Musa;Passeggero;2012;F;Illeso;0;;Non accertato;Inesploso
3621675;7;30/12/2017 16:40:00;Strada Urbana;VIA PRENESTINA;in prossimità;;del civico n.;890;;Scontro frontale/laterale DX fra veicoli in marcia;Rettilineo;Una carreggiata a doppio senso;Asciutto;Asfaltata;Orizzontale;Sereno;Normale;Buona;Sufficiente;0;0;0;3;;;0;2;Autovettura privata;In marcia / fermata / arresto;Citroen;C 4 Picasso;Conducente;1985;F;Illeso;0;;Non accertato;Inesploso
3621680;7;30/12/2017 19:15:00;Strada Urbana;VIA COLLATINA;all'intersezione con;VIALE PALMIRO TOGLIATTI;VIALE PALMIRO TOGLIATTI;;;Scontro frontale/laterale DX fra veicoli in marcia;Intersezione stradale segnalata;Una carreggiata a doppio senso;Asciutto;Asfaltata;Verticale ed orizzontale;Sereno;Normale;Buona;Sufficiente;0;0;0;3;;;0;1;Autovettura privata;In marcia / fermata / arresto;Lancia;Y;Conducente;1971;M;Illeso;0;;Non accertato;Inesploso
3621680;7;30/12/2017 19:15:00;Strada Urbana;VIA COLLATINA;all'intersezione con;VIALE PALMIRO TOGLIATTI;VIALE PALMIRO TOGLIATTI;;;Scontro frontale/laterale DX fra veicoli in marcia;Intersezione stradale segnalata;Una carreggiata a doppio senso;Asciutto;Asfaltata;Verticale ed orizzontale;Sereno;Normale;Buona;Sufficiente;0;0;0;3;;;0;2;Autovettura privata;In marcia / fermata / arresto;Opel;AGILA;Conducente;1979;F;Illeso;0;;Non accertato;Inesploso
3621680;7;30/12/2017 19:15:00;Strada Urbana;VIA COLLATINA;all'intersezione con;VIALE PALMIRO TOGLIATTI;VIALE PALMIRO TOGLIATTI;;;Scontro frontale/laterale DX fra veicoli in marcia;Intersezione stradale segnalata;Una carreggiata a doppio senso;Asciutto;Asfaltata;Verticale ed orizzontale;Sereno;Normale;Buona;Sufficiente;0;0;0;3;;;0;2;Autovettura privata;In marcia / fermata / arresto;Opel;AGILA;Passeggero;2012;F;Illeso;0;;Non accertato;Inesploso
3621685;9;29/12/2017 19:15:00;;VIA TUSCOLANA;da specificare;;;;FRONTE VIA CERRETO DA SPOLETO;Infortunio per sola frenata improvvisa;;;;;;;;;;1;0;0;1;;;0;1;Motociclo a solo;In marcia / fermata / arresto;Yamaha;XT660X;Conducente;1983;M;Rimandato;0;NON DECEDUTO;Non accertato;
3621685;9;29/12/2017 19:15:00;;VIA TUSCOLANA;da specificare;;;;FRONTE VIA CERRETO DA SPOLETO;Infortunio per sola frenata improvvisa;;;;;;;;;;1;0;0;1;;;0;2;Autovettura privata;In marcia / fermata / arresto;Toyota;Rav 4;Conducente;1972;M;Illeso;0;;;
3621691;7;31/12/2017 08:50:00;Strada Urbana;VIA DEI GELSI;in prossimità;;del civico n.;130;;Scontro frontale/laterale SX fra veicoli in marcia;Rettilineo;Una carreggiata a doppio senso;Asciutto;Asfaltata;Verticale ed orizzontale;Nuvoloso;Normale;Buona;Ore Diurne;0;0;0;2;;;0;1;Autovettura privata;In marcia / fermata / arresto;Fiat;Panda;Conducente;1980;M;Illeso;0;;Non accertato;Inesploso
3621691;7;31/12/2017 08:50:00;Strada Urbana;VIA DEI GELSI;in prossimità;;del civico n.;130;;Scontro frontale/laterale SX fra veicoli in marcia;Rettilineo;Una carreggiata a doppio senso;Asciutto;Asfaltata;Verticale ed orizzontale;Nuvoloso;Normale;Buona;Ore Diurne;0;0;0;2;;;0;2;Autovettura privata;In marcia / fermata / arresto;Opel;AGILA;Conducente;1975;F;Illeso;0;;Non accertato;Inesploso
3621717;7;31/12/2017 05:50:00;Strada Urbana;VIA PRENESTINA;all'intersezione con;VIA DEL MAGGIOLINO;VIA DEL MAGGIOLINO;;;Scontro frontale/laterale SX fra veicoli in marcia;Intersezione stradale segnalata;Una carreggiata a doppio senso;Asciutto;Asfaltata;Verticale ed orizzontale;Sereno;Intenso;Buona;Ore Diurne;1;0;0;1;;;0;1;Autovettura privata;In marcia / fermata / arresto;Volkswagen;Sharan;Conducente;1990;M;Illeso;0;;Non accertato;Inesploso
3621717;7;31/12/2017 05:50:00;Strada Urbana;VIA PRENESTINA;all'intersezione con;VIA DEL MAGGIOLINO;VIA DEL MAGGIOLINO;;;Scontro frontale/laterale SX fra veicoli in marcia;Intersezione stradale segnalata;Una carreggiata a doppio senso;Asciutto;Asfaltata;Verticale ed orizzontale;Sereno;Intenso;Buona;Ore Diurne;1;0;0;1;;;0;2;Autovettura privata;In marcia / fermata / arresto;Citroen;C 3;Conducente;1994;M;Rimandato;0;NON DECEDUTO;Non accertato;Inesploso
3621971;13;29/12/2017 16:30:00;;VIA DELLA STAZIONE VECCHIA;da specificare;;;;prox via VANNUTELLI;Scontro laterale fra veicoli in marcia;;;;;;;;;;0;0;0;3;;;0;1;Autovettura privata;In marcia / fermata / arresto;Fiat;Idea;Conducente;1998;F;Illeso;0;;Non accertato;Inesploso
3621971;13;29/12/2017 16:30:00;;VIA DELLA STAZIONE VECCHIA;da specificare;;;;prox via VANNUTELLI;Scontro laterale fra veicoli in marcia;;;;;;;;;;0;0;0;3;;;0;1;Autovettura privata;In marcia / fermata / arresto;Fiat;Idea;Passeggero;1998;F;Illeso;0;;Non accertato;Inesploso
3621971;13;29/12/2017 16:30:00;;VIA DELLA STAZIONE VECCHIA;da specificare;;;;prox via VANNUTELLI;Scontro laterale fra veicoli in marcia;;;;;;;;;;0;0;0;3;;;0;2;Autovettura privata;In marcia / fermata / arresto;BMW;316;Conducente;1959;M;Illeso;0;;Non accertato;Inesploso
3621998;13;30/12/2017 21:45:00;;VIA FELICE DA MONTECCHIO;all'intersezione con;VIA CARLO CASINI;VIA CARLO CASINI;;;Scontro frontale/laterale DX fra veicoli in marcia;;;;;;;;;;0;0;0;2;;;0;1;Autovettura privata;In marcia / fermata / arresto;Alfa Romeo;33;Conducente;1942;M;Illeso;0;;Non accertato;Inesploso
3621998;13;30/12/2017 21:45:00;;VIA FELICE DA MONTECCHIO;all'intersezione con;VIA CARLO CASINI;VIA CARLO CASINI;;;Scontro frontale/laterale DX fra veicoli in marcia;;;;;;;;;;0;0;0;2;;;0;2;Autovettura privata;In marcia / fermata / arresto;Volkswagen;Golf;Conducente;1981;M;Illeso;0;;Non accertato;Inesploso
3622314;5;31/12/2017 12:30:00;;VIA TIBURTINA;in prossimità;;del civico n.;739/d;;Scontro laterale fra veicoli in marcia;;;;;;;;;;1;0;0;0;12,55199;41,91174;0;1;Motociclo a solo;In marcia / fermata / arresto;Sym;city com 300;Conducente;1969;M;Rimandato;0;NON DECEDUTO;;
3622320;1;31/12/2017 18:45:00;Strada Urbana;VIA DEL CIRCO MASSIMO;da specificare;;;;altezza fermata BUS N.70547;Investimento di pedone;Rettilineo;Una carreggiata a doppio senso;Asciutto;Asfaltata;Verticale ed orizzontale;Sereno;Scarso;Sufficiente;Sufficiente;1;0;0;1;;;0;;;;;;Pedone;0;M;Rimandato;0;NON DECEDUTO;;
3622320;1;31/12/2017 18:45:00;Strada Urbana;VIA DEL CIRCO MASSIMO;da specificare;;;;altezza fermata BUS N.70547;Investimento di pedone;Rettilineo;Una carreggiata a doppio senso;Asciutto;Asfaltata;Verticale ed orizzontale;Sereno;Scarso;Sufficiente;Sufficiente;1;0;0;1;;;0;1;Autovettura privata;In marcia / fermata / arresto;Chevrolet;Matiz;Conducente;1958;F;Illeso;0;;Non accertato;
3622321;19;29/12/2017 12:40:00;Strada Urbana;VIA INZAGO;all'intersezione con;VIA DEL FOSSO DI S. SPIRITO;VIA DEL FOSSO DI S. SPIRITO;;;Scontro frontale/laterale DX fra veicoli in marcia;Incrocio;Una carreggiata a doppio senso;Asciutto;Asfaltata;Verticale ed orizzontale;Sereno;Scarso;Buona;Ore Diurne;0;0;0;2;;;0;1;Autovettura privata;In marcia / fermata / arresto;Mercedes;A140;Conducente;1981;F;Illeso;0;;;
3622321;19;29/12/2017 12:40:00;Strada Urbana;VIA INZAGO;all'intersezione con;VIA DEL FOSSO DI S. SPIRITO;VIA DEL FOSSO DI S. SPIRITO;;;Scontro frontale/laterale DX fra veicoli in marcia;Incrocio;Una carreggiata a doppio senso;Asciutto;Asfaltata;Verticale ed orizzontale;Sereno;Scarso;Buona;Ore Diurne;0;0;0;2;;;0;2;Autovettura privata;In marcia / fermata / arresto;Opel;Corsa;Conducente;1983;M;Illeso;0;;;
3622326;13;31/12/2017 18:00:00;;VIA DEL MARE;da specificare;;;;dev. lavori direz. Ostia alt Ostia Antica Legnami ;Veicolo in marcia contro ostacolo fisso;;;;;;;;;;0;0;0;0;;;0;1;Autovettura privata;In marcia / fermata / arresto;Opel;Corsa;Conducente;1977;;Illeso;0;;;
3622334;10;31/12/2017 13:30:00;;VIA LIVIO SALINATORE;all'intersezione con;VIA MESSALA CORVINO;VIA MESSALA CORVINO;;;Veicolo in marcia contro veicolo fermo;;;;;;;;;;0;0;0;2;;;0;1;Autovettura privata;In marcia / fermata / arresto;Peugeot;207;Conducente;1978;M;Illeso;0;;;
3622334;10;31/12/2017 13:30:00;;VIA LIVIO SALINATORE;all'intersezione con;VIA MESSALA CORVINO;VIA MESSALA CORVINO;;;Veicolo in marcia contro veicolo fermo;;;;;;;;;;0;0;0;2;;;0;2;Autovettura privata;In marcia / fermata / arresto;Citroen;C 3;Conducente;1978;M;Illeso;0;;;
3622341;7;31/12/2017 23:00:00;Strada Urbana;VIA MOLFETTA;all'intersezione con;VIA MANFREDONIA;VIA MANFREDONIA;;;Scontro laterale fra veicoli in marcia;Intersezione stradale segnalata;Due carreggiate;Asciutto;Asfaltata;Verticale ed orizzontale;Nebbia;Scarso;Sufficiente;Sufficiente;1;0;0;0;;;0;1;Autovettura privata;In marcia / fermata / arresto;Ford;Fiesta;Conducente;1987;M;Rimandato;0;NON DECEDUTO;;
3622342;1;30/12/2017 02:00:00;Strada Urbana;VIA LUDOVISI;in corrispondenza;;del civico n.;49;;Veicolo in marcia contro veicolo fermo;Rettilineo;Una carreggiata a senso unico di marcia;Asciutto;Asfaltata;Assente;Sereno;Scarso;Buona;Sufficiente;2;0;0;0;;;0;1;Autovettura privata;In marcia / fermata / arresto;Fiat;500;Conducente;0;F;Rimandato;0;NON DECEDUTO;;
3622342;1;30/12/2017 02:00:00;Strada Urbana;VIA LUDOVISI;in corrispondenza;;del civico n.;49;;Veicolo in marcia contro veicolo fermo;Rettilineo;Una carreggiata a senso unico di marcia;Asciutto;Asfaltata;Assente;Sereno;Scarso;Buona;Sufficiente;2;0;0;0;;;0;1;Autovettura privata;In marcia / fermata / arresto;Fiat;500;Passeggero;0;F;Rimandato;0;NON DECEDUTO;;
3622345;2;30/12/2017 12:30:00;;VIALE ERITREA;in corrispondenza;;del civico n.;9;;Investimento di pedone;;;;;;;;;;0;1;0;1;;;0;;;;;;Pedone;1942;M;Prognosi riservata;0;NON DECEDUTO;;
3622345;2;30/12/2017 12:30:00;;VIALE ERITREA;in corrispondenza;;del civico n.;9;;Investimento di pedone;;;;;;;;;;0;1;0;1;;;0;1;Autocarro inferiore 35 q.;In marcia / fermata / arresto;Renault;Trafic;Conducente;1986;M;Illeso;0;;;
3622351;4;29/12/2017 09:30:00;;VIA DELLA TENUTA REDICICOLI;da specificare;;;;150 metri da via di Settebagni dir.ne G.R.A.;Veicolo in marcia contro ostacolo fisso;;;;;;;;;;0;0;0;1;12,53546;41,98048;0;1;Autovettura privata;In marcia / fermata / arresto;Ford;Fiesta;Conducente;1981;M;Illeso;0;;;
3622352;19;30/12/2017 12:25:00;Strada Urbana;VIA ROMEO RODRIGUEZ PEREIRA;in corrispondenza;;del civico n.;154;;Investimento di pedone;Rettilineo;Una carreggiata a doppio senso;Asciutto;Asfaltata;Orizzontale;Nuvoloso;Normale;Buona;Ore Diurne;0;0;0;2;;;0;;;;;;Pedone;1939;F;Illeso;0;;;
3622352;19;30/12/2017 12:25:00;Strada Urbana;VIA ROMEO RODRIGUEZ PEREIRA;in corrispondenza;;del civico n.;154;;Investimento di pedone;Rettilineo;Una carreggiata a doppio senso;Asciutto;Asfaltata;Orizzontale;Nuvoloso;Normale;Buona;Ore Diurne;0;0;0;2;;;0;1;Autovettura privata;In marcia / fermata / arresto;Mercedes;A160;Conducente;1961;F;Illeso;0;;;
3622357;19;29/12/2017 22:15:00;Strada Urbana;VIA DELLA PINETA SACCHETTI;all'intersezione con;VIA FRANCESCO CRUCITTI;VIA FRANCESCO CRUCITTI;;;Scontro frontale/laterale SX fra veicoli in marcia;Incrocio;Una carreggiata a senso unico di marcia;Asciutto;Asfaltata;Verticale ed orizzontale;Sereno;Scarso;Buona;Sufficiente;0;0;0;6;12,42441;41,92313;0;1;Autovettura privata;In marcia / fermata / arresto;Smart ;for two;Conducente;1954;M;Illeso;0;;Non accertato;Inesploso
3622357;19;29/12/2017 22:15:00;Strada Urbana;VIA DELLA PINETA SACCHETTI;all'intersezione con;VIA FRANCESCO CRUCITTI;VIA FRANCESCO CRUCITTI;;;Scontro frontale/laterale SX fra veicoli in marcia;Incrocio;Una carreggiata a senso unico di marcia;Asciutto;Asfaltata;Verticale ed orizzontale;Sereno;Scarso;Buona;Sufficiente;0;0;0;6;12,42441;41,92313;0;1;Autovettura privata;In marcia / fermata / arresto;Smart ;for two;Passeggero;1966;F;Illeso;0;;Non accertato;Inesploso
3622357;19;29/12/2017 22:15:00;Strada Urbana;VIA DELLA PINETA SACCHETTI;all'intersezione con;VIA FRANCESCO CRUCITTI;VIA FRANCESCO CRUCITTI;;;Scontro frontale/laterale SX fra veicoli in marcia;Incrocio;Una carreggiata a senso unico di marcia;Asciutto;Asfaltata;Verticale ed orizzontale;Sereno;Scarso;Buona;Sufficiente;0;0;0;6;12,42441;41,92313;0;2;Autovettura privata;In marcia / fermata / arresto;Alfa Lancia;Y;Conducente;1964;M;Illeso;0;;Non accertato;Inesploso
3622357;19;29/12/2017 22:15:00;Strada Urbana;VIA DELLA PINETA SACCHETTI;all'intersezione con;VIA FRANCESCO CRUCITTI;VIA FRANCESCO CRUCITTI;;;Scontro frontale/laterale SX fra veicoli in marcia;Incrocio;Una carreggiata a senso unico di marcia;Asciutto;Asfaltata;Verticale ed orizzontale;Sereno;Scarso;Buona;Sufficiente;0;0;0;6;12,42441;41,92313;0;2;Autovettura privata;In marcia / fermata / arresto;Alfa Lancia;Y;Passeggero;1964;F;Illeso;0;;Non accertato;Inesploso
3622357;19;29/12/2017 22:15:00;Strada Urbana;VIA DELLA PINETA SACCHETTI;all'intersezione con;VIA FRANCESCO CRUCITTI;VIA FRANCESCO CRUCITTI;;;Scontro frontale/laterale SX fra veicoli in marcia;Incrocio;Una carreggiata a senso unico di marcia;Asciutto;Asfaltata;Verticale ed orizzontale;Sereno;Scarso;Buona;Sufficiente;0;0;0;6;12,42441;41,92313;0;2;Autovettura privata;In marcia / fermata / arresto;Alfa Lancia;Y;Passeggero;1994;M;Illeso;0;;Non accertato;Inesploso
3622357;19;29/12/2017 22:15:00;Strada Urbana;VIA DELLA PINETA SACCHETTI;all'intersezione con;VIA FRANCESCO CRUCITTI;VIA FRANCESCO CRUCITTI;;;Scontro frontale/laterale SX fra veicoli in marcia;Incrocio;Una carreggiata a senso unico di marcia;Asciutto;Asfaltata;Verticale ed orizzontale;Sereno;Scarso;Buona;Sufficiente;0;0;0;6;12,42441;41,92313;0;2;Autovettura privata;In marcia / fermata / arresto;Alfa Lancia;Y;Passeggero;1996;F;Illeso;0;;Non accertato;Inesploso
3622370;19;29/12/2017 18:15:00;Strada Urbana;VIA DI CASAL DEL MARMO;all'intersezione con;VIA ANTONIO PANIZZI;VIA ANTONIO PANIZZI;;;Scontro frontale/laterale SX fra veicoli in marcia;Incrocio;Una carreggiata a doppio senso;Asciutto;Asfaltata;Verticale ed orizzontale;Sereno;Normale;Buona;Sufficiente;0;0;0;2;;;0;1;Autovettura privata;In marcia / fermata / arresto;Ford;Fiesta;Conducente;1986;M;Illeso;0;;;
3622370;19;29/12/2017 18:15:00;Strada Urbana;VIA DI CASAL DEL MARMO;all'intersezione con;VIA ANTONIO PANIZZI;VIA ANTONIO PANIZZI;;;Scontro frontale/laterale SX fra veicoli in marcia;Incrocio;Una carreggiata a doppio senso;Asciutto;Asfaltata;Verticale ed orizzontale;Sereno;Normale;Buona;Sufficiente;0;0;0;2;;;0;2;Autovettura privata;In marcia / fermata / arresto;Citroen;C 3;Conducente;1943;M;Illeso;0;;;
3622373;4;30/12/2017 18:40:00;;PIAZZALE JONIO;da specificare;;;;altezza rotatoria centrale;Scontro frontale/laterale SX fra veicoli in marcia;;;;;;;;;;0;0;0;5;;;0;1;Autovettura privata;In marcia / fermata / arresto;Audi;Q7;Conducente;1962;M;Illeso;0;;;
3622373;4;30/12/2017 18:40:00;;PIAZZALE JONIO;da specificare;;;;altezza rotatoria centrale;Scontro frontale/laterale SX fra veicoli in marcia;;;;;;;;;;0;0;0;5;;;0;1;Autovettura privata;In marcia / fermata / arresto;Audi;Q7;Passeggero;1966;F;Illeso;0;;Non accertato;
3622373;4;30/12/2017 18:40:00;;PIAZZALE JONIO;da specificare;;;;altezza rotatoria centrale;Scontro frontale/laterale SX fra veicoli in marcia;;;;;;;;;;0;0;0;5;;;0;1;Autovettura privata;In marcia / fermata / arresto;Audi;Q7;Passeggero;1994;F;Illeso;0;;;
3622373;4;30/12/2017 18:40:00;;PIAZZALE JONIO;da specificare;;;;altezza rotatoria centrale;Scontro frontale/laterale SX fra veicoli in marcia;;;;;;;;;;0;0;0;5;;;0;2;Autovettura privata;In marcia / fermata / arresto;Opel;AGILA;Conducente;1943;M;Illeso;0;;;
3622373;4;30/12/2017 18:40:00;;PIAZZALE JONIO;da specificare;;;;altezza rotatoria centrale;Scontro frontale/laterale SX fra veicoli in marcia;;;;;;;;;;0;0;0;5;;;0;2;Autovettura privata;In marcia / fermata / arresto;Opel;AGILA;Passeggero;1952;F;Illeso;0;;;
3622378;19;30/12/2017 14:30:00;Strada Urbana;VIA TORRESINA;all'intersezione con;VIA DEL PODERE FIUME;VIA DEL PODERE FIUME;;;Veicolo in marcia contro ostacolo accidentale;Incrocio;Una carreggiata a doppio senso;Asciutto;Con buche;Verticale ed orizzontale;Nuvoloso;Normale;Buona;Ore Diurne;1;0;0;0;12,40171;41,9313;0;1;Motociclo a solo;In marcia / fermata / arresto;Ducati;(ignoto);Conducente;1972;M;Rifiuta cure immediate;0;NON DECEDUTO;Non accertato;
3622380;17;31/12/2017 11:55:00;Strada Urbana;PIAZZA DEL RISORGIMENTO;all'intersezione semaforizzata con;PIAZZA MONTE GRAPPA;PIAZZA MONTE GRAPPA;;;Scontro laterale fra veicoli in marcia;Intersezione semaforizzata;Più di due carreggiate;Asciutto;Asfaltata;Verticale ed orizzontale;Nuvoloso;Normale;Buona;Ore Diurne;0;0;0;2;;;0;1;Autoambulanza;In marcia / fermata / arresto;Fiat;Ducato;Conducente;1962;M;Illeso;0;;;
3622380;17;31/12/2017 11:55:00;Strada Urbana;PIAZZA DEL RISORGIMENTO;all'intersezione semaforizzata con;PIAZZA MONTE GRAPPA;PIAZZA MONTE GRAPPA;;;Scontro laterale fra veicoli in marcia;Intersezione semaforizzata;Più di due carreggiate;Asciutto;Asfaltata;Verticale ed orizzontale;Nuvoloso;Normale;Buona;Ore Diurne;0;0;0;2;;;0;2;Autovettura privata;In marcia / fermata / arresto;Audi;A 4;Conducente;1955;M;Illeso;0;;;
3622392;4;29/12/2017 11:40:00;;VIA MONTE URANO;da specificare;;;;in prossimità di via Apecchio;Tamponamento;;;;;;;;;;0;0;0;2;12,51369;41,98244;0;1;Autovettura privata;In marcia / fermata / arresto;Peugeot;206;Conducente;1986;M;Illeso;0;;;
3622392;4;29/12/2017 11:40:00;;VIA MONTE URANO;da specificare;;;;in prossimità di via Apecchio;Tamponamento;;;;;;;;;;0;0;0;2;12,51369;41,98244;0;2;Autovettura privata;In marcia / fermata / arresto;BMW;118;Conducente;1982;M;Illeso;0;;;
3622393;19;30/12/2017 13:15:00;;VIA DI TORREVECCHIA;in corrispondenza;;del civico n.;611;;Veicoli in marcia contro veicolo fermo;;;;;;;;;;1;0;0;1;;;0;2;Motociclo a solo;In marcia / fermata / arresto;Peugeot;Tweet;Conducente;1978;M;Rimandato;0;NON DECEDUTO;;
3622393;19;30/12/2017 13:15:00;;VIA DI TORREVECCHIA;in corrispondenza;;del civico n.;611;;Veicoli in marcia contro veicolo fermo;;;;;;;;;;1;0;0;1;;;0;3;Autovettura privata;In marcia / fermata / arresto;Volkswagen;Polo;Conducente;1961;M;Illeso;0;;;
3622397;19;31/12/2017 13:55:00;Strada Urbana;VIA GIOACCHINO VENTURA;da specificare;;;;prossimità fronte civico 39;Veicolo in marcia contro veicolo in sosta;Rettilineo;Una carreggiata a doppio senso;Asciutto;Asfaltata;Assente;Nuvoloso;Scarso;Buona;Ore Diurne;0;0;0;1;12,4253;41,91393;0;1;Autovettura privata;In marcia / fermata / arresto;Opel;Corsa;Conducente;1996;M;Illeso;0;;Non accertato;
3622406;2;28/12/2017 11:30:00;;VIA LUIGI BELLOTTI BON;da specificare;;;;in corrispondenza via E. Duse;Scontro frontale/laterale SX fra veicoli in marcia;;;;;;;;;;0;0;0;2;;;0;1;Autovettura privata;In marcia / fermata / arresto;Fiat;Multipla;Conducente;1987;F;Illeso;0;;;
3622406;2;28/12/2017 11:30:00;;VIA LUIGI BELLOTTI BON;da specificare;;;;in corrispondenza via E. Duse;Scontro frontale/laterale SX fra veicoli in marcia;;;;;;;;;;0;0;0;2;;;0;2;Autovettura privata;In marcia / fermata / arresto;Volkswagen;Lupo;Conducente;1935;M;Illeso;0;;;
3622411;2;29/12/2017 09:15:00;;VIA ALESSANDRIA;da specificare;;;;intersezione via Reggio Emilia;Scontro frontale/laterale DX fra veicoli in marcia;;;;;;;;;;0;0;0;2;;;0;1;Autovettura privata;In marcia / fermata / arresto;Volkswagen;Polo;Conducente;1970;M;Illeso;0;;Non accertato;Inesploso
3622411;2;29/12/2017 09:15:00;;VIA ALESSANDRIA;da specificare;;;;intersezione via Reggio Emilia;Scontro frontale/laterale DX fra veicoli in marcia;;;;;;;;;;0;0;0;2;;;0;2;Motociclo a solo;In marcia / fermata / arresto;Honda;SH;Conducente;1962;M;Illeso;0;;;
3622412;4;30/12/2017 11:50:00;;VIA FRANCO SACCHETTI;in prossimità;;del civico n.;51;;Scontro laterale fra veicoli in marcia;;;;;;;;;;1;0;0;2;;;0;1;Autovettura privata;In marcia / fermata / arresto;Volvo;V40;Conducente;1956;M;Illeso;0;;;
3622412;4;30/12/2017 11:50:00;;VIA FRANCO SACCHETTI;in prossimità;;del civico n.;51;;Scontro laterale fra veicoli in marcia;;;;;;;;;;1;0;0;2;;;0;1;Autovettura privata;In marcia / fermata / arresto;Volvo;V40;Passeggero;1934;F;Illeso;0;;;
3622412;4;30/12/2017 11:50:00;;VIA FRANCO SACCHETTI;in prossimità;;del civico n.;51;;Scontro laterale fra veicoli in marcia;;;;;;;;;;1;0;0;2;;;0;2;Motociclo a solo;In marcia / fermata / arresto;Honda;SH 150;Conducente;1973;M;Rimandato;0;NON DECEDUTO;;
3622414;2;29/12/2017 09:53:00;;VIALE DEL MURO TORTO;all'intersezione semaforizzata con;PIAZZALE FLAMINIO;PIAZZALE FLAMINIO;;;Tamponamento;;;;;;;;;;0;0;0;3;;;0;1;Autovettura privata;In marcia / fermata / arresto;Volkswagen;Golf;Conducente;1935;M;Illeso;0;;;
3622414;2;29/12/2017 09:53:00;;VIALE DEL MURO TORTO;all'intersezione semaforizzata con;PIAZZALE FLAMINIO;PIAZZALE FLAMINIO;;;Tamponamento;;;;;;;;;;0;0;0;3;;;0;1;Autovettura privata;In marcia / fermata / arresto;Volkswagen;Golf;Passeggero;1942;F;Illeso;0;;Non accertato;Inesploso
3622414;2;29/12/2017 09:53:00;;VIALE DEL MURO TORTO;all'intersezione semaforizzata con;PIAZZALE FLAMINIO;PIAZZALE FLAMINIO;;;Tamponamento;;;;;;;;;;0;0;0;3;;;0;2;Autovettura privata;In marcia / fermata / arresto;Ford;Fiesta;Conducente;1974;;Illeso;0;;;
3622416;2;29/12/2017 14:05:00;;VIALE TIZIANO;all'intersezione semaforizzata con;PIAZZALE ANKARA;PIAZZALE ANKARA;;;Scontro frontale/laterale DX fra veicoli in marcia;;;;;;;;;;0;0;0;3;;;0;1;Autovettura privata;In marcia / fermata / arresto;Ford;Fiesta;Conducente;1997;M;Illeso;0;;;
3622416;2;29/12/2017 14:05:00;;VIALE TIZIANO;all'intersezione semaforizzata con;PIAZZALE ANKARA;PIAZZALE ANKARA;;;Scontro frontale/laterale DX fra veicoli in marcia;;;;;;;;;;0;0;0;3;;;0;1;Autovettura privata;In marcia / fermata / arresto;Ford;Fiesta;Passeggero;1997;F;Illeso;0;;;
3622416;2;29/12/2017 14:05:00;;VIALE TIZIANO;all'intersezione semaforizzata con;PIAZZALE ANKARA;PIAZZALE ANKARA;;;Scontro frontale/laterale DX fra veicoli in marcia;;;;;;;;;;0;0;0;3;;;0;2;Autovettura privata;In marcia / fermata / arresto;Smart ;-;Conducente;1980;M;Illeso;0;;;
3622418;2;29/12/2017 17:00:00;;VIA ALESSANDRO SCARLATTI;da specificare;;;;intersezione largo B. Marcello ;Scontro laterale fra veicoli in marcia;;;;;;;;;;0;0;0;3;;;0;1;Autovettura privata;In marcia / fermata / arresto;Toyota;Aygo;Conducente;1982;M;Illeso;0;;;
3622418;2;29/12/2017 17:00:00;;VIA ALESSANDRO SCARLATTI;da specificare;;;;intersezione largo B. Marcello ;Scontro laterale fra veicoli in marcia;;;;;;;;;;0;0;0;3;;;0;1;Autovettura privata;In marcia / fermata / arresto;Toyota;Aygo;Passeggero;1946;F;Illeso;0;;;
3622418;2;29/12/2017 17:00:00;;VIA ALESSANDRO SCARLATTI;da specificare;;;;intersezione largo B. Marcello ;Scontro laterale fra veicoli in marcia;;;;;;;;;;0;0;0;3;;;0;2;Autovettura privata;In marcia / fermata / arresto;Smart ;-;Conducente;1960;M;Illeso;0;;;
3622423;2;29/12/2017 15:05:00;;VIALE TIZIANO;da specificare;;;;intersezione via Chiaradia;Infortunio per sola frenata improvvisa;;;;;;;;;;1;0;0;1;;;0;1;Autovettura privata;In marcia / fermata / arresto;Ford;Fiesta;Conducente;1978;M;Illeso;0;;;
3622423;2;29/12/2017 15:05:00;;VIALE TIZIANO;da specificare;;;;intersezione via Chiaradia;Infortunio per sola frenata improvvisa;;;;;;;;;;1;0;0;1;;;0;2;Motociclo a solo;In marcia / fermata / arresto;Honda;PS 125;Conducente;1962;M;Rimandato;0;NON DECEDUTO;;