Protocollo;Gruppo;DataOraIncidente;Localizzazione1;STRADA1;Localizzazione2;STRADA2;Strada02;Chilometrica;DaSpecificare;NaturaIncidente;particolaritastrade;TipoStrada;FondoStradale;Pavimentazione;Segnaletica;CondizioneAtmosferica;Traffico;Visibilita;Illuminazione;NUM_FERITI;NUM_RISERVATA;NUM_MORTI;NUM_ILLESI;Longitudine;Latitudine;Confermato;Progressivo;TipoVeicolo;StatoVeicolo;Marca;Modello;TipoPersona;AnnoNascita;Sesso;Tipolesione;Deceduto;DecedutoDopo;CinturaCascoUtilizzato;Airbag;
3622424;19;30/12/2017 13:00:00;Strada Urbana;VIA DI BOCCEA;in corrispondenza;;del civico n.;1091;;Scontro frontale/laterale DX fra veicoli in marcia;Rettilineo;Una carreggiata a doppio senso;Asciutto;Asfaltata;Orizzontale;Sereno;Normale;Buona;Ore Diurne;1;0;0;1;;;0;1;Autovettura privata;In marcia / fermata / arresto;Smart ;-;Conducente;1995;M;Rifiuta cure immediate;0;NON DECEDUTO;;
3622424;19;30/12/2017 13:00:00;Strada Urbana;VIA DI BOCCEA;in corrispondenza;;del civico n.;1091;;Scontro frontale/laterale DX fra veicoli in marcia;Rettilineo;Una carreggiata a doppio senso;Asciutto;Asfaltata;Orizzontale;Sereno;Normale;Buona;Ore Diurne;1;0;0;1;;;0;2;Autovettura privata;Allontanatosi;Nissan;(ignoto);Conducente;1948;;Illeso;0;;;
3622428;2;30/12/2017 18:50:00;;PIAZZA MELOZZO DA FORLI';da specificare;;;;intersezione via del Vignola;Scontro laterale fra veicoli in marcia;;;;;;;;;;1;0;0;5;;;0;1;Autovettura privata;In marcia / fermata / arresto;Ford;Fiesta;Conducente;1966;F;Illeso;0;;;
3622428;2;30/12/2017 18:50:00;;PIAZZA MELOZZO DA FORLI';da specificare;;;;intersezione via del Vignola;Scontro laterale fra veicoli in marcia;;;;;;;;;;1;0;0;5;;;0;1;Autovettura privata;In marcia / fermata / arresto;Ford;Fiesta;Passeggero;1966;F;Rimandato;0;NON DECEDUTO;;
3622428;2;30/12/2017 18:50:00;;PIAZZA MELOZZO DA FORLI';da specificare;;;;intersezione via del Vignola;Scontro laterale fra veicoli in marcia;;;;;;;;;;1;0;0;5;;;0;1;Autovettura privata;In marcia / fermata / arresto;Ford;Fiesta;Passeggero;1997;F;Illeso;0;;;
3622428;2;30/12/2017 18:50:00;;PIAZZA MELOZZO DA FORLI';da specificare;;;;intersezione via del Vignola;Scontro laterale fra veicoli in marcia;;;;;;;;;;1;0;0;5;;;0;1;Autovettura privata;In marcia / fermata / arresto;Ford;Fiesta;Passeggero;2000;F;Illeso;0;;;
3622428;2;30/12/2017 18:50:00;;PIAZZA MELOZZO DA FORLI';da specificare;;;;intersezione via del Vignola;Scontro laterale fra veicoli in marcia;;;;;;;;;;1;0;0;5;;;0;1;Autovettura privata;In marcia / fermata / arresto;Ford;Fiesta;Passeggero;2002;F;Illeso;0;;;
3622428;2;30/12/2017 18:50:00;;PIAZZA MELOZZO DA FORLI';da specificare;;;;intersezione via del Vignola;Scontro laterale fra veicoli in marcia;;;;;;;;;;1;0;0;5;;;0;2;Autovettura privata;In marcia / fermata / arresto;Mercedes;Smart Fortwo;Conducente;1971;F;Illeso;0;;;
3622431;2;30/12/2017 22:10:00;;VIA SALARIA;all'intersezione semaforizzata con;VIA PANAMA;VIA PANAMA;;;Scontro frontale/laterale SX fra veicoli in marcia;;;;;;;;;;0;0;0;4;;;0;1;Autovettura privata;In marcia / fermata / arresto;Toyota;Aygo;Conducente;1998;M;Illeso;0;;;
3622431;2;30/12/2017 22:10:00;;VIA SALARIA;all'intersezione semaforizzata con;VIA PANAMA;VIA PANAMA;;;Scontro frontale/laterale SX fra veicoli in marcia;;;;;;;;;;0;0;0;4;;;0;1;Autovettura privata;In marcia / fermata / arresto;Toyota;Aygo;Passeggero;1998;F;Illeso;0;;;
3622431;2;30/12/2017 22:10:00;;VIA SALARIA;all'intersezione semaforizzata con;VIA PANAMA;VIA PANAMA;;;Scontro frontale/laterale SX fra veicoli in marcia;;;;;;;;;;0;0;0;4;;;0;2;Autovettura privata;In marcia / fermata / arresto;Fiat-Lancia;YPSILON;Conducente;1947;M;Illeso;0;;;
3622431;2;30/12/2017 22:10:00;;VIA SALARIA;all'intersezione semaforizzata con;VIA PANAMA;VIA PANAMA;;;Scontro frontale/laterale SX fra veicoli in marcia;;;;;;;;;;0;0;0;4;;;0;2;Autovettura privata;In marcia / fermata / arresto;Fiat-Lancia;YPSILON;Passeggero;1951;F;Illeso;0;;;
3622436;16;28/12/2017 18:00:00;;VIA DEGLI ALDOBRANDESCHI;in corrispondenza;;del civico n.;300;;Veicolo in marcia contro ostacolo accidentale;;;;;;;;;;0;0;0;1;;;0;1;Autovettura privata;In marcia / fermata / arresto;Alfa Lancia;Mito;Conducente;0;M;Illeso;0;;;
3622437;19;31/12/2017 21:15:00;;VIA UGO DE CAROLIS;in prossimità;;del civico n.;59/F;;Tamponamento;;;;;;;;;;0;0;0;1;;;0;1;Motociclo con passeggero;In marcia / fermata / arresto;Honda;SH 150;Conducente;0;M;Illeso;0;;;
3622445;6;31/12/2017 21:33:00;Strada Urbana;VIA LEONARDO BUFALINI;all'intersezione con;VIA GIOVANNI MAGGI;VIA GIOVANNI MAGGI;;;Veicolo in marcia contro ostacolo fisso;Incrocio;Due carreggiate;Asciutto;Asfaltata;Orizzontale;Nuvoloso;Scarso;Sufficiente;Sufficiente;1;0;0;1;;;0;1;Quadriciclo leggero;In marcia / fermata / arresto;Ligier;Ambra;Conducente;2000;M;Rifiuta cure immediate;0;NON DECEDUTO;;
3622445;6;31/12/2017 21:33:00;Strada Urbana;VIA LEONARDO BUFALINI;all'intersezione con;VIA GIOVANNI MAGGI;VIA GIOVANNI MAGGI;;;Veicolo in marcia contro ostacolo fisso;Incrocio;Due carreggiate;Asciutto;Asfaltata;Orizzontale;Nuvoloso;Scarso;Sufficiente;Sufficiente;1;0;0;1;;;0;1;Quadriciclo leggero;In marcia / fermata / arresto;Ligier;Ambra;Passeggero;2000;M;Illeso;0;;;
3622451;4;29/12/2017 14:20:00;;LARGO VALTOURNANCHE;all'intersezione con;VIA DEI PRATI FISCALI;VIA DEI PRATI FISCALI;;;Scontro frontale fra veicoli in marcia;;;;;;;;;;0;0;0;2;12,51656;41,94559;0;1;Autovettura privata;In marcia / fermata / arresto;Alfa Romeo;Giulietta;Conducente;1975;M;Illeso;0;;;
3622451;4;29/12/2017 14:20:00;;LARGO VALTOURNANCHE;all'intersezione con;VIA DEI PRATI FISCALI;VIA DEI PRATI FISCALI;;;Scontro frontale fra veicoli in marcia;;;;;;;;;;0;0;0;2;12,51656;41,94559;0;2;Autocarro inferiore 35 q.;In marcia / fermata / arresto;Fiat;Ducato;Conducente;1951;M;Illeso;0;;;
3622458;1;30/12/2017 09:10:00;Strada Urbana;VIA GIOVANNI GIOLITTI;all'intersezione con;VIA BIXIO;VIA BIXIO;;;Investimento di pedone;;;;;;;;;;1;0;0;1;;;0;;;;;;Pedone;1968;F;Rimandato;0;NON DECEDUTO;;
3622458;1;30/12/2017 09:10:00;Strada Urbana;VIA GIOVANNI GIOLITTI;all'intersezione con;VIA BIXIO;VIA BIXIO;;;Investimento di pedone;;;;;;;;;;1;0;0;1;;;0;1;Motociclo a solo;In marcia / fermata / arresto;Piaggio;Vespa;Conducente;0;M;Illeso;0;;;
3622464;19;30/12/2017 19:00:00;;VIA MATTIA BATTISTINI;in corrispondenza;;del civico n.;212;;Veicolo in marcia contro veicolo in sosta;;;;;;;;;;0;0;0;1;;;0;1;Autovettura privata;In marcia / fermata / arresto;BMW;X 1;Conducente;1986;M;Illeso;0;;;
3622470;4;31/12/2017 12:45:00;;VIA DI CASAL BOCCONE;da specificare;;;;dir.ne Via Nomentana a mt. 50 dopo Via A. Negri ;Veicolo in marcia contro ostacolo fisso;;;;;;;;;;1;0;0;0;;;0;1;Autovettura privata;In marcia / fermata / arresto;Opel;Meriva;Conducente;1940;M;Rimandato;0;NON DECEDUTO;;
3622484;16;29/12/2017 13:00:00;;VIA LORENZO VIDASCHI;in corrispondenza;;del civico n.;45;;Veicolo in marcia contro veicoli in sosta;;;;;;;;;;0;0;0;1;;;0;1;Autovettura privata;In marcia / fermata / arresto;Fiat;Panda;Conducente;1942;M;Illeso;0;;;
3622491;16;28/12/2017 17:30:00;;VIA AURELIA ANTICA;all'intersezione con;VIA DI PORTA S. PANCRAZIO;VIA DI PORTA S. PANCRAZIO;;;Scontro frontale/laterale DX fra veicoli in marcia;;;;;;;;;;0;0;0;2;;;0;1;Autovettura privata;In marcia / fermata / arresto;Ford;Fiesta;Conducente;0;M;Illeso;0;;;
3622491;16;28/12/2017 17:30:00;;VIA AURELIA ANTICA;all'intersezione con;VIA DI PORTA S. PANCRAZIO;VIA DI PORTA S. PANCRAZIO;;;Scontro frontale/laterale DX fra veicoli in marcia;;;;;;;;;;0;0;0;2;;;0;2;Autovettura privata;In marcia / fermata / arresto;Daimler Chrysler Mercedes;Classe  A180;Conducente;0;F;Illeso;0;;;
3622501;1;19/12/2017 14:00:00;;VIA DEL CIRCO MASSIMO;all'intersezione semaforizzata con;VIA DELL'ARA MASSIMA DI ERCOLE;VIA DELL'ARA MASSIMA DI ERCOLE;;;Tamponamento;;;;;;;;;;0;0;0;1;;;0;1;Autovettura privata;In marcia / fermata / arresto;Fiat-Lancia;YPSILON;Conducente;1958;F;Illeso;0;;;
3622510;5;31/12/2017 18:30:00;;VIA BELMONTE IN SABINA;da specificare;;;;svincolo invers. marcia dir. Torraccia;Scontro laterale fra veicoli in marcia;;;;;;;;;;0;0;0;2;12,59366;41,94645;0;1;Autovettura privata;In marcia / fermata / arresto;Audi;A3;Conducente;0;M;Illeso;0;;;
3622510;5;31/12/2017 18:30:00;;VIA BELMONTE IN SABINA;da specificare;;;;svincolo invers. marcia dir. Torraccia;Scontro laterale fra veicoli in marcia;;;;;;;;;;0;0;0;2;12,59366;41,94645;0;2;Autovettura privata;In marcia / fermata / arresto;Ford;Fusion;Conducente;0;F;Illeso;0;;;
3622520;16;30/12/2017 13:30:00;;VIA DELLA MASSIMILLA;in corrispondenza;;del civico n.;92/B;;Veicoli in marcia contro veicolo fermo;;;;;;;;;;0;0;0;1;;;0;2;Autovettura privata;In marcia / fermata / arresto;Alfa Romeo;147 1.9 JTD;Conducente;0;M;Illeso;0;;;
3622525;4;31/12/2017 15:00:00;;VIA SANT'ANGELO IN VADO;da specificare;;;;altezza svincolo GRA Labaro;Scontro laterale fra veicoli in marcia;;;;;;;;;;0;0;0;3;;;0;1;Autovettura privata;In marcia / fermata / arresto;Lancia;Ypsilon;Conducente;1973;F;Illeso;0;;;
3622525;4;31/12/2017 15:00:00;;VIA SANT'ANGELO IN VADO;da specificare;;;;altezza svincolo GRA Labaro;Scontro laterale fra veicoli in marcia;;;;;;;;;;0;0;0;3;;;0;1;Autovettura privata;In marcia / fermata / arresto;Lancia;Ypsilon;Passeggero;1951;F;Illeso;0;;;
3622525;4;31/12/2017 15:00:00;;VIA SANT'ANGELO IN VADO;da specificare;;;;altezza svincolo GRA Labaro;Scontro laterale fra veicoli in marcia;;;;;;;;;;0;0;0;3;;;0;2;Autovettura privata;In marcia / fermata / arresto;Daimler AG;Smart Fortwo coupè;Conducente;1991;F;Illeso;0;;;
3622527;16;30/12/2017 18:00:00;;PIAZZETTA DEL BEL RESPIRO;all'intersezione con;VIA DEL CASALETTO;VIA DEL CASALETTO;;;Scontro laterale fra veicoli in marcia;;;;;;;;;;0;0;0;4;;;0;1;Autovettura privata;In marcia / fermata / arresto;Daimler;Smart;Conducente;0;M;Illeso;0;;;
3622527;16;30/12/2017 18:00:00;;PIAZZETTA DEL BEL RESPIRO;all'intersezione con;VIA DEL CASALETTO;VIA DEL CASALETTO;;;Scontro laterale fra veicoli in marcia;;;;;;;;;;0;0;0;4;;;0;2;Autovettura privata;In marcia / fermata / arresto;Toyota;Rav 4;Conducente;0;M;Illeso;0;;;
3622527;16;30/12/2017 18:00:00;;PIAZZETTA DEL BEL RESPIRO;all'intersezione con;VIA DEL CASALETTO;VIA DEL CASALETTO;;;Scontro laterale fra veicoli in marcia;;;;;;;;;;0;0;0;4;;;0;2;Autovettura privata;In marcia / fermata / arresto;Toyota;Rav 4;Passeggero;0;M;Illeso;0;;;
3622531;9;30/12/2017 18:10:00;Strada Urbana;VIA APPIA NUOVA;in prossimità;;del civico n.;14;;Investimento di pedone;Rettilineo;Due carreggiate;Asciutto;Asfaltata;Verticale ed orizzontale;Nuvoloso;Intenso;Buona;Sufficiente;1;0;0;1;12,50977;41,8849;-1;;;;;;Pedone sconosciuto;0;;Illeso;0;;;
3622531;9;30/12/2017 18:10:00;Strada Urbana;VIA APPIA NUOVA;in prossimità;;del civico n.;14;;Investimento di pedone;Rettilineo;Due carreggiate;Asciutto;Asfaltata;Verticale ed orizzontale;Nuvoloso;Intenso;Buona;Sufficiente;1;0;0;1;12,50977;41,8849;-1;1;Motociclo a solo;In marcia / fermata / arresto;BMW;R 1200 GS;Conducente;1977;M;Rimandato;0;NON DECEDUTO;;
3622564;18;29/12/2017 19:00:00;;VIA DI BOCCEA;all'intersezione con;VIA DI TORREVECCHIA;VIA DI TORREVECCHIA;;;Scontro frontale/laterale DX fra veicoli in marcia;;;;;;;;;;1;0;0;1;12,39919;41,911;0;1;Motociclo a solo;In marcia / fermata / arresto;Honda;SH 150;Conducente;0;M;Rimandato;0;NON DECEDUTO;;
3622564;18;29/12/2017 19:00:00;;VIA DI BOCCEA;all'intersezione con;VIA DI TORREVECCHIA;VIA DI TORREVECCHIA;;;Scontro frontale/laterale DX fra veicoli in marcia;;;;;;;;;;1;0;0;1;12,39919;41,911;0;2;Autovettura privata;In marcia / fermata / arresto;Fiat;Punto;Conducente;0;M;Illeso;0;;;
3622571;18;31/12/2017 00:01:00;Strada Urbana;VIA NAZARETH;in prossimità;;del civico n.;371;;Veicolo in marcia contro ostacolo fisso;Rettilineo;Una carreggiata a doppio senso;Asciutto;Asfaltata;Verticale ed orizzontale;Sereno;Scarso;Sufficiente;Sufficiente;1;0;0;0;12,39821;41,90054;0;1;Autovettura privata;In marcia / fermata / arresto;Lancia;Dedra;Conducente;1976;M;Rimandato;0;NON DECEDUTO;Non accertato;Inesploso
3622584;16;31/12/2017 23:30:00;;VIA DEL CASALE DI S. PIO V;in corrispondenza;;del civico n.;fc 10;;Scontro frontale/laterale DX fra veicoli in marcia;;;;;;;;;;0;0;0;4;;;0;1;Autovettura privata;In marcia / fermata / arresto;Nissan;Micra;Conducente;0;M;Illeso;0;;;
3622584;16;31/12/2017 23:30:00;;VIA DEL CASALE DI S. PIO V;in corrispondenza;;del civico n.;fc 10;;Scontro frontale/laterale DX fra veicoli in marcia;;;;;;;;;;0;0;0;4;;;0;1;Autovettura privata;In marcia / fermata / arresto;Nissan;Micra;Passeggero;0;F;Illeso;0;;;
3622584;16;31/12/2017 23:30:00;;VIA DEL CASALE DI S. PIO V;in corrispondenza;;del civico n.;fc 10;;Scontro frontale/laterale DX fra veicoli in marcia;;;;;;;;;;0;0;0;4;;;0;1;Autovettura privata;In marcia / fermata / arresto;Nissan;Micra;Passeggero;0;M;Illeso;0;;;
3622584;16;31/12/2017 23:30:00;;VIA DEL CASALE DI S. PIO V;in corrispondenza;;del civico n.;fc 10;;Scontro frontale/laterale DX fra veicoli in marcia;;;;;;;;;;0;0;0;4;;;0;2;Autovettura privata;In marcia / fermata / arresto;Ford;Focus;Conducente;1991;M;Illeso;0;;Non accertato;Inesploso
3622621;1;29/12/2017 14:00:00;Strada Urbana;PIAZZA DEL FICO;in corrispondenza;;del civico n.;28;;Veicolo in marcia contro veicoli in sosta;Rettilineo;Una carreggiata a senso unico di marcia;Asciutto;In cubetti di porfido;Verticale;Sereno;Scarso;Buona;Ore Diurne;0;0;0;1;;;0;4;Autovettura privata;In marcia / fermata / arresto;Mercedes;Classe A 180;Conducente;1988;F;Illeso;0;;Non accertato;
3622634;16;30/12/2017 16:45:00;;VIA DI DONNA OLIMPIA;all'intersezione con;PIAZZA DI DONNA OLIMPIA;PIAZZA DI DONNA OLIMPIA;;;Scontro laterale fra veicoli in marcia;;;;;;;;;;0;0;0;4;;;0;1;Motociclo con passeggero;In marcia / fermata / arresto;Honda;Swt 400;Conducente;0;M;Illeso;0;;;
3622634;16;30/12/2017 16:45:00;;VIA DI DONNA OLIMPIA;all'intersezione con;PIAZZA DI DONNA OLIMPIA;PIAZZA DI DONNA OLIMPIA;;;Scontro laterale fra veicoli in marcia;;;;;;;;;;0;0;0;4;;;0;1;Motociclo con passeggero;In marcia / fermata / arresto;Honda;Swt 400;Passeggero;0;F;Illeso;0;;;
3622634;16;30/12/2017 16:45:00;;VIA DI DONNA OLIMPIA;all'intersezione con;PIAZZA DI DONNA OLIMPIA;PIAZZA DI DONNA OLIMPIA;;;Scontro laterale fra veicoli in marcia;;;;;;;;;;0;0;0;4;;;0;2;Autovettura privata;In marcia / fermata / arresto;Jaguar;(ignoto);Conducente;0;M;Illeso;0;;;
3622634;16;30/12/2017 16:45:00;;VIA DI DONNA OLIMPIA;all'intersezione con;PIAZZA DI DONNA OLIMPIA;PIAZZA DI DONNA OLIMPIA;;;Scontro laterale fra veicoli in marcia;;;;;;;;;;0;0;0;4;;;0;2;Autovettura privata;In marcia / fermata / arresto;Jaguar;(ignoto);Passeggero;0;M;Illeso;0;;;
3622636;1;29/12/2017 16:30:00;Strada Urbana;PIAZZA DEL COLOSSEO;in prossimità;;del civico n.;2/a;;Scontro laterale fra veicoli in marcia;Rettilineo;Una carreggiata a doppio senso;Asciutto;Asfaltata;Verticale ed orizzontale;Sereno;Normale;Buona;Ore Diurne;0;0;0;2;;;0;1;Autocarro inferiore 35 q.;In marcia / fermata / arresto;Fiat;Iveco;Conducente;1976;M;Illeso;0;;Non accertato;
3622636;1;29/12/2017 16:30:00;Strada Urbana;PIAZZA DEL COLOSSEO;in prossimità;;del civico n.;2/a;;Scontro laterale fra veicoli in marcia;Rettilineo;Una carreggiata a doppio senso;Asciutto;Asfaltata;Verticale ed orizzontale;Sereno;Normale;Buona;Ore Diurne;0;0;0;2;;;0;2;Autovettura privata;In marcia / fermata / arresto;Fiat;Tipo;Conducente;0;M;Illeso;0;;;
3622639;18;28/12/2017 09:15:00;Strada Urbana;VIA BALDO DEGLI UBALDI;in corrispondenza;;del civico n.;109;;Scontro laterale fra veicoli in marcia;Rettilineo;Due carreggiate;Bagnato (pioggia);Asfaltata;Verticale ed orizzontale;Pioggia in atto;Normale;Buona;Ore Diurne;1;0;0;1;12,43378;41,89923;0;1;Autocarro inferiore 35 q.;In marcia / fermata / arresto;Renault;Master;Conducente;1983;M;Illeso;0;;Non accertato;Inesploso
3622639;18;28/12/2017 09:15:00;Strada Urbana;VIA BALDO DEGLI UBALDI;in corrispondenza;;del civico n.;109;;Scontro laterale fra veicoli in marcia;Rettilineo;Due carreggiate;Bagnato (pioggia);Asfaltata;Verticale ed orizzontale;Pioggia in atto;Normale;Buona;Ore Diurne;1;0;0;1;12,43378;41,89923;0;2;Motociclo a solo;In marcia / fermata / arresto;Kymco;Agility 125;Conducente;1961;M;Rimandato;0;NON DECEDUTO;Non accertato;
3622669;1;29/12/2017 13:50:00;Strada Urbana;VIA ODOARDO BECCARI;in prossimità;;del civico n.;121 C;;Veicolo in marcia contro ostacolo accidentale;Rettilineo;Una carreggiata a doppio senso;Asciutto;Con buche;Verticale ed orizzontale;Sereno;Scarso;Buona;Ore Diurne;0;0;0;2;;;0;1;Autovettura privata;In marcia / fermata / arresto;Mini;Cooper;Conducente;1984;M;Illeso;0;;Non accertato;
3622669;1;29/12/2017 13:50:00;Strada Urbana;VIA ODOARDO BECCARI;in prossimità;;del civico n.;121 C;;Veicolo in marcia contro ostacolo accidentale;Rettilineo;Una carreggiata a doppio senso;Asciutto;Con buche;Verticale ed orizzontale;Sereno;Scarso;Buona;Ore Diurne;0;0;0;2;;;0;1;Autovettura privata;In marcia / fermata / arresto;Mini;Cooper;Passeggero;1984;M;Illeso;0;;Non accertato;
3622677;1;31/12/2017 21:00:00;Strada Urbana;VIA PIAVE;all'intersezione semaforizzata con;VIA VENTI SETTEMBRE;VIA VENTI SETTEMBRE;;;Scontro frontale/laterale SX fra veicoli in marcia;Intersezione semaforizzata;Una carreggiata a doppio senso;Asciutto;Asfaltata;Verticale ed orizzontale;Sereno;Normale;Sufficiente;Sufficiente;0;0;0;2;;;0;1;Autovettura pubblica;In marcia / fermata / arresto;Mercedes;E220;Conducente;1978;M;Illeso;0;;Non accertato;Inesploso
3622677;1;31/12/2017 21:00:00;Strada Urbana;VIA PIAVE;all'intersezione semaforizzata con;VIA VENTI SETTEMBRE;VIA VENTI SETTEMBRE;;;Scontro frontale/laterale SX fra veicoli in marcia;Intersezione semaforizzata;Una carreggiata a doppio senso;Asciutto;Asfaltata;Verticale ed orizzontale;Sereno;Normale;Sufficiente;Sufficiente;0;0;0;2;;;0;2;Autovettura pubblica;In marcia / fermata / arresto;BMW;520 D;Conducente;1973;M;Illeso;0;;Non accertato;Inesploso
3622691;12;24/12/2017 15:30:00;;VIA DI ACQUA ACETOSA OSTIENSE;da specificare;;;;INVERSIONE DI MARCIA DIREZIONE EUR;Scontro laterale fra veicoli in marcia;;;;;;;;;;0;0;0;2;;;0;1;Autovettura privata;In marcia / fermata / arresto;Ford;Fiesta;Conducente;1972;M;Illeso;0;;Non accertato;Inesploso
3622691;12;24/12/2017 15:30:00;;VIA DI ACQUA ACETOSA OSTIENSE;da specificare;;;;INVERSIONE DI MARCIA DIREZIONE EUR;Scontro laterale fra veicoli in marcia;;;;;;;;;;0;0;0;2;;;0;2;Motociclo a solo;In marcia / fermata / arresto;Honda;SH 150;Conducente;1981;M;Illeso;0;;Non accertato;
3622725;18;28/12/2017 09:15:00;;VIA DI BOCCEA;in corrispondenza;;del civico n.;625;;Scontro laterale fra veicoli in marcia;;;;;;;;;;0;0;0;2;;;0;1;Autovettura privata;In marcia / fermata / arresto;Fiat;Punto;Conducente;1974;F;Illeso;0;;;
3622725;18;28/12/2017 09:15:00;;VIA DI BOCCEA;in corrispondenza;;del civico n.;625;;Scontro laterale fra veicoli in marcia;;;;;;;;;;0;0;0;2;;;0;2;Autovettura privata;In marcia / fermata / arresto;Fiat;Punto;Conducente;1968;F;Illeso;0;;;
3622750;1;31/12/2017 11:15:00;Strada Urbana;PASSEGGIATA DEL GIANICOLO;da specificare;;;;altezz cancello entrata lato dx;Veicolo in marcia contro veicolo in sosta;;Una carreggiata a senso unico di marcia;Asciutto;In cubetti di porfido;;Nuvoloso;Normale;Buona;Ore Diurne;0;0;0;1;;;0;2;Autovettura privata;In marcia / fermata / arresto;Smart ;-;Conducente;1966;M;Illeso;0;;;
3622757;18;28/12/2017 09:35:00;;PIAZZA IRNERIO;da specificare;;;;fronte civico 50;Scontro laterale fra veicoli in marcia;;;;;;;;;;1;0;0;1;;;0;1;Motociclo a solo;In marcia / fermata / arresto;Honda;Vision;Conducente;1995;F;Rimandato;0;NON DECEDUTO;Non accertato;
3622757;18;28/12/2017 09:35:00;;PIAZZA IRNERIO;da specificare;;;;fronte civico 50;Scontro laterale fra veicoli in marcia;;;;;;;;;;1;0;0;1;;;0;2;Autovettura privata;In marcia / fermata / arresto;Peugeot;108;Conducente;1953;F;Illeso;0;;;
3622762;1;30/12/2017 11:00:00;Strada Urbana;VIA GIOVANNI GIOLITTI;all'intersezione con;VIA CAIROLI;VIA CAIROLI;;;Veicolo in marcia contro ostacolo accidentale;Incrocio;Una carreggiata a senso unico di marcia;Asciutto;Asfaltata;Verticale ed orizzontale;Nuvoloso;Normale;Buona;Ore Diurne;0;0;0;1;;;0;1;Autovettura pubblica;In marcia / fermata / arresto;Lancia;Thema;Conducente;1970;M;Illeso;0;;;
3622768;4;29/12/2017 15:25:00;;VIA DEI PRATI FISCALI;da specificare;;;;dir.ne P.le Jonio altezza Via Val di Lanzo;Scontro laterale fra veicoli in marcia;;;;;;;;;;0;0;0;1;;;0;1;Autovettura privata;In marcia / fermata / arresto;Fiat;Qubo;Conducente;1980;M;Illeso;0;;;
3622768;4;29/12/2017 15:25:00;;VIA DEI PRATI FISCALI;da specificare;;;;dir.ne P.le Jonio altezza Via Val di Lanzo;Scontro laterale fra veicoli in marcia;;;;;;;;;;0;0;0;1;;;0;2;Autovettura privata;In marcia / fermata / arresto;MCC;Smart;Conducente;1965;;Illeso;0;;;
3622822;4;29/12/2017 20:20:00;;VIA DI SETTEBAGNI;da specificare;;;;pochi metri prima svincolo GRA dir. Nomentana;Scontro laterale fra veicoli in marcia;;;;;;;;;;0;0;0;3;;;0;1;Autovettura privata;In marcia / fermata / arresto;Renault;Clio;Conducente;1990;M;Illeso;0;;;
3622822;4;29/12/2017 20:20:00;;VIA DI SETTEBAGNI;da specificare;;;;pochi metri prima svincolo GRA dir. Nomentana;Scontro laterale fra veicoli in marcia;;;;;;;;;;0;0;0;3;;;0;1;Autovettura privata;In marcia / fermata / arresto;Renault;Clio;Passeggero;1986;F;Illeso;0;;;
3622822;4;29/12/2017 20:20:00;;VIA DI SETTEBAGNI;da specificare;;;;pochi metri prima svincolo GRA dir. Nomentana;Scontro laterale fra veicoli in marcia;;;;;;;;;;0;0;0;3;;;0;2;Autovettura privata;In marcia / fermata / arresto;Peugeot;306;Conducente;1985;F;Illeso;0;;Non accertato;
3622859;18;28/12/2017 17:15:00;;CIRCONVALLAZIONE CORNELIA;all'intersezione con;PIAZZA DEI GIURECONSULTI;PIAZZA DEI GIURECONSULTI;;;Scontro laterale fra veicoli in marcia;;;;;;;;;;0;0;0;3;;;0;1;Autovettura privata;In marcia / fermata / arresto;Hyundai;i20;Conducente;0;F;Illeso;0;;;
3622859;18;28/12/2017 17:15:00;;CIRCONVALLAZIONE CORNELIA;all'intersezione con;PIAZZA DEI GIURECONSULTI;PIAZZA DEI GIURECONSULTI;;;Scontro laterale fra veicoli in marcia;;;;;;;;;;0;0;0;3;;;0;2;Autovettura di polizia;In marcia / fermata / arresto;Seat;Leon;Conducente;0;M;Illeso;0;;;
3622859;18;28/12/2017 17:15:00;;CIRCONVALLAZIONE CORNELIA;all'intersezione con;PIAZZA DEI GIURECONSULTI;PIAZZA DEI GIURECONSULTI;;;Scontro laterale fra veicoli in marcia;;;;;;;;;;0;0;0;3;;;0;2;Autovettura di polizia;In marcia / fermata / arresto;Seat;Leon;Passeggero;0;M;Illeso;0;;;
3622865;18;28/12/2017 15:30:00;;VIA LUCA PASSI;all'intersezione con;VIA GREGORIO XI;VIA GREGORIO XI;;;Tamponamento;;;;;;;;;;0;0;0;4;;;0;1;Autovettura privata;In marcia / fermata / arresto;Fiat;Panda;Conducente;0;F;Illeso;0;;;
3622865;18;28/12/2017 15:30:00;;VIA LUCA PASSI;all'intersezione con;VIA GREGORIO XI;VIA GREGORIO XI;;;Tamponamento;;;;;;;;;;0;0;0;4;;;0;1;Autovettura privata;In marcia / fermata / arresto;Fiat;Panda;Passeggero;0;M;Illeso;0;;;
3622865;18;28/12/2017 15:30:00;;VIA LUCA PASSI;all'intersezione con;VIA GREGORIO XI;VIA GREGORIO XI;;;Tamponamento;;;;;;;;;;0;0;0;4;;;0;2;Autovettura privata;In marcia / fermata / arresto;Honda;Jazz;Conducente;0;F;Illeso;0;;;
3622865;18;28/12/2017 15:30:00;;VIA LUCA PASSI;all'intersezione con;VIA GREGORIO XI;VIA GREGORIO XI;;;Tamponamento;;;;;;;;;;0;0;0;4;;;0;2;Autovettura privata;In marcia / fermata / arresto;Honda;Jazz;Passeggero;0;M;Illeso;0;;;
3622873;1;31/12/2017 01:45:00;Strada Urbana;PIAZZA ORAZIO GIUSTINIANI;in prossimità;;del civico n.;FC 4 A;;Tamponamento Multiplo;Rettilineo;Una carreggiata a doppio senso;Asciutto;Asfaltata;Verticale ed orizzontale;Sereno;Scarso;Sufficiente;Sufficiente;0;0;0;4;;;0;1;Autovettura privata;In marcia / fermata / arresto;Peugeot;206;Conducente;1995;F;Illeso;0;;;
3622873;1;31/12/2017 01:45:00;Strada Urbana;PIAZZA ORAZIO GIUSTINIANI;in prossimità;;del civico n.;FC 4 A;;Tamponamento Multiplo;Rettilineo;Una carreggiata a doppio senso;Asciutto;Asfaltata;Verticale ed orizzontale;Sereno;Scarso;Sufficiente;Sufficiente;0;0;0;4;;;0;1;Autovettura privata;In marcia / fermata / arresto;Peugeot;206;Passeggero;1994;F;Illeso;0;;;