Protocollo;Gruppo;DataOraIncidente;Localizzazione1;STRADA1;Localizzazione2;STRADA2;Strada02;Chilometrica;DaSpecificare;NaturaIncidente;particolaritastrade;TipoStrada;FondoStradale;Pavimentazione;Segnaletica;CondizioneAtmosferica;Traffico;Visibilita;Illuminazione;NUM_FERITI;NUM_RISERVATA;NUM_MORTI;NUM_ILLESI;Longitudine;Latitudine;Confermato;Progressivo;TipoVeicolo;StatoVeicolo;Marca;Modello;TipoPersona;AnnoNascita;Sesso;Tipolesione;Deceduto;DecedutoDopo;CinturaCascoUtilizzato;Airbag;
3622873;1;31/12/2017 01:45:00;Strada Urbana;PIAZZA ORAZIO GIUSTINIANI;in prossimità;;del civico n.;FC 4 A;;Tamponamento Multiplo;Rettilineo;Una carreggiata a doppio senso;Asciutto;Asfaltata;Verticale ed orizzontale;Sereno;Scarso;Sufficiente;Sufficiente;0;0;0;4;;;0;2;Autovettura privata;In marcia / fermata / arresto;Peugeot;807;Conducente;1971;M;Illeso;0;;;
3622873;1;31/12/2017 01:45:00;Strada Urbana;PIAZZA ORAZIO GIUSTINIANI;in prossimità;;del civico n.;FC 4 A;;Tamponamento Multiplo;Rettilineo;Una carreggiata a doppio senso;Asciutto;Asfaltata;Verticale ed orizzontale;Sereno;Scarso;Sufficiente;Sufficiente;0;0;0;4;;;0;3;Autovettura privata;In marcia / fermata / arresto;Daimler Chrysler;CLS 320 CDI;Conducente;1980;M;Illeso;0;;;
3622878;18;29/12/2017 10:50:00;;VIA GREGORIO VII;da specificare;;;;FRONTE CIVICO 388;Tamponamento Multiplo;;;;;;;;;;0;0;0;3;;;0;1;Autovettura privata;In marcia / fermata / arresto;Mercedes;A200;Conducente;0;M;Illeso;0;;;
3622878;18;29/12/2017 10:50:00;;VIA GREGORIO VII;da specificare;;;;FRONTE CIVICO 388;Tamponamento Multiplo;;;;;;;;;;0;0;0;3;;;0;2;Autovettura privata;In marcia / fermata / arresto;Renault;Modus;Passeggero;0;F;Illeso;0;;;
3622878;18;29/12/2017 10:50:00;;VIA GREGORIO VII;da specificare;;;;FRONTE CIVICO 388;Tamponamento Multiplo;;;;;;;;;;0;0;0;3;;;0;3;Autovettura privata;In marcia / fermata / arresto;Peugeot;208;Conducente;0;F;Illeso;0;;;
3622984;2;28/12/2017 10:30:00;;CIRCONVALLAZIONE SALARIA;da specificare;;;;poco prima uscita P.za Vescovio dir. S. Giovanni;Veicolo in marcia contro ostacolo accidentale;;;;;;;;;;0;0;0;1;;;0;1;Autovettura privata;In marcia / fermata / arresto;Mercedes;Classe A;Conducente;1976;M;Illeso;0;;;
3623165;18;29/12/2017 00:40:00;;PIAZZA DEI GIURECONSULTI;all'intersezione semaforizzata con;VIA DI BOCCEA;VIA DI BOCCEA;;;Scontro frontale fra veicoli in marcia;;;;;;;;;;0;0;0;2;;;0;1;Ciclomotore;In marcia / fermata / arresto;Aprilia;Scarabeo;Conducente;0;M;Illeso;0;;;
3623165;18;29/12/2017 00:40:00;;PIAZZA DEI GIURECONSULTI;all'intersezione semaforizzata con;VIA DI BOCCEA;VIA DI BOCCEA;;;Scontro frontale fra veicoli in marcia;;;;;;;;;;0;0;0;2;;;0;2;Motociclo a solo;In marcia / fermata / arresto;Honda;SH 150;Conducente;0;M;Illeso;0;;;
3623667;12;25/12/2017 17:35:00;Strada Urbana;VIA DI TOR PAGNOTTA;in prossimità;;del civico n.;94;;Scontro frontale fra veicoli in marcia;Rettilineo;Una carreggiata a doppio senso;Asciutto;Asfaltata;Verticale ed orizzontale;Sereno;Normale;Buona;Ore Diurne;2;0;0;6;;;0;1;Autovettura privata;In marcia / fermata / arresto;Nissan;Micra;Conducente;1990;M;Illeso;0;;Utilizzato;Inesploso
3623667;12;25/12/2017 17:35:00;Strada Urbana;VIA DI TOR PAGNOTTA;in prossimità;;del civico n.;94;;Scontro frontale fra veicoli in marcia;Rettilineo;Una carreggiata a doppio senso;Asciutto;Asfaltata;Verticale ed orizzontale;Sereno;Normale;Buona;Ore Diurne;2;0;0;6;;;0;1;Autovettura privata;In marcia / fermata / arresto;Nissan;Micra;Passeggero;1987;M;Illeso;0;;Utilizzato;Inesploso
3623667;12;25/12/2017 17:35:00;Strada Urbana;VIA DI TOR PAGNOTTA;in prossimità;;del civico n.;94;;Scontro frontale fra veicoli in marcia;Rettilineo;Una carreggiata a doppio senso;Asciutto;Asfaltata;Verticale ed orizzontale;Sereno;Normale;Buona;Ore Diurne;2;0;0;6;;;0;2;Autovettura privata;In marcia / fermata / arresto;Smart ;Smart for two coupè;Conducente;1949;F;Rimandato;0;NON DECEDUTO;Utilizzato;Inesploso
3623667;12;25/12/2017 17:35:00;Strada Urbana;VIA DI TOR PAGNOTTA;in prossimità;;del civico n.;94;;Scontro frontale fra veicoli in marcia;Rettilineo;Una carreggiata a doppio senso;Asciutto;Asfaltata;Verticale ed orizzontale;Sereno;Normale;Buona;Ore Diurne;2;0;0;6;;;0;2;Autovettura privata;In marcia / fermata / arresto;Smart ;Smart for two coupè;Passeggero;0;F;Ricoverato;0;NON DECEDUTO;;
3623667;12;25/12/2017 17:35:00;Strada Urbana;VIA DI TOR PAGNOTTA;in prossimità;;del civico n.;94;;Scontro frontale fra veicoli in marcia;Rettilineo;Una carreggiata a doppio senso;Asciutto;Asfaltata;Verticale ed orizzontale;Sereno;Normale;Buona;Ore Diurne;2;0;0;6;;;0;3;Autovettura privata;In marcia / fermata / arresto;Ford;Fiesta;Conducente;1984;M;Illeso;0;;Non accertato;Inesploso
3623667;12;25/12/2017 17:35:00;Strada Urbana;VIA DI TOR PAGNOTTA;in prossimità;;del civico n.;94;;Scontro frontale fra veicoli in marcia;Rettilineo;Una carreggiata a doppio senso;Asciutto;Asfaltata;Verticale ed orizzontale;Sereno;Normale;Buona;Ore Diurne;2;0;0;6;;;0;3;Autovettura privata;In marcia / fermata / arresto;Ford;Fiesta;Passeggero;1987;F;Illeso;0;;Utilizzato;Inesploso
3623667;12;25/12/2017 17:35:00;Strada Urbana;VIA DI TOR PAGNOTTA;in prossimità;;del civico n.;94;;Scontro frontale fra veicoli in marcia;Rettilineo;Una carreggiata a doppio senso;Asciutto;Asfaltata;Verticale ed orizzontale;Sereno;Normale;Buona;Ore Diurne;2;0;0;6;;;0;3;Autovettura privata;In marcia / fermata / arresto;Ford;Fiesta;Passeggero;2009;F;Illeso;0;;Utilizzato;Inesploso
3623667;12;25/12/2017 17:35:00;Strada Urbana;VIA DI TOR PAGNOTTA;in prossimità;;del civico n.;94;;Scontro frontale fra veicoli in marcia;Rettilineo;Una carreggiata a doppio senso;Asciutto;Asfaltata;Verticale ed orizzontale;Sereno;Normale;Buona;Ore Diurne;2;0;0;6;;;0;3;Autovettura privata;In marcia / fermata / arresto;Ford;Fiesta;Passeggero;2016;M;Illeso;0;;Utilizzato;Inesploso
3623706;3;29/12/2017 03:50:00;;VIALE IPPOCRATE;da specificare;;;;pross.tà  Via Castro Laurenzian;Scontro frontale/laterale DX fra veicoli in marcia;;;;;;;;;;1;0;0;0;;;0;1;Autovettura privata;In marcia / fermata / arresto;Ford;Fiesta;Conducente;0;M;Rifiuta cure immediate;0;NON DECEDUTO;;
3623720;1;29/12/2017 20:00:00;;VIALE DI TRASTEVERE;in corrispondenza;;del civico n.;78;;Infortunio per sola frenata improvvisa;;;;;;;;;;0;0;0;1;;;0;1;Motociclo a solo;In marcia / fermata / arresto;Piaggio;Medley;Conducente;1985;M;Illeso;0;;;
3623736;3;30/12/2017 20:15:00;Strada Urbana;VIA DELLA LEGA LOMBARDA;all'intersezione con;VIA ARDUINO;VIA ARDUINO;;;Veicolo in marcia contro ostacolo fisso;Incrocio;Una carreggiata a doppio senso;Asciutto;Asfaltata;Verticale ed orizzontale;Nuvoloso;Scarso;Buona;Sufficiente;0;0;0;4;;;0;1;Autovettura privata;In marcia / fermata / arresto;Chevrolet;Cruze;Conducente;1963;M;Illeso;0;;Non accertato;Inesploso
3623736;3;30/12/2017 20:15:00;Strada Urbana;VIA DELLA LEGA LOMBARDA;all'intersezione con;VIA ARDUINO;VIA ARDUINO;;;Veicolo in marcia contro ostacolo fisso;Incrocio;Una carreggiata a doppio senso;Asciutto;Asfaltata;Verticale ed orizzontale;Nuvoloso;Scarso;Buona;Sufficiente;0;0;0;4;;;0;1;Autovettura privata;In marcia / fermata / arresto;Chevrolet;Cruze;Passeggero;1965;M;Illeso;0;;Non accertato;Inesploso
3623736;3;30/12/2017 20:15:00;Strada Urbana;VIA DELLA LEGA LOMBARDA;all'intersezione con;VIA ARDUINO;VIA ARDUINO;;;Veicolo in marcia contro ostacolo fisso;Incrocio;Una carreggiata a doppio senso;Asciutto;Asfaltata;Verticale ed orizzontale;Nuvoloso;Scarso;Buona;Sufficiente;0;0;0;4;;;0;1;Autovettura privata;In marcia / fermata / arresto;Chevrolet;Cruze;Passeggero;1967;F;Illeso;0;;Non accertato;Inesploso
3623736;3;30/12/2017 20:15:00;Strada Urbana;VIA DELLA LEGA LOMBARDA;all'intersezione con;VIA ARDUINO;VIA ARDUINO;;;Veicolo in marcia contro ostacolo fisso;Incrocio;Una carreggiata a doppio senso;Asciutto;Asfaltata;Verticale ed orizzontale;Nuvoloso;Scarso;Buona;Sufficiente;0;0;0;4;;;0;1;Autovettura privata;In marcia / fermata / arresto;Chevrolet;Cruze;Passeggero;1967;M;Illeso;0;;Non accertato;Inesploso
3623747;3;30/12/2017 20:20:00;Strada Urbana;VIA DELLA LEGA LOMBARDA;all'intersezione con;VIA ARDUINO;VIA ARDUINO;;;Veicolo in marcia contro ostacolo fisso;Incrocio;Una carreggiata a doppio senso;Asciutto;Asfaltata;Verticale ed orizzontale;Sereno;Scarso;Buona;Sufficiente;0;0;0;1;;;0;1;Autovettura privata;In marcia / fermata / arresto;Toyota;Yaris;Conducente;1957;M;Illeso;0;;Non accertato;Inesploso
3623753;3;30/12/2017 20:21:00;Strada Urbana;VIA DELLA LEGA LOMBARDA;all'intersezione con;VIA ARDUINO;VIA ARDUINO;;;Veicolo in marcia contro ostacolo fisso;Intersezione semaforizzata;Una carreggiata a doppio senso;Asciutto;Asfaltata;Verticale ed orizzontale;Nuvoloso;Scarso;Sufficiente;Sufficiente;0;0;0;2;;;0;1;Autovettura privata;In marcia / fermata / arresto;Fiat;500 L;Conducente;1959;M;Illeso;0;;Non accertato;Inesploso
3623753;3;30/12/2017 20:21:00;Strada Urbana;VIA DELLA LEGA LOMBARDA;all'intersezione con;VIA ARDUINO;VIA ARDUINO;;;Veicolo in marcia contro ostacolo fisso;Intersezione semaforizzata;Una carreggiata a doppio senso;Asciutto;Asfaltata;Verticale ed orizzontale;Nuvoloso;Scarso;Sufficiente;Sufficiente;0;0;0;2;;;0;1;Autovettura privata;In marcia / fermata / arresto;Fiat;500 L;Passeggero;1958;M;Illeso;0;;Non accertato;Inesploso
3623760;3;30/12/2017 21:15:00;;PIAZZALE DI PORTA PIA;in prossimità;;del civico n.;124;;Scontro laterale fra veicoli in marcia;;;;;;;;;;0;0;0;3;;;0;1;Autovettura privata;In marcia / fermata / arresto;Fiat;500;Conducente;0;M;Illeso;0;;;
3623760;3;30/12/2017 21:15:00;;PIAZZALE DI PORTA PIA;in prossimità;;del civico n.;124;;Scontro laterale fra veicoli in marcia;;;;;;;;;;0;0;0;3;;;0;2;Autovettura privata;In marcia / fermata / arresto;Fiat;500;Conducente;0;M;Illeso;0;;;
3623760;3;30/12/2017 21:15:00;;PIAZZALE DI PORTA PIA;in prossimità;;del civico n.;124;;Scontro laterale fra veicoli in marcia;;;;;;;;;;0;0;0;3;;;0;2;Autovettura privata;In marcia / fermata / arresto;Fiat;500;Passeggero;0;M;Illeso;0;;;
3623767;3;31/12/2017 15:15:00;;VIA NOMENTANA;in corrispondenza;;del civico n.;297;;Scontro frontale/laterale DX fra veicoli in marcia;;;;;;;;;;0;0;0;2;;;0;1;Autovettura privata;In marcia / fermata / arresto;Nissan;QASHQAI;Conducente;0;M;Illeso;0;;;
3623767;3;31/12/2017 15:15:00;;VIA NOMENTANA;in corrispondenza;;del civico n.;297;;Scontro frontale/laterale DX fra veicoli in marcia;;;;;;;;;;0;0;0;2;;;0;2;Autovettura privata;In marcia / fermata / arresto;Peugeot;206;Conducente;0;M;Illeso;0;;;
3623822;12;27/12/2017 16:50:00;Provinciale entro l'abitato;VIA ARDEATINA;in prossimità;;del civico n.;1428;;Veicolo in marcia contro ostacolo accidentale;Rettilineo;Una carreggiata a doppio senso;Bagnato (pioggia);Asfaltata;Verticale;Pioggia in atto;Normale;Insufficiente;Insufficiente;0;0;0;1;;;0;1;Autovettura privata;In marcia / fermata / arresto;Volkswagen;Golf;Conducente;1944;F;Illeso;0;;Non accertato;Inesploso
3623850;12;27/12/2017 17:10:00;Strada Urbana;VIA ARDEATINA;in prossimità;;del civico n.;1428;;Veicolo in marcia contro ostacolo accidentale;Rettilineo;Una carreggiata a doppio senso;Bagnato (pioggia);Con buche;Verticale;Pioggia in atto;Normale;Insufficiente;Insufficiente;0;0;0;1;12,55834;41,76473;-1;1;Autovettura privata;In marcia / fermata / arresto;Dacia;Sandero;Conducente;1974;F;Illeso;0;;Non accertato;Inesploso
3624121;2;27/12/2017 17:15:00;;VIA NEMORENSE;da specificare;;;;altezza via Archiano;Investimento di pedone;;;;;;;;;;1;0;0;0;;;0;;;;;;Pedone;1971;M;Ricoverato;0;NON DECEDUTO;;
3624438;12;11/12/2017 12:45:00;Strada Urbana;VIA DELLA CECCHIGNOLA;da specificare;;;;direzione via Ardeatina altezza palo acea 47;Veicolo in marcia contro ostacolo accidentale;Curva senza visuale libera;Una carreggiata a doppio senso;Asciutto;Asfaltata;Verticale ed orizzontale;Nuvoloso;Scarso;Buona;Ore Diurne;1;0;0;0;12,51285;41,81402;0;1;Autovettura privata;In marcia / fermata / arresto;Toyota;Yaris;Conducente;1981;M;Rimandato;0;NON DECEDUTO;Utilizzato;Inesploso
3624512;12;24/12/2017 11:00:00;Strada Urbana;VIA CRISTOFORO COLOMBO;all'intersezione con;VIALE DELL'OCEANO PACIFICO;VIALE DELL'OCEANO PACIFICO;;;Scontro frontale/laterale SX fra veicoli in marcia;Intersezione semaforizzata;Due carreggiate;Asciutto;Asfaltata;Verticale ed orizzontale;Sereno;Intenso;Buona;Ore Diurne;1;0;0;3;12,45619;41,80887;0;1;Autovettura privata;In marcia / fermata / arresto;Chevrolet;Matiz;Conducente;1961;F;Rimandato;0;NON DECEDUTO;Utilizzato;Inesploso
3624512;12;24/12/2017 11:00:00;Strada Urbana;VIA CRISTOFORO COLOMBO;all'intersezione con;VIALE DELL'OCEANO PACIFICO;VIALE DELL'OCEANO PACIFICO;;;Scontro frontale/laterale SX fra veicoli in marcia;Intersezione semaforizzata;Due carreggiate;Asciutto;Asfaltata;Verticale ed orizzontale;Sereno;Intenso;Buona;Ore Diurne;1;0;0;3;12,45619;41,80887;0;2;Autovettura privata;In marcia / fermata / arresto;Fiat;Freemont;Conducente;1967;M;Illeso;0;;Utilizzato;Inesploso
3624512;12;24/12/2017 11:00:00;Strada Urbana;VIA CRISTOFORO COLOMBO;all'intersezione con;VIALE DELL'OCEANO PACIFICO;VIALE DELL'OCEANO PACIFICO;;;Scontro frontale/laterale SX fra veicoli in marcia;Intersezione semaforizzata;Due carreggiate;Asciutto;Asfaltata;Verticale ed orizzontale;Sereno;Intenso;Buona;Ore Diurne;1;0;0;3;12,45619;41,80887;0;2;Autovettura privata;In marcia / fermata / arresto;Fiat;Freemont;Passeggero;1987;F;Illeso;0;;Utilizzato;Inesploso
3624512;12;24/12/2017 11:00:00;Strada Urbana;VIA CRISTOFORO COLOMBO;all'intersezione con;VIALE DELL'OCEANO PACIFICO;VIALE DELL'OCEANO PACIFICO;;;Scontro frontale/laterale SX fra veicoli in marcia;Intersezione semaforizzata;Due carreggiate;Asciutto;Asfaltata;Verticale ed orizzontale;Sereno;Intenso;Buona;Ore Diurne;1;0;0;3;12,45619;41,80887;0;2;Autovettura privata;In marcia / fermata / arresto;Fiat;Freemont;Passeggero;2015;F;Illeso;0;;Utilizzato;
3625069;1;29/12/2017 01:30:00;;PIAZZA DI PORTA MAGGIORE;all'intersezione con;VIA GIOVANNI GIOLITTI;VIA GIOVANNI GIOLITTI;;;Tamponamento;;;;;;;;;;1;0;0;1;12,5144;41,8921;0;1;Autovettura privata;In marcia / fermata / arresto;Mercedes;Class A;Conducente;1994;M;Rifiuta cure immediate;0;NON DECEDUTO;Non accertato;Inesploso
3625069;1;29/12/2017 01:30:00;;PIAZZA DI PORTA MAGGIORE;all'intersezione con;VIA GIOVANNI GIOLITTI;VIA GIOVANNI GIOLITTI;;;Tamponamento;;;;;;;;;;1;0;0;1;12,5144;41,8921;0;2;Autovettura privata;In marcia / fermata / arresto;BMW;--;Conducente;1985;M;Illeso;0;;;
3625196;12;11/12/2017 11:50:00;Strada Urbana;VIA CIRO IL GRANDE;all'intersezione con;VIALE DELLA CIVILTA' DEL LAVORO;VIALE DELLA CIVILTA' DEL LAVORO;;;Scontro laterale fra veicoli in marcia;Incrocio;Due carreggiate;Asciutto;Asfaltata;Verticale ed orizzontale;Nuvoloso;Normale;Buona;Ore Diurne;0;0;0;2;12,46877;41,83579;0;1;Autovettura privata;In marcia / fermata / arresto;Fiat;500;Conducente;1995;M;Illeso;0;;Utilizzato;Inesploso
3625196;12;11/12/2017 11:50:00;Strada Urbana;VIA CIRO IL GRANDE;all'intersezione con;VIALE DELLA CIVILTA' DEL LAVORO;VIALE DELLA CIVILTA' DEL LAVORO;;;Scontro laterale fra veicoli in marcia;Incrocio;Due carreggiate;Asciutto;Asfaltata;Verticale ed orizzontale;Nuvoloso;Normale;Buona;Ore Diurne;0;0;0;2;12,46877;41,83579;0;2;Autobus di linea;In marcia / fermata / arresto;TEMSA;AVENUE LF;Conducente;1978;M;Illeso;0;;Utilizzato;Inesploso
3625529;12;16/12/2017 06:30:00;Provinciale;VIA DELLA SOLFARATA;da specificare;;;;prox. via Ardeatina (100 mt. prima);Veicolo in marcia contro ostacolo accidentale;Rettilineo;Una carreggiata a doppio senso;Bagnato (pioggia);Con buche;Verticale ed orizzontale;Nuvoloso;Scarso;Insufficiente;Insufficiente;0;0;0;1;12,54575;41,70648;0;1;Autovettura privata;In marcia / fermata / arresto;Ford;Fiesta;Conducente;1979;F;Illeso;0;;Non accertato;Inesistente
3625601;2;21/12/2017 08:15:00;;VIA PINCIANA;da specificare;;;;tra civ. 67 e 63;Veicolo in marcia contro ostacolo accidentale;;;;;;;;;;0;0;0;1;;;0;1;Autovettura privata;In marcia / fermata / arresto;Jaguar;(non accertato);Conducente;1975;M;Illeso;0;;;
3625895;12;12/12/2017 19:45:00;Strada Urbana;VIALE EGEO;in corrispondenza;;del civico n.;98;;Scontro laterale fra veicoli in marcia;Rettilineo;Una carreggiata a doppio senso;Asciutto;Asfaltata;Verticale ed orizzontale;Nuvoloso;Normale;Buona;Sufficiente;0;0;0;2;12,45468;41,83025;0;1;Autovettura privata;In marcia / fermata / arresto;Nissan;Micra;Conducente;1998;M;Illeso;0;;Utilizzato;Inesploso
3625895;12;12/12/2017 19:45:00;Strada Urbana;VIALE EGEO;in corrispondenza;;del civico n.;98;;Scontro laterale fra veicoli in marcia;Rettilineo;Una carreggiata a doppio senso;Asciutto;Asfaltata;Verticale ed orizzontale;Nuvoloso;Normale;Buona;Sufficiente;0;0;0;2;12,45468;41,83025;0;2;Motociclo a solo;In marcia / fermata / arresto;Kimco;People;Conducente;1968;M;Illeso;0;;;
3625926;12;27/12/2017 13:15:00;Strada Urbana;VIA DI VALLERANO;all'intersezione con;VIA GASTONE MONALDI;VIA GASTONE MONALDI;;;Veicolo in marcia contro ostacolo fisso;Incrocio;Una carreggiata a doppio senso;Bagnato (pioggia);Asfaltata;Temporanea di cantiere;Pioggia in atto;Normale;Sufficiente;Ore Diurne;0;0;0;1;12,46344;41,78608;-1;1;Autovettura privata;In marcia / fermata / arresto;Ford;Mondeo;Conducente;1959;M;Illeso;0;;Utilizzato;Inesploso
3626570;12;22/12/2017 21:15:00;Strada Urbana;VIALE PICO DELLA MIRANDOLA;in corrispondenza;;del civico n.;36;;Investimento di pedone;Rettilineo;Due carreggiate;Asciutto;Asfaltata;Verticale ed orizzontale;Sereno;Scarso;Buona;Sufficiente;0;0;0;2;;;0;;;;;;Pedone;1977;M;Illeso;0;;;
3626570;12;22/12/2017 21:15:00;Strada Urbana;VIALE PICO DELLA MIRANDOLA;in corrispondenza;;del civico n.;36;;Investimento di pedone;Rettilineo;Due carreggiate;Asciutto;Asfaltata;Verticale ed orizzontale;Sereno;Scarso;Buona;Sufficiente;0;0;0;2;;;0;1;Autovettura privata;In marcia / fermata / arresto;Fiat;Doblò;Conducente;1973;M;Illeso;0;;Utilizzato;Inesploso
3626594;12;28/12/2017 14:00:00;;VIALE EGEO;da specificare;;;;fr Via Lero dir. roma centro ;Fuoriuscita dalla sede stradale;;;;;;;;;;0;0;0;1;;;0;1;Autovettura privata;In marcia / fermata / arresto;Fiat;Panda;Conducente;1962;F;Illeso;0;;;
3626651;12;29/12/2017 01:55:00;;VIALE DELLA TECNICA;in prossimità;;del civico n.;245;;Scontro frontale/laterale SX fra veicoli in marcia;;;;;;;;;;0;0;0;1;;;0;1;Autovettura privata;In marcia / fermata / arresto;Fiat;Panda;Conducente;1977;F;Illeso;0;;Non accertato;Inesploso
3626651;12;29/12/2017 01:55:00;;VIALE DELLA TECNICA;in prossimità;;del civico n.;245;;Scontro frontale/laterale SX fra veicoli in marcia;;;;;;;;;;0;0;0;1;;;0;2;Autovettura privata;In marcia / fermata / arresto;Volkswagen;Polo;Conducente;1988;;Illeso;0;;;
3629202;12;29/12/2017 20:00:00;Provinciale;VIA ARDEATINA;da specificare;;;;km 15,400 dir Pomezia;Veicolo in marcia contro ostacolo accidentale;Rettilineo;Una carreggiata a doppio senso;Asciutto;Con buche;Assente;Sereno;Scarso;Insufficiente;Insufficiente;0;0;0;1;12,56072;41,74837;0;1;Autovettura privata;In marcia / fermata / arresto;Toyota;Auris;Conducente;1977;M;Illeso;0;;;
3629516;12;21/12/2017 12:45:00;;VIA ARMANDO BRASINI;da specificare;;;;svincolo laterale Colombo;Scontro frontale/laterale DX fra veicoli in marcia;;;;;;;;;;0;0;0;2;;;0;1;Autovettura privata;In marcia / fermata / arresto;Daewoo;Matiz;Conducente;1993;F;Illeso;0;;;
3629516;12;21/12/2017 12:45:00;;VIA ARMANDO BRASINI;da specificare;;;;svincolo laterale Colombo;Scontro frontale/laterale DX fra veicoli in marcia;;;;;;;;;;0;0;0;2;;;0;2;Autovettura privata;In marcia / fermata / arresto;Opel;ADAM;Conducente;1957;F;Illeso;0;;;
3629559;12;15/12/2017 17:00:00;Strada Urbana;VIALE DELL'UMANESIMO;all'intersezione semaforizzata con;VIALE DELL'OCEANO ATLANTICO;VIALE DELL'OCEANO ATLANTICO;;;Scontro frontale/laterale DX fra veicoli in marcia;Intersezione semaforizzata;Una carreggiata a doppio senso;Bagnato (pioggia);Asfaltata;Verticale ed orizzontale;Pioggia in atto;Intenso;Sufficiente;Sufficiente;0;0;0;2;;;0;1;Autovettura privata;In marcia / fermata / arresto;Hyundai;i 10;Conducente;1997;F;Illeso;0;;;
3629559;12;15/12/2017 17:00:00;Strada Urbana;VIALE DELL'UMANESIMO;all'intersezione semaforizzata con;VIALE DELL'OCEANO ATLANTICO;VIALE DELL'OCEANO ATLANTICO;;;Scontro frontale/laterale DX fra veicoli in marcia;Intersezione semaforizzata;Una carreggiata a doppio senso;Bagnato (pioggia);Asfaltata;Verticale ed orizzontale;Pioggia in atto;Intenso;Sufficiente;Sufficiente;0;0;0;2;;;0;2;Autovettura privata;In marcia / fermata / arresto;Lancia;Y;Conducente;1962;F;Illeso;0;;;
3629596;12;12/12/2017 13:30:00;Strada Urbana;VIA CRISTOFORO COLOMBO;da specificare;;;;CORSIA CENTRALE DIREZ. G.R.A. ALTEZZA V.LE G. MARC;Scontro laterale fra veicoli in marcia;Curva a visuale libera;Una carreggiata a senso unico di marcia;Asciutto;Asfaltata;Verticale ed orizzontale;Nuvoloso;Normale;Buona;Ore Diurne;0;0;0;2;12,47679;41,84494;0;1;Autovettura privata;In marcia / fermata / arresto;Mercedes;Smart Fortwo Coupè;Conducente;1971;M;Illeso;0;;Utilizzato;Inesploso
3629596;12;12/12/2017 13:30:00;Strada Urbana;VIA CRISTOFORO COLOMBO;da specificare;;;;CORSIA CENTRALE DIREZ. G.R.A. ALTEZZA V.LE G. MARC;Scontro laterale fra veicoli in marcia;Curva a visuale libera;Una carreggiata a senso unico di marcia;Asciutto;Asfaltata;Verticale ed orizzontale;Nuvoloso;Normale;Buona;Ore Diurne;0;0;0;2;12,47679;41,84494;0;2;Autovettura privata;In marcia / fermata / arresto;Ford;Focus;Conducente;1941;F;Illeso;0;;Utilizzato;Inesploso
3629601;12;22/12/2017 11:10:00;Strada Urbana;VIALE EUROPA;in corrispondenza;;del civico n.;284;;Scontro frontale/laterale SX fra veicoli in marcia;Rettilineo;Una carreggiata a doppio senso;Asciutto;Asfaltata;Verticale ed orizzontale;Sereno;Normale;Buona;Ore Diurne;1;0;0;1;12,47308;41,82948;0;1;Autovettura privata;In marcia / fermata / arresto;Toyota;Yaris;Conducente;1952;F;Illeso;0;;;
3629601;12;22/12/2017 11:10:00;Strada Urbana;VIALE EUROPA;in corrispondenza;;del civico n.;284;;Scontro frontale/laterale SX fra veicoli in marcia;Rettilineo;Una carreggiata a doppio senso;Asciutto;Asfaltata;Verticale ed orizzontale;Sereno;Normale;Buona;Ore Diurne;1;0;0;1;12,47308;41,82948;0;2;Motociclo a solo;In marcia / fermata / arresto;Honda;SH 150;Conducente;1974;M;Rimandato;0;NON DECEDUTO;;
3629607;12;12/12/2017 18:15:00;Strada Urbana;VIA CRISTOFORO COLOMBO;all'intersezione semaforizzata con;VIALE DELL'UMANESIMO;VIALE DELL'UMANESIMO;;;Tamponamento;Intersezione semaforizzata;Una carreggiata a senso unico di marcia;Asciutto;Asfaltata;Verticale ed orizzontale;Nuvoloso;Intenso;Buona;Ore Diurne;0;0;0;3;12,46425;41,8247;0;1;Motociclo con passeggero;In marcia / fermata / arresto;Suzuki;Burgman 400;Conducente;1999;M;Illeso;0;;Utilizzato;
3629607;12;12/12/2017 18:15:00;Strada Urbana;VIA CRISTOFORO COLOMBO;all'intersezione semaforizzata con;VIALE DELL'UMANESIMO;VIALE DELL'UMANESIMO;;;Tamponamento;Intersezione semaforizzata;Una carreggiata a senso unico di marcia;Asciutto;Asfaltata;Verticale ed orizzontale;Nuvoloso;Intenso;Buona;Ore Diurne;0;0;0;3;12,46425;41,8247;0;1;Motociclo con passeggero;In marcia / fermata / arresto;Suzuki;Burgman 400;Passeggero;2000;F;Illeso;0;;Utilizzato;
3629607;12;12/12/2017 18:15:00;Strada Urbana;VIA CRISTOFORO COLOMBO;all'intersezione semaforizzata con;VIALE DELL'UMANESIMO;VIALE DELL'UMANESIMO;;;Tamponamento;Intersezione semaforizzata;Una carreggiata a senso unico di marcia;Asciutto;Asfaltata;Verticale ed orizzontale;Nuvoloso;Intenso;Buona;Ore Diurne;0;0;0;3;12,46425;41,8247;0;2;Motociclo a solo;In marcia / fermata / arresto;Honda;SH 300;Conducente;1954;M;Illeso;0;;Utilizzato;
3629662;12;12/12/2017 23:40:00;Strada Urbana;VIALE ISACCO NEWTON;da specificare;;;;DIREZ. EUR ALTEZZA RAMPA AUTOSTRADA FIUMICINO;Veicolo in marcia contro ostacolo accidentale;Curva senza visuale libera;Due carreggiate;Bagnato (pioggia);Asfaltata;Verticale ed orizzontale;Pioggia in atto;Scarso;Sufficiente;Sufficiente;0;0;0;1;12,45027;41,83852;0;1;Autovettura privata;In marcia / fermata / arresto;Ford;Fiesta;Conducente;1991;M;Illeso;0;;Utilizzato;Inesploso